INSERT INTO artists (name) VALUES ('Delerium');
INSERT INTO albums (artist_id, title, year) VALUES (2, 'The Best Of', '2004-01-01');
INSERT INTO releases (album_id, description, year) VALUES (1, 'Standard CD', '2004-01-01');
INSERT INTO tracks (artist_id, album_id, release_id, number, title, length) VALUES (2, 1, 1, 1, 'Flowers Become Screens', '0:4:24');
INSERT INTO tracks (artist_id, album_id, release_id, number, title, length) VALUES (2, 1, 1, 2, 'Silence', '0:4:8');
INSERT INTO tracks (artist_id, album_id, release_id, number, title, length) VALUES (2, 1, 1, 3, 'Paris', '0:4:32');
INSERT INTO tracks (artist_id, album_id, release_id, number, title, length) VALUES (2, 1, 1, 4, 'Truly (Wise Buddah Radio Edit)', '0:3:42');
INSERT INTO tracks (artist_id, album_id, release_id, number, title, length) VALUES (2, 1, 1, 5, 'Terra Firma', '0:5:38');
INSERT INTO tracks (artist_id, album_id, release_id, number, title, length) VALUES (2, 1, 1, 6, 'Incantation', '0:3:37');
INSERT INTO tracks (artist_id, album_id, release_id, number, title, length) VALUES (2, 1, 1, 7, 'After All', '0:4:8');
INSERT INTO tracks (artist_id, album_id, release_id, number, title, length) VALUES (2, 1, 1, 8, 'Underwater (Above & Beyond''s 21st Century Remix)', '0:3:58');
INSERT INTO tracks (artist_id, album_id, release_id, number, title, length) VALUES (2, 1, 1, 9, 'Run for It', '0:4:13');
INSERT INTO tracks (artist_id, album_id, release_id, number, title, length) VALUES (2, 1, 1, 10, 'Remembrance', '0:5:45');
INSERT INTO tracks (artist_id, album_id, release_id, number, title, length) VALUES (2, 1, 1, 11, 'You & I', '0:6:19');
INSERT INTO tracks (artist_id, album_id, release_id, number, title, length) VALUES (2, 1, 1, 12, 'Innocente', '0:4:52');
INSERT INTO tracks (artist_id, album_id, release_id, number, title, length) VALUES (2, 1, 1, 13, 'Euphoria (Firefly)', '0:4:35');
INSERT INTO tracks (artist_id, album_id, release_id, number, title, length) VALUES (2, 1, 1, 14, 'Silence (Above & Beyond''s 21st Century Remix)', '0:8:50');
INSERT INTO albums (artist_id, title, year) VALUES (2, 'Remixed The Definitive Collection', '2010-01-01');
INSERT INTO releases (album_id, description, year) VALUES (2, 'Standard CD', '2010-01-01');
INSERT INTO tracks (artist_id, album_id, release_id, number, title, length) VALUES (2, 2, 2, 1, 'Dust In Gravity (Niels Van Gogh vs Dave Ramone Remix)', '0:6:12');
INSERT INTO tracks (artist_id, album_id, release_id, number, title, length) VALUES (2, 2, 2, 2, 'Silence (Niels Van Gogh vs Thomas Gold Remix)', '0:6:20');
INSERT INTO tracks (artist_id, album_id, release_id, number, title, length) VALUES (2, 2, 2, 3, 'Lost And Found (DJ Dan Club Mix)', '0:5:28');
INSERT INTO tracks (artist_id, album_id, release_id, number, title, length) VALUES (2, 2, 2, 4, 'Euphoria (Firefly) (Rabbit In The Moon''s Divine Gothic Disco Mix)', '0:7:15');
INSERT INTO tracks (artist_id, album_id, release_id, number, title, length) VALUES (2, 2, 2, 5, 'Send Me An Angel (Andy Moor Remix)', '0:7:9');
INSERT INTO tracks (artist_id, album_id, release_id, number, title, length) VALUES (2, 2, 2, 6, 'Innocente (Falling In Love) (Deep Dish Gladiator UK Edit)', '0:8:4');
INSERT INTO tracks (artist_id, album_id, release_id, number, title, length) VALUES (2, 2, 2, 7, 'Angelicus (Andy Moor Full Length Mix)', '0:7:3');
INSERT INTO tracks (artist_id, album_id, release_id, number, title, length) VALUES (2, 2, 2, 8, 'After All (Svenson & Gielen Remix)', '0:5:25');
INSERT INTO tracks (artist_id, album_id, release_id, number, title, length) VALUES (2, 2, 2, 9, 'Underwater (Above & Beyond''s 21st Century Mix)', '0:6:55');
INSERT INTO tracks (artist_id, album_id, release_id, number, title, length) VALUES (2, 2, 2, 10, 'Heaven''s Earth (Matt Darey Remix Radio Edit)', '0:3:27');
INSERT INTO tracks (artist_id, album_id, release_id, number, title, length) VALUES (2, 2, 2, 11, 'Silence (DJ Tiesto''s In Search Of Sunrise Remix)', '0:7:26');
INSERT INTO tracks (artist_id, album_id, release_id, number, title, length) VALUES (2, 2, 2, 12, 'Dust In Gravity', '0:3:59');
INSERT INTO albums (artist_id, title, year) VALUES (2, 'Karma', '1997-01-01');
INSERT INTO releases (album_id, description, year) VALUES (3, 'Standard CD', '1997-01-01');
INSERT INTO tracks (artist_id, album_id, release_id, number, title, length) VALUES (2, 3, 3, 11, '''Til the End of Time', '0:4:36');
INSERT INTO tracks (artist_id, album_id, release_id, number, title, length) VALUES (2, 3, 3, 2, 'Duende', '0:5:22');
INSERT INTO tracks (artist_id, album_id, release_id, number, title, length) VALUES (2, 3, 3, 1, 'Enchanted', '0:8:30');
INSERT INTO tracks (artist_id, album_id, release_id, number, title, length) VALUES (2, 3, 3, 7, 'Euphoria (Firefly)', '0:5:27');
INSERT INTO tracks (artist_id, album_id, release_id, number, title, length) VALUES (2, 3, 3, 5, 'Forgotten Worlds', '0:7:32');
INSERT INTO tracks (artist_id, album_id, release_id, number, title, length) VALUES (2, 3, 3, 10, 'Koran', '0:10:5');
INSERT INTO tracks (artist_id, album_id, release_id, number, title, length) VALUES (2, 3, 3, 6, 'Lamentation', '0:8:33');
INSERT INTO tracks (artist_id, album_id, release_id, number, title, length) VALUES (2, 3, 3, 8, 'Remembrance', '0:7:28');
INSERT INTO tracks (artist_id, album_id, release_id, number, title, length) VALUES (2, 3, 3, 4, 'Silence', '0:6:33');
INSERT INTO tracks (artist_id, album_id, release_id, number, title, length) VALUES (2, 3, 3, 3, 'Twilight', '0:6:7');
INSERT INTO tracks (artist_id, album_id, release_id, number, title, length) VALUES (2, 3, 3, 9, 'Wisdom', '0:4:48');
INSERT INTO albums (artist_id, title, year) VALUES (2, 'Syrophenikan', '1990-01-01');
INSERT INTO releases (album_id, description, year) VALUES (4, 'Standard CD', '1990-01-01');
INSERT INTO tracks (artist_id, album_id, release_id, number, title, length) VALUES (2, 4, 4, 1, 'Embodying', '0:5:7');
INSERT INTO tracks (artist_id, album_id, release_id, number, title, length) VALUES (2, 4, 4, 2, 'Shroud', '0:4:48');
INSERT INTO tracks (artist_id, album_id, release_id, number, title, length) VALUES (2, 4, 4, 3, 'Of the Tribe', '0:5:15');
INSERT INTO tracks (artist_id, album_id, release_id, number, title, length) VALUES (2, 4, 4, 4, 'Fallen Idols', '0:5:17');
INSERT INTO tracks (artist_id, album_id, release_id, number, title, length) VALUES (2, 4, 4, 5, 'Mythos', '0:6:22');
INSERT INTO tracks (artist_id, album_id, release_id, number, title, length) VALUES (2, 4, 4, 6, 'Prophecy', '0:5:20');
INSERT INTO tracks (artist_id, album_id, release_id, number, title, length) VALUES (2, 4, 4, 7, 'Twilight Ritual', '0:6:35');
INSERT INTO tracks (artist_id, album_id, release_id, number, title, length) VALUES (2, 4, 4, 8, 'Rising', '0:7:25');
INSERT INTO tracks (artist_id, album_id, release_id, number, title, length) VALUES (2, 4, 4, 9, 'Covert', '0:5:5');
INSERT INTO albums (artist_id, title, year) VALUES (2, 'Poem', '2000-01-01');
INSERT INTO releases (album_id, description, year) VALUES (5, 'Standard CD', '2000-01-01');
INSERT INTO tracks (artist_id, album_id, release_id, number, title, length) VALUES (2, 5, 5, 1, 'Silence (feat Sarah McLachlan)', '0:8:40');
INSERT INTO tracks (artist_id, album_id, release_id, number, title, length) VALUES (2, 5, 5, 2, 'Flowers Become Screens (feat Kristy Thirsk)', '0:7:59');
INSERT INTO tracks (artist_id, album_id, release_id, number, title, length) VALUES (2, 5, 5, 3, 'Inner Sanctum (feat Kristy Hawkshaw', '0:7:23');
INSERT INTO tracks (artist_id, album_id, release_id, number, title, length) VALUES (2, 5, 5, 4, 'Nature''s Kingdom II (feat Jenifer McLaren)', '0:5:18');
INSERT INTO tracks (artist_id, album_id, release_id, number, title, length) VALUES (2, 5, 5, 1, 'Terra Firma (Featuring Aude and Chanticleer)', '0:5:39');
INSERT INTO tracks (artist_id, album_id, release_id, number, title, length) VALUES (2, 5, 5, 2, 'Innocente (Featuring Leigh Nash)', '0:6:29');
INSERT INTO tracks (artist_id, album_id, release_id, number, title, length) VALUES (2, 5, 5, 3, 'Aria (Featuring Mediæval Bæbes)', '0:6:50');
INSERT INTO tracks (artist_id, album_id, release_id, number, title, length) VALUES (2, 5, 5, 4, 'Fallen Icons (Featuring Jennifer McLaren)', '0:6:30');
INSERT INTO tracks (artist_id, album_id, release_id, number, title, length) VALUES (2, 5, 5, 5, 'Underwater (Featuring Rani Kamal)', '0:5:21');
INSERT INTO tracks (artist_id, album_id, release_id, number, title, length) VALUES (2, 5, 5, 6, 'Myth (Featuring Joanna Stevens)', '0:6:10');
INSERT INTO tracks (artist_id, album_id, release_id, number, title, length) VALUES (2, 5, 5, 7, 'Nature''s Kingdom (Featuring Kirsty Hawkshaw)', '0:5:15');
INSERT INTO tracks (artist_id, album_id, release_id, number, title, length) VALUES (2, 5, 5, 8, 'Daylight (Featuring Matthew Sweet)', '0:5:32');
INSERT INTO tracks (artist_id, album_id, release_id, number, title, length) VALUES (2, 5, 5, 9, 'Temptation', '0:8:6');
INSERT INTO tracks (artist_id, album_id, release_id, number, title, length) VALUES (2, 5, 5, 10, 'A Poem For Byzantium (Featuring Joanna Stevens)', '0:5:53');
INSERT INTO tracks (artist_id, album_id, release_id, number, title, length) VALUES (2, 5, 5, 11, 'Amongst the Ruins', '0:10:27');
INSERT INTO albums (artist_id, title, year) VALUES (2, 'Archives Vol 1', '2002-01-01');
INSERT INTO releases (album_id, description, year) VALUES (6, 'Standard CD', '2002-01-01');
INSERT INTO tracks (artist_id, album_id, release_id, number, title, length) VALUES (2, 6, 6, 1, 'Monuments of Deceit', '0:4:16');
INSERT INTO tracks (artist_id, album_id, release_id, number, title, length) VALUES (2, 6, 6, 2, 'Inside the Chamber', '0:6:19');
INSERT INTO tracks (artist_id, album_id, release_id, number, title, length) VALUES (2, 6, 6, 3, 'Sword', '0:4:14');
INSERT INTO tracks (artist_id, album_id, release_id, number, title, length) VALUES (2, 6, 6, 4, 'New Dawn', '0:4:53');
INSERT INTO tracks (artist_id, album_id, release_id, number, title, length) VALUES (2, 6, 6, 5, 'Siege of Atrocity', '0:7:45');
INSERT INTO tracks (artist_id, album_id, release_id, number, title, length) VALUES (2, 6, 6, 6, 'Morpheus', '0:4:54');
INSERT INTO tracks (artist_id, album_id, release_id, number, title, length) VALUES (2, 6, 6, 7, 'Faith', '0:4:44');
INSERT INTO tracks (artist_id, album_id, release_id, number, title, length) VALUES (2, 6, 6, 8, 'Temple of Light', '0:5:37');
INSERT INTO tracks (artist_id, album_id, release_id, number, title, length) VALUES (2, 6, 6, 9, 'Somnolent', '0:4:34');
INSERT INTO tracks (artist_id, album_id, release_id, number, title, length) VALUES (2, 6, 6, 10, 'Allurance', '0:4:19');
INSERT INTO tracks (artist_id, album_id, release_id, number, title, length) VALUES (2, 6, 6, 11, 'Fragments of Fear', '0:3:56');
INSERT INTO tracks (artist_id, album_id, release_id, number, title, length) VALUES (2, 6, 6, 12, 'Symbolism', '0:6:40');
INSERT INTO tracks (artist_id, album_id, release_id, number, title, length) VALUES (2, 6, 6, 1, 'Embodying', '0:5:5');
INSERT INTO tracks (artist_id, album_id, release_id, number, title, length) VALUES (2, 6, 6, 2, 'Shroud', '0:4:45');
INSERT INTO tracks (artist_id, album_id, release_id, number, title, length) VALUES (2, 6, 6, 3, 'Of The Tribe', '0:5:10');
INSERT INTO tracks (artist_id, album_id, release_id, number, title, length) VALUES (2, 6, 6, 4, 'Mythos', '0:6:19');
INSERT INTO tracks (artist_id, album_id, release_id, number, title, length) VALUES (2, 6, 6, 5, 'Twilight Ritual', '0:5:18');
INSERT INTO tracks (artist_id, album_id, release_id, number, title, length) VALUES (2, 6, 6, 6, 'Bleeding', '0:8:0');
INSERT INTO tracks (artist_id, album_id, release_id, number, title, length) VALUES (2, 6, 6, 7, 'Tundra', '0:8:56');
INSERT INTO tracks (artist_id, album_id, release_id, number, title, length) VALUES (2, 6, 6, 8, 'Sphere', '0:5:53');
INSERT INTO tracks (artist_id, album_id, release_id, number, title, length) VALUES (2, 6, 6, 9, 'Embryo', '0:4:18');
INSERT INTO albums (artist_id, title, year) VALUES (2, 'Nuages du Monde', '2006-01-01');
INSERT INTO releases (album_id, description, year) VALUES (7, 'Standard CD', '2006-01-01');
INSERT INTO tracks (artist_id, album_id, release_id, number, title, length) VALUES (2, 7, 7, 1, 'Angelicus', '0:5:10');
INSERT INTO tracks (artist_id, album_id, release_id, number, title, length) VALUES (2, 7, 7, 2, 'Extollere', '0:5:32');
INSERT INTO tracks (artist_id, album_id, release_id, number, title, length) VALUES (2, 7, 7, 3, 'Way You Want It to be', '0:4:52');
INSERT INTO tracks (artist_id, album_id, release_id, number, title, length) VALUES (2, 7, 7, 4, 'Indoctrination', '0:5:26');
INSERT INTO tracks (artist_id, album_id, release_id, number, title, length) VALUES (2, 7, 7, 5, 'Self-Saboteur', '0:4:24');
INSERT INTO tracks (artist_id, album_id, release_id, number, title, length) VALUES (2, 7, 7, 6, 'Tectonic Shift', '0:7:11');
INSERT INTO tracks (artist_id, album_id, release_id, number, title, length) VALUES (2, 7, 7, 7, 'Lumenis', '0:6:45');
INSERT INTO tracks (artist_id, album_id, release_id, number, title, length) VALUES (2, 7, 7, 8, 'Fleeting Instant', '0:4:6');
INSERT INTO tracks (artist_id, album_id, release_id, number, title, length) VALUES (2, 7, 7, 9, 'Sister Sojourn Ghost', '0:4:52');
INSERT INTO tracks (artist_id, album_id, release_id, number, title, length) VALUES (2, 7, 7, 10, 'Lost and Found', '0:4:6');
INSERT INTO tracks (artist_id, album_id, release_id, number, title, length) VALUES (2, 7, 7, 11, 'Apparition', '0:5:4');
INSERT INTO albums (artist_id, title, year) VALUES (2, 'Voice (An Acoustic Collection)', '2010-01-01');
INSERT INTO releases (album_id, description, year) VALUES (8, 'Standard CD', '2010-01-01');
INSERT INTO tracks (artist_id, album_id, release_id, number, title, length) VALUES (2, 8, 8, 1, 'Send Me An Angel', '0:3:51');
INSERT INTO tracks (artist_id, album_id, release_id, number, title, length) VALUES (2, 8, 8, 2, 'Dust In Gravity (acoustic)', '0:4:1');
INSERT INTO tracks (artist_id, album_id, release_id, number, title, length) VALUES (2, 8, 8, 3, 'Too Late, Farewell', '0:3:56');
INSERT INTO tracks (artist_id, album_id, release_id, number, title, length) VALUES (2, 8, 8, 4, 'Silence (acoustic)', '0:5:4');
INSERT INTO tracks (artist_id, album_id, release_id, number, title, length) VALUES (2, 8, 8, 5, 'Innocente (acoustic)', '0:6:7');
INSERT INTO tracks (artist_id, album_id, release_id, number, title, length) VALUES (2, 8, 8, 6, 'Vienna', '0:5:7');
INSERT INTO tracks (artist_id, album_id, release_id, number, title, length) VALUES (2, 8, 8, 7, 'Lost And Found (acoustic)', '0:3:43');
INSERT INTO tracks (artist_id, album_id, release_id, number, title, length) VALUES (2, 8, 8, 8, 'Flowers Become Screens (acoustic)', '0:5:58');
INSERT INTO tracks (artist_id, album_id, release_id, number, title, length) VALUES (2, 8, 8, 9, 'Love (acoustic)', '0:3:35');
INSERT INTO tracks (artist_id, album_id, release_id, number, title, length) VALUES (2, 8, 8, 10, 'After All (acoustic)', '0:3:48');
INSERT INTO tracks (artist_id, album_id, release_id, number, title, length) VALUES (2, 8, 8, 11, 'Orbit Of Me (acoustic)', '0:4:26');
INSERT INTO tracks (artist_id, album_id, release_id, number, title, length) VALUES (2, 8, 8, 12, 'Touched (acoustic)', '0:4:6');
INSERT INTO albums (artist_id, title, year) VALUES (2, 'Semantic Spaces', '1994-01-01');
INSERT INTO releases (album_id, description, year) VALUES (9, 'Standard CD', '1994-01-01');
INSERT INTO tracks (artist_id, album_id, release_id, number, title, length) VALUES (2, 9, 9, 1, 'Flowers Become Screens', '0:7:55');
INSERT INTO tracks (artist_id, album_id, release_id, number, title, length) VALUES (2, 9, 9, 2, 'Metaphor', '0:7:47');
INSERT INTO tracks (artist_id, album_id, release_id, number, title, length) VALUES (2, 9, 9, 3, 'Resurrection', '0:9:25');
INSERT INTO tracks (artist_id, album_id, release_id, number, title, length) VALUES (2, 9, 9, 4, 'Incantation', '0:6:21');
INSERT INTO tracks (artist_id, album_id, release_id, number, title, length) VALUES (2, 9, 9, 5, 'Consensual Worlds', '0:10:7');
INSERT INTO tracks (artist_id, album_id, release_id, number, title, length) VALUES (2, 9, 9, 6, 'Metamorphosis', '0:8:26');
INSERT INTO tracks (artist_id, album_id, release_id, number, title, length) VALUES (2, 9, 9, 7, 'Flatlands', '0:7:12');
INSERT INTO tracks (artist_id, album_id, release_id, number, title, length) VALUES (2, 9, 9, 8, 'Sensorium', '0:12:6');
INSERT INTO tracks (artist_id, album_id, release_id, number, title, length) VALUES (2, 9, 9, 9, 'Gateway', '0:8:9');
INSERT INTO albums (artist_id, title, year) VALUES (2, 'Chimera', '2003-01-01');
INSERT INTO releases (album_id, description, year) VALUES (10, 'Standard CD', '2003-01-01');
INSERT INTO tracks (artist_id, album_id, release_id, number, title, length) VALUES (2, 10, 10, 1, 'Love [f Zoë Johnston]', '0:4:3');
INSERT INTO tracks (artist_id, album_id, release_id, number, title, length) VALUES (2, 10, 10, 2, 'After All [f Jaël]', '0:4:51');
INSERT INTO tracks (artist_id, album_id, release_id, number, title, length) VALUES (2, 10, 10, 3, 'Just a Dream [f Margaret Far]', '0:5:26');
INSERT INTO tracks (artist_id, album_id, release_id, number, title, length) VALUES (2, 10, 10, 4, 'Run For It [f Leigh Nash]', '0:4:35');
INSERT INTO tracks (artist_id, album_id, release_id, number, title, length) VALUES (2, 10, 10, 5, 'Truly [f Nerina Pallot]', '0:4:38');
INSERT INTO tracks (artist_id, album_id, release_id, number, title, length) VALUES (2, 10, 10, 6, 'Serenity', '0:7:20');
INSERT INTO tracks (artist_id, album_id, release_id, number, title, length) VALUES (2, 10, 10, 7, 'Touched [f Rachel Fuller]', '0:4:5');
INSERT INTO tracks (artist_id, album_id, release_id, number, title, length) VALUES (2, 10, 10, 8, 'Forever After [f Sultana]', '0:4:34');
INSERT INTO tracks (artist_id, album_id, release_id, number, title, length) VALUES (2, 10, 10, 9, 'Fallen [f Rani]', '0:3:50');
INSERT INTO tracks (artist_id, album_id, release_id, number, title, length) VALUES (2, 10, 10, 10, 'Orbit of Me [f Leigh Nash]', '0:5:23');
INSERT INTO tracks (artist_id, album_id, release_id, number, title, length) VALUES (2, 10, 10, 11, 'Magic [f Julee Cruise]', '0:4:35');
INSERT INTO tracks (artist_id, album_id, release_id, number, title, length) VALUES (2, 10, 10, 12, 'Eternal Odyssey', '0:9:46');
INSERT INTO tracks (artist_id, album_id, release_id, number, title, length) VALUES (2, 10, 10, 13, 'Returning [f Kristy Thirsk]', '0:5:14');
INSERT INTO tracks (artist_id, album_id, release_id, number, title, length) VALUES (2, 10, 10, 1, 'Stopwatch Hearts (featuring Emily Haines)', '0:4:11');
INSERT INTO tracks (artist_id, album_id, release_id, number, title, length) VALUES (2, 10, 10, 2, 'After All (Andrew Sega Remix)', '0:7:23');
INSERT INTO albums (artist_id, title, year) VALUES (2, 'Music Box Opera', '2012-01-01');
INSERT INTO releases (album_id, description, year) VALUES (11, 'Standard CD', '2012-01-01');
INSERT INTO tracks (artist_id, album_id, release_id, number, title, length) VALUES (2, 11, 11, 1, 'Consciousness Of Love [feat Stef Lang]', '0:4:38');
INSERT INTO tracks (artist_id, album_id, release_id, number, title, length) VALUES (2, 11, 11, 2, 'Monarch [feat Nadina]', '0:5:19');
INSERT INTO tracks (artist_id, album_id, release_id, number, title, length) VALUES (2, 11, 11, 3, 'Days Turn Into Nights [feat Michael Logan]', '0:6:9');
INSERT INTO tracks (artist_id, album_id, release_id, number, title, length) VALUES (2, 11, 11, 4, 'Chrysalis Heart [feat Stef Lang]', '0:3:51');
INSERT INTO tracks (artist_id, album_id, release_id, number, title, length) VALUES (2, 11, 11, 5, 'Light Your Light [feat Jaël]', '0:5:39');
INSERT INTO tracks (artist_id, album_id, release_id, number, title, length) VALUES (2, 11, 11, 6, 'Raindown', '0:5:49');
INSERT INTO tracks (artist_id, album_id, release_id, number, title, length) VALUES (2, 11, 11, 7, 'Sky (Tears From Heaven) [feat Kristy Thirsk]', '0:7:11');
INSERT INTO tracks (artist_id, album_id, release_id, number, title, length) VALUES (2, 11, 11, 8, 'Hammer [feat Leona Naess]', '0:5:34');
INSERT INTO tracks (artist_id, album_id, release_id, number, title, length) VALUES (2, 11, 11, 9, 'Awakening [feat Nadina]', '0:6:46');
INSERT INTO tracks (artist_id, album_id, release_id, number, title, length) VALUES (2, 11, 11, 10, 'Frostbite [feat Anna-Lynne Williams]', '0:6:2');
INSERT INTO tracks (artist_id, album_id, release_id, number, title, length) VALUES (2, 11, 11, 11, 'Keyless Door [feat Azure Ray]', '0:5:6');
INSERT INTO tracks (artist_id, album_id, release_id, number, title, length) VALUES (2, 11, 11, 12, 'Music Box Opera', '0:5:32');
INSERT INTO tracks (artist_id, album_id, release_id, number, title, length) VALUES (2, 11, 11, 13, 'Lock Down [feat Kristy Thirsk]', '0:4:20');
INSERT INTO tracks (artist_id, album_id, release_id, number, title, length) VALUES (2, 11, 11, 14, 'Still Kill [feat Leigh Nash]', '0:6:21');
INSERT INTO artists (name) VALUES ('Front Line Assembly');
INSERT INTO albums (artist_id, title, year) VALUES (3, 'Live', '1989-01-01');
INSERT INTO releases (album_id, description, year) VALUES (12, 'Standard CD', '1989-01-01');
INSERT INTO tracks (artist_id, album_id, release_id, number, title, length) VALUES (3, 12, 12, 9, 'Foolsgame', '0:3:33');
INSERT INTO tracks (artist_id, album_id, release_id, number, title, length) VALUES (3, 12, 12, 1, 'Intro', '0:0:25');
INSERT INTO tracks (artist_id, album_id, release_id, number, title, length) VALUES (3, 12, 12, 2, 'Turmoil', '0:4:35');
INSERT INTO tracks (artist_id, album_id, release_id, number, title, length) VALUES (3, 12, 12, 3, 'Digital Tension Dementia', '0:5:38');
INSERT INTO tracks (artist_id, album_id, release_id, number, title, length) VALUES (3, 12, 12, 4, 'Sedation', '0:3:53');
INSERT INTO tracks (artist_id, album_id, release_id, number, title, length) VALUES (3, 12, 12, 5, 'Lethal Compound', '0:7:45');
INSERT INTO tracks (artist_id, album_id, release_id, number, title, length) VALUES (3, 12, 12, 6, 'Bloodsport', '0:6:8');
INSERT INTO tracks (artist_id, album_id, release_id, number, title, length) VALUES (3, 12, 12, 7, 'Body Count', '0:4:23');
INSERT INTO tracks (artist_id, album_id, release_id, number, title, length) VALUES (3, 12, 12, 8, 'Lurid Sensation', '0:6:10');
INSERT INTO tracks (artist_id, album_id, release_id, number, title, length) VALUES (3, 12, 12, 10, 'Outro', '0:0:10');
INSERT INTO albums (artist_id, title, year) VALUES (3, 'Hard Wired', '1995-01-01');
INSERT INTO releases (album_id, description, year) VALUES (13, 'Standard CD', '1995-01-01');
INSERT INTO tracks (artist_id, album_id, release_id, number, title, length) VALUES (3, 13, 13, 1, 'Neologic Spasm', '0:5:51');
INSERT INTO tracks (artist_id, album_id, release_id, number, title, length) VALUES (3, 13, 13, 2, 'Paralyzed', '0:5:30');
INSERT INTO tracks (artist_id, album_id, release_id, number, title, length) VALUES (3, 13, 13, 3, 'Re-Birth', '0:5:19');
INSERT INTO tracks (artist_id, album_id, release_id, number, title, length) VALUES (3, 13, 13, 4, 'Circuitry', '0:5:55');
INSERT INTO tracks (artist_id, album_id, release_id, number, title, length) VALUES (3, 13, 13, 5, 'Mortal (Instrumental)', '0:5:42');
INSERT INTO tracks (artist_id, album_id, release_id, number, title, length) VALUES (3, 13, 13, 6, 'Modus Operandi', '0:5:47');
INSERT INTO tracks (artist_id, album_id, release_id, number, title, length) VALUES (3, 13, 13, 7, 'Transparent Species', '0:7:15');
INSERT INTO tracks (artist_id, album_id, release_id, number, title, length) VALUES (3, 13, 13, 8, 'Barcode', '0:6:11');
INSERT INTO tracks (artist_id, album_id, release_id, number, title, length) VALUES (3, 13, 13, 9, 'Condemned', '0:5:51');
INSERT INTO tracks (artist_id, album_id, release_id, number, title, length) VALUES (3, 13, 13, 10, 'Infra Red Combat', '0:8:49');
INSERT INTO albums (artist_id, title, year) VALUES (3, 'Angriff [Remix]', '2010-01-01');
INSERT INTO releases (album_id, description, year) VALUES (14, 'Standard CD', '2010-01-01');
INSERT INTO tracks (artist_id, album_id, release_id, number, title, length) VALUES (3, 14, 14, 1, 'Angriff [Radioactive Mix]', '0:7:30');
INSERT INTO tracks (artist_id, album_id, release_id, number, title, length) VALUES (3, 14, 14, 2, 'Attack The Masses', '0:5:25');
INSERT INTO tracks (artist_id, album_id, release_id, number, title, length) VALUES (3, 14, 14, 3, 'Angriff [Radio Edit]', '0:4:34');
INSERT INTO tracks (artist_id, album_id, release_id, number, title, length) VALUES (3, 14, 14, 4, 'Angriff [Mindless Faith Mix]', '0:5:42');
INSERT INTO tracks (artist_id, album_id, release_id, number, title, length) VALUES (3, 14, 14, 5, 'DER Angriff [Tim Skold Mix]', '0:7:42');
INSERT INTO tracks (artist_id, album_id, release_id, number, title, length) VALUES (3, 14, 14, 6, 'Freakuency', '0:7:9');
INSERT INTO tracks (artist_id, album_id, release_id, number, title, length) VALUES (3, 14, 14, 7, 'Angriff [Mind in a Box Mix]', '0:7:6');
INSERT INTO tracks (artist_id, album_id, release_id, number, title, length) VALUES (3, 14, 14, 8, 'Angriff [Project Pitchfork Mix]', '0:6:42');
INSERT INTO albums (artist_id, title, year) VALUES (3, 'Circuitry', '1995-01-01');
INSERT INTO releases (album_id, description, year) VALUES (15, 'Standard CD', '1995-01-01');
INSERT INTO tracks (artist_id, album_id, release_id, number, title, length) VALUES (3, 15, 15, 1, 'Destructive Transformation', '0:4:33');
INSERT INTO tracks (artist_id, album_id, release_id, number, title, length) VALUES (3, 15, 15, 2, 'Circuitry (Alien Mix)', '0:6:16');
INSERT INTO tracks (artist_id, album_id, release_id, number, title, length) VALUES (3, 15, 15, 3, 'Hydrogen', '0:5:10');
INSERT INTO tracks (artist_id, album_id, release_id, number, title, length) VALUES (3, 15, 15, 2, 'Circuitry (Predator Mix)', '0:7:20');
INSERT INTO tracks (artist_id, album_id, release_id, number, title, length) VALUES (3, 15, 15, 3, 'Circuitry (Remix by Biosphere, Geir Jenssen)', '0:6:37');
INSERT INTO tracks (artist_id, album_id, release_id, number, title, length) VALUES (3, 15, 15, 4, 'Epidemic', '0:6:0');
INSERT INTO tracks (artist_id, album_id, release_id, number, title, length) VALUES (3, 15, 15, 5, 'Circuitry (Complexity Remix by haujobb)', '0:7:35');
INSERT INTO albums (artist_id, title, year) VALUES (3, 'Civilization', '2004-01-01');
INSERT INTO releases (album_id, description, year) VALUES (16, 'Standard CD', '2004-01-01');
INSERT INTO tracks (artist_id, album_id, release_id, number, title, length) VALUES (3, 16, 16, 1, 'Psychosomatic', '0:5:35');
INSERT INTO tracks (artist_id, album_id, release_id, number, title, length) VALUES (3, 16, 16, 2, 'Maniacal', '0:5:14');
INSERT INTO tracks (artist_id, album_id, release_id, number, title, length) VALUES (3, 16, 16, 3, 'Fragmented', '0:5:38');
INSERT INTO tracks (artist_id, album_id, release_id, number, title, length) VALUES (3, 16, 16, 4, 'Vanished', '0:6:25');
INSERT INTO tracks (artist_id, album_id, release_id, number, title, length) VALUES (3, 16, 16, 5, 'Strategic', '0:1:52');
INSERT INTO tracks (artist_id, album_id, release_id, number, title, length) VALUES (3, 16, 16, 6, 'Civilization', '0:6:43');
INSERT INTO tracks (artist_id, album_id, release_id, number, title, length) VALUES (3, 16, 16, 7, 'Transmitter (Come Together)', '0:6:22');
INSERT INTO tracks (artist_id, album_id, release_id, number, title, length) VALUES (3, 16, 16, 8, 'Parasite', '0:6:13');
INSERT INTO tracks (artist_id, album_id, release_id, number, title, length) VALUES (3, 16, 16, 9, 'Dissident', '0:5:26');
INSERT INTO tracks (artist_id, album_id, release_id, number, title, length) VALUES (3, 16, 16, 10, 'Schicksal', '0:7:23');
INSERT INTO albums (artist_id, title, year) VALUES (3, 'Corroded Disorder', '1992-01-01');
INSERT INTO releases (album_id, description, year) VALUES (17, 'Standard CD', '1992-01-01');
INSERT INTO tracks (artist_id, album_id, release_id, number, title, length) VALUES (3, 17, 17, 1, 'Mutate', '0:5:45');
INSERT INTO tracks (artist_id, album_id, release_id, number, title, length) VALUES (3, 17, 17, 2, 'Teardown', '0:4:38');
INSERT INTO tracks (artist_id, album_id, release_id, number, title, length) VALUES (3, 17, 17, 3, 'Lurid Sensation', '0:4:1');
INSERT INTO tracks (artist_id, album_id, release_id, number, title, length) VALUES (3, 17, 17, 4, 'Right Hand of Heaven', '0:5:49');
INSERT INTO tracks (artist_id, album_id, release_id, number, title, length) VALUES (3, 17, 17, 5, 'Concussion', '0:4:13');
INSERT INTO tracks (artist_id, album_id, release_id, number, title, length) VALUES (3, 17, 17, 6, 'On the Cross', '0:5:50');
INSERT INTO tracks (artist_id, album_id, release_id, number, title, length) VALUES (3, 17, 17, 7, 'Controversy', '0:5:21');
INSERT INTO tracks (artist_id, album_id, release_id, number, title, length) VALUES (3, 17, 17, 8, 'Dark Dreams', '0:6:11');
INSERT INTO tracks (artist_id, album_id, release_id, number, title, length) VALUES (3, 17, 17, 9, 'Body Count', '0:4:17');
INSERT INTO tracks (artist_id, album_id, release_id, number, title, length) VALUES (3, 17, 17, 10, 'Obsession', '0:4:4');
INSERT INTO tracks (artist_id, album_id, release_id, number, title, length) VALUES (3, 17, 17, 11, 'Aggression', '0:5:7');
INSERT INTO tracks (artist_id, album_id, release_id, number, title, length) VALUES (3, 17, 17, 12, 'Die-Sect', '0:4:43');
INSERT INTO tracks (artist_id, album_id, release_id, number, title, length) VALUES (3, 17, 17, 13, 'The Wrack', '0:3:20');
INSERT INTO tracks (artist_id, album_id, release_id, number, title, length) VALUES (3, 17, 17, 14, 'Solitude of Confinement', '0:6:36');
INSERT INTO tracks (artist_id, album_id, release_id, number, title, length) VALUES (3, 17, 17, 15, 'Collision', '0:4:48');
INSERT INTO tracks (artist_id, album_id, release_id, number, title, length) VALUES (3, 17, 17, 16, 'Headcase Fargone', '0:4:28');
INSERT INTO albums (artist_id, title, year) VALUES (3, 'Corrosion', '1988-01-01');
INSERT INTO releases (album_id, description, year) VALUES (18, 'Standard CD', '1988-01-01');
INSERT INTO tracks (artist_id, album_id, release_id, number, title, length) VALUES (3, 18, 18, 1, 'Lurid Sensation', '0:4:5');
INSERT INTO tracks (artist_id, album_id, release_id, number, title, length) VALUES (3, 18, 18, 2, 'Right Hand Of Heaven', '0:5:46');
INSERT INTO tracks (artist_id, album_id, release_id, number, title, length) VALUES (3, 18, 18, 3, 'Concussion', '0:4:14');
INSERT INTO tracks (artist_id, album_id, release_id, number, title, length) VALUES (3, 18, 18, 4, 'On The Cross', '0:5:49');
INSERT INTO tracks (artist_id, album_id, release_id, number, title, length) VALUES (3, 18, 18, 5, 'Conflict', '0:5:54');
INSERT INTO tracks (artist_id, album_id, release_id, number, title, length) VALUES (3, 18, 18, 6, 'Controversy', '0:5:20');
INSERT INTO tracks (artist_id, album_id, release_id, number, title, length) VALUES (3, 18, 18, 7, 'Dark Dreams', '0:6:5');
INSERT INTO tracks (artist_id, album_id, release_id, number, title, length) VALUES (3, 18, 18, 8, 'Thewrack Part III - Wisdom', '0:2:0');
INSERT INTO albums (artist_id, title, year) VALUES (3, 'Epitaph', '2001-01-01');
INSERT INTO releases (album_id, description, year) VALUES (19, 'Standard CD', '2001-01-01');
INSERT INTO tracks (artist_id, album_id, release_id, number, title, length) VALUES (3, 19, 19, 1, 'Haloed', '0:4:47');
INSERT INTO tracks (artist_id, album_id, release_id, number, title, length) VALUES (3, 19, 19, 2, 'Dead Planet', '0:5:21');
INSERT INTO tracks (artist_id, album_id, release_id, number, title, length) VALUES (3, 19, 19, 3, 'Backlash', '0:5:37');
INSERT INTO tracks (artist_id, album_id, release_id, number, title, length) VALUES (3, 19, 19, 4, 'Epitaph', '0:4:19');
INSERT INTO tracks (artist_id, album_id, release_id, number, title, length) VALUES (3, 19, 19, 5, 'Everything Must Perish', '0:6:20');
INSERT INTO tracks (artist_id, album_id, release_id, number, title, length) VALUES (3, 19, 19, 6, 'Conscience', '0:5:12');
INSERT INTO tracks (artist_id, album_id, release_id, number, title, length) VALUES (3, 19, 19, 7, 'Decoy', '0:6:17');
INSERT INTO tracks (artist_id, album_id, release_id, number, title, length) VALUES (3, 19, 19, 8, 'Insolence', '0:5:46');
INSERT INTO tracks (artist_id, album_id, release_id, number, title, length) VALUES (3, 19, 19, 9, 'Krank it Up', '0:5:44');
INSERT INTO tracks (artist_id, album_id, release_id, number, title, length) VALUES (3, 19, 19, 10, 'Existance', '0:8:14');
INSERT INTO tracks (artist_id, album_id, release_id, number, title, length) VALUES (3, 19, 19, 11, 'Submerged', '0:9:2');
INSERT INTO albums (artist_id, title, year) VALUES (3, 'Everything Must Perish', '2001-01-01');
INSERT INTO releases (album_id, description, year) VALUES (20, 'Standard CD', '2001-01-01');
INSERT INTO tracks (artist_id, album_id, release_id, number, title, length) VALUES (3, 20, 20, 1, 'Everything Must Perish', '0:6:22');
INSERT INTO tracks (artist_id, album_id, release_id, number, title, length) VALUES (3, 20, 20, 2, 'Everything Must Perish [Radio Edit]', '0:4:22');
INSERT INTO tracks (artist_id, album_id, release_id, number, title, length) VALUES (3, 20, 20, 3, 'Providence', '0:9:22');
INSERT INTO albums (artist_id, title, year) VALUES (3, 'Fatalist', '1999-01-01');
INSERT INTO releases (album_id, description, year) VALUES (21, 'Standard CD', '1999-01-01');
INSERT INTO tracks (artist_id, album_id, release_id, number, title, length) VALUES (3, 21, 21, 1, 'Fatalist [Rhys Fulber Remix]', '0:5:17');
INSERT INTO tracks (artist_id, album_id, release_id, number, title, length) VALUES (3, 21, 21, 2, 'Retribution [Dioxin Mix By Front 242]', '0:5:11');
INSERT INTO tracks (artist_id, album_id, release_id, number, title, length) VALUES (3, 21, 21, 3, 'Deception', '0:6:13');
INSERT INTO tracks (artist_id, album_id, release_id, number, title, length) VALUES (3, 21, 21, 4, 'Fatalist [Aqualite Remix]', '0:6:36');
INSERT INTO tracks (artist_id, album_id, release_id, number, title, length) VALUES (3, 21, 21, 5, 'Prophecy [Haujobb Remix]', '0:5:4');
INSERT INTO tracks (artist_id, album_id, release_id, number, title, length) VALUES (3, 21, 21, 6, 'Fatalist [Tribal Techno Remix]', '0:5:25');
INSERT INTO albums (artist_id, title, year) VALUES (3, 'Gashed Senses & Crossfire', '1989-01-01');
INSERT INTO releases (album_id, description, year) VALUES (22, 'Standard CD', '1989-01-01');
INSERT INTO tracks (artist_id, album_id, release_id, number, title, length) VALUES (3, 22, 22, 1, 'No Limit', '0:4:54');
INSERT INTO tracks (artist_id, album_id, release_id, number, title, length) VALUES (3, 22, 22, 2, 'Antisocial', '0:4:33');
INSERT INTO tracks (artist_id, album_id, release_id, number, title, length) VALUES (3, 22, 22, 3, 'Hypocrisy', '0:3:49');
INSERT INTO tracks (artist_id, album_id, release_id, number, title, length) VALUES (3, 22, 22, 4, 'Shutdown', '0:5:27');
INSERT INTO tracks (artist_id, album_id, release_id, number, title, length) VALUES (3, 22, 22, 5, 'Prayer', '0:3:35');
INSERT INTO tracks (artist_id, album_id, release_id, number, title, length) VALUES (3, 22, 22, 6, 'Digital Tension Dementia', '0:4:47');
INSERT INTO tracks (artist_id, album_id, release_id, number, title, length) VALUES (3, 22, 22, 7, 'Big Money', '0:4:15');
INSERT INTO tracks (artist_id, album_id, release_id, number, title, length) VALUES (3, 22, 22, 8, 'Bloodsport', '0:5:57');
INSERT INTO tracks (artist_id, album_id, release_id, number, title, length) VALUES (3, 22, 22, 9, 'Foolsgame', '0:3:38');
INSERT INTO tracks (artist_id, album_id, release_id, number, title, length) VALUES (3, 22, 22, 10, 'Sedation', '0:3:58');
INSERT INTO albums (artist_id, title, year) VALUES (3, 'Implode', '1999-01-01');
INSERT INTO releases (album_id, description, year) VALUES (23, 'Standard CD', '1999-01-01');
INSERT INTO tracks (artist_id, album_id, release_id, number, title, length) VALUES (3, 23, 23, 1, 'Retribution', '0:5:28');
INSERT INTO tracks (artist_id, album_id, release_id, number, title, length) VALUES (3, 23, 23, 2, 'Fatalist', '0:5:43');
INSERT INTO tracks (artist_id, album_id, release_id, number, title, length) VALUES (3, 23, 23, 3, 'Prophecy', '0:6:23');
INSERT INTO tracks (artist_id, album_id, release_id, number, title, length) VALUES (3, 23, 23, 4, 'Synthetic Forms', '0:8:5');
INSERT INTO tracks (artist_id, album_id, release_id, number, title, length) VALUES (3, 23, 23, 5, 'Falling', '0:5:32');
INSERT INTO tracks (artist_id, album_id, release_id, number, title, length) VALUES (3, 23, 23, 6, 'Don''t Trust Anyone', '0:4:19');
INSERT INTO tracks (artist_id, album_id, release_id, number, title, length) VALUES (3, 23, 23, 7, 'Unknown Dreams', '0:6:1');
INSERT INTO tracks (artist_id, album_id, release_id, number, title, length) VALUES (3, 23, 23, 8, 'Torched', '0:5:59');
INSERT INTO tracks (artist_id, album_id, release_id, number, title, length) VALUES (3, 23, 23, 9, 'Machine Slave', '0:6:58');
INSERT INTO tracks (artist_id, album_id, release_id, number, title, length) VALUES (3, 23, 23, 10, 'Silent Ceremony', '0:6:10');
INSERT INTO tracks (artist_id, album_id, release_id, number, title, length) VALUES (3, 23, 23, 11, 'Stalker', '0:3:45');
INSERT INTO albums (artist_id, title, year) VALUES (3, 'Improvised Electronic Device', '2010-01-01');
INSERT INTO releases (album_id, description, year) VALUES (24, 'Standard CD', '2010-01-01');
INSERT INTO tracks (artist_id, album_id, release_id, number, title, length) VALUES (3, 24, 24, 1, 'I. E. D.', '0:6:34');
INSERT INTO tracks (artist_id, album_id, release_id, number, title, length) VALUES (3, 24, 24, 2, 'Angriff', '0:6:43');
INSERT INTO tracks (artist_id, album_id, release_id, number, title, length) VALUES (3, 24, 24, 3, 'Hostage', '0:6:57');
INSERT INTO tracks (artist_id, album_id, release_id, number, title, length) VALUES (3, 24, 24, 4, 'Release', '0:5:20');
INSERT INTO tracks (artist_id, album_id, release_id, number, title, length) VALUES (3, 24, 24, 5, 'Shifting Through The Lens', '0:3:58');
INSERT INTO tracks (artist_id, album_id, release_id, number, title, length) VALUES (3, 24, 24, 6, 'Laws of Deception', '0:5:20');
INSERT INTO tracks (artist_id, album_id, release_id, number, title, length) VALUES (3, 24, 24, 7, 'Pressure Wave', '0:4:57');
INSERT INTO tracks (artist_id, album_id, release_id, number, title, length) VALUES (3, 24, 24, 8, 'Afterlife', '0:5:57');
INSERT INTO tracks (artist_id, album_id, release_id, number, title, length) VALUES (3, 24, 24, 9, 'Stupidity', '0:4:14');
INSERT INTO tracks (artist_id, album_id, release_id, number, title, length) VALUES (3, 24, 24, 10, 'Downfall', '0:8:6');
INSERT INTO albums (artist_id, title, year) VALUES (3, 'Live Wired', '1996-01-01');
INSERT INTO releases (album_id, description, year) VALUES (25, 'Standard CD', '1996-01-01');
INSERT INTO tracks (artist_id, album_id, release_id, number, title, length) VALUES (3, 25, 25, 1, 'Gun (Live)', '0:6:26');
INSERT INTO tracks (artist_id, album_id, release_id, number, title, length) VALUES (3, 25, 25, 1, 'Mortal (Live)', '0:7:3');
INSERT INTO tracks (artist_id, album_id, release_id, number, title, length) VALUES (3, 25, 25, 2, 'Overkill (Live)', '0:5:21');
INSERT INTO tracks (artist_id, album_id, release_id, number, title, length) VALUES (3, 25, 25, 2, 'Vigilante (Live)', '0:5:51');
INSERT INTO tracks (artist_id, album_id, release_id, number, title, length) VALUES (3, 25, 25, 3, 'Circuitry (Live)', '0:7:51');
INSERT INTO tracks (artist_id, album_id, release_id, number, title, length) VALUES (3, 25, 25, 3, 'Millennium (Live)', '0:11:46');
INSERT INTO tracks (artist_id, album_id, release_id, number, title, length) VALUES (3, 25, 25, 4, 'Bio-Mechanic (Live)', '0:5:25');
INSERT INTO tracks (artist_id, album_id, release_id, number, title, length) VALUES (3, 25, 25, 4, 'Condemned (Live)', '0:6:25');
INSERT INTO tracks (artist_id, album_id, release_id, number, title, length) VALUES (3, 25, 25, 5, 'Mindphaser (Live)', '0:9:46');
INSERT INTO tracks (artist_id, album_id, release_id, number, title, length) VALUES (3, 25, 25, 5, 'Resist (Live)', '0:5:24');
INSERT INTO tracks (artist_id, album_id, release_id, number, title, length) VALUES (3, 25, 25, 6, 'Neologic Spasm (Live)', '0:6:36');
INSERT INTO tracks (artist_id, album_id, release_id, number, title, length) VALUES (3, 25, 25, 6, 'Surface Patterns (Live)', '0:6:15');
INSERT INTO tracks (artist_id, album_id, release_id, number, title, length) VALUES (3, 25, 25, 7, 'Body Count (Live)', '0:9:10');
INSERT INTO tracks (artist_id, album_id, release_id, number, title, length) VALUES (3, 25, 25, 7, 'Plasticity (Live)', '0:6:46');
INSERT INTO tracks (artist_id, album_id, release_id, number, title, length) VALUES (3, 25, 25, 8, 'Modus Operandi (Live)', '0:5:47');
INSERT INTO tracks (artist_id, album_id, release_id, number, title, length) VALUES (3, 25, 25, 9, 'Liquid Separation (Live)', '0:5:30');
INSERT INTO tracks (artist_id, album_id, release_id, number, title, length) VALUES (3, 25, 25, 18, 'Body Count', '0:7:55');
INSERT INTO tracks (artist_id, album_id, release_id, number, title, length) VALUES (3, 25, 25, 4, 'Bio Mechanic', '0:5:24');
INSERT INTO tracks (artist_id, album_id, release_id, number, title, length) VALUES (3, 25, 25, 3, 'Circuitry', '0:7:21');
INSERT INTO tracks (artist_id, album_id, release_id, number, title, length) VALUES (3, 25, 25, 9, 'Gun', '0:6:6');
INSERT INTO tracks (artist_id, album_id, release_id, number, title, length) VALUES (3, 25, 25, 5, 'Iceolate (Album Version)', '0:5:14');
INSERT INTO tracks (artist_id, album_id, release_id, number, title, length) VALUES (3, 25, 25, 16, 'Laughing Pain (Video Edit)', '0:5:21');
INSERT INTO tracks (artist_id, album_id, release_id, number, title, length) VALUES (3, 25, 25, 12, 'Liquid Separation', '0:4:50');
INSERT INTO tracks (artist_id, album_id, release_id, number, title, length) VALUES (3, 25, 25, 15, 'Millennium', '0:7:47');
INSERT INTO tracks (artist_id, album_id, release_id, number, title, length) VALUES (3, 25, 25, 8, 'Millennium (Video Edit)', '0:4:26');
INSERT INTO tracks (artist_id, album_id, release_id, number, title, length) VALUES (3, 25, 25, 17, 'Mindphaser', '0:6:39');
INSERT INTO tracks (artist_id, album_id, release_id, number, title, length) VALUES (3, 25, 25, 10, 'Modus Operandi', '0:5:27');
INSERT INTO tracks (artist_id, album_id, release_id, number, title, length) VALUES (3, 25, 25, 1, 'Mortal', '0:2:52');
INSERT INTO tracks (artist_id, album_id, release_id, number, title, length) VALUES (3, 25, 25, 14, 'Overkill', '0:5:24');
INSERT INTO tracks (artist_id, album_id, release_id, number, title, length) VALUES (3, 25, 25, 19, 'Plasticity (Video Edit)', '0:4:18');
INSERT INTO tracks (artist_id, album_id, release_id, number, title, length) VALUES (3, 25, 25, 6, 'Resist', '0:5:21');
INSERT INTO tracks (artist_id, album_id, release_id, number, title, length) VALUES (3, 25, 25, 7, 'Surface Patterns', '0:6:10');
INSERT INTO tracks (artist_id, album_id, release_id, number, title, length) VALUES (3, 25, 25, 13, 'The Blade (Technohead Edit)', '0:4:25');
INSERT INTO tracks (artist_id, album_id, release_id, number, title, length) VALUES (3, 25, 25, 2, 'Vigilante', '0:6:15');
INSERT INTO tracks (artist_id, album_id, release_id, number, title, length) VALUES (3, 25, 25, 11, 'Virus (Video Edit)', '0:4:26');
INSERT INTO albums (artist_id, title, year) VALUES (3, 'Millennium', '1994-01-01');
INSERT INTO releases (album_id, description, year) VALUES (26, 'Standard CD', '1994-01-01');
INSERT INTO tracks (artist_id, album_id, release_id, number, title, length) VALUES (3, 26, 26, 1, 'Vigilante', '0:6:28');
INSERT INTO tracks (artist_id, album_id, release_id, number, title, length) VALUES (3, 26, 26, 2, 'Millenium', '0:6:9');
INSERT INTO tracks (artist_id, album_id, release_id, number, title, length) VALUES (3, 26, 26, 3, 'Liquid Seperation', '0:5:5');
INSERT INTO tracks (artist_id, album_id, release_id, number, title, length) VALUES (3, 26, 26, 4, 'Search And Destroy', '0:6:30');
INSERT INTO tracks (artist_id, album_id, release_id, number, title, length) VALUES (3, 26, 26, 5, 'Surface Patterns', '0:5:35');
INSERT INTO tracks (artist_id, album_id, release_id, number, title, length) VALUES (3, 26, 26, 6, 'Victim Of A Criminal', '0:6:31');
INSERT INTO tracks (artist_id, album_id, release_id, number, title, length) VALUES (3, 26, 26, 7, 'Division Of Mind', '0:5:47');
INSERT INTO tracks (artist_id, album_id, release_id, number, title, length) VALUES (3, 26, 26, 8, 'This Faith', '0:6:11');
INSERT INTO tracks (artist_id, album_id, release_id, number, title, length) VALUES (3, 26, 26, 9, 'Plasma Springs', '0:6:20');
INSERT INTO tracks (artist_id, album_id, release_id, number, title, length) VALUES (3, 26, 26, 10, 'Sex Offender', '0:8:12');
INSERT INTO tracks (artist_id, album_id, release_id, number, title, length) VALUES (3, 26, 26, 1, 'Surface Patterns [Surveillance Remix]', '0:5:54');
INSERT INTO tracks (artist_id, album_id, release_id, number, title, length) VALUES (3, 26, 26, 2, 'Surface Patterns [Chemical Cauldron Remix]', '0:7:38');
INSERT INTO tracks (artist_id, album_id, release_id, number, title, length) VALUES (3, 26, 26, 3, 'Internal Combustion', '0:5:37');
INSERT INTO tracks (artist_id, album_id, release_id, number, title, length) VALUES (3, 26, 26, 4, 'Surface Patterns [Scarification Remix]', '0:4:37');
INSERT INTO tracks (artist_id, album_id, release_id, number, title, length) VALUES (3, 26, 26, 5, 'Millenium [1000 Years Of Decay Remix]', '0:6:19');
INSERT INTO tracks (artist_id, album_id, release_id, number, title, length) VALUES (3, 26, 26, 6, 'Millenium [Left In Ruins Remix]', '0:7:52');
INSERT INTO tracks (artist_id, album_id, release_id, number, title, length) VALUES (3, 26, 26, 7, 'Transtime', '0:5:58');
INSERT INTO tracks (artist_id, album_id, release_id, number, title, length) VALUES (3, 26, 26, 8, 'Millenium [Until Death Remix]', '0:4:43');
INSERT INTO albums (artist_id, title, year) VALUES (3, 'Mindphaser', '1992-01-01');
INSERT INTO releases (album_id, description, year) VALUES (27, 'Standard CD', '1992-01-01');
INSERT INTO tracks (artist_id, album_id, release_id, number, title, length) VALUES (3, 27, 27, 1, 'Mindphaser [12" Version]', '0:6:48');
INSERT INTO tracks (artist_id, album_id, release_id, number, title, length) VALUES (3, 27, 27, 2, 'Mindphaser [Edited Version]', '0:4:28');
INSERT INTO tracks (artist_id, album_id, release_id, number, title, length) VALUES (3, 27, 27, 3, 'Toxic', '0:6:4');
INSERT INTO tracks (artist_id, album_id, release_id, number, title, length) VALUES (3, 27, 27, 4, 'Mutilate', '0:5:43');
INSERT INTO albums (artist_id, title, year) VALUES (3, 'Prophecy', '1999-01-01');
INSERT INTO releases (album_id, description, year) VALUES (28, 'Standard CD', '1999-01-01');
INSERT INTO tracks (artist_id, album_id, release_id, number, title, length) VALUES (3, 28, 28, 1, 'Prophecy [Extended]', '0:6:56');
INSERT INTO tracks (artist_id, album_id, release_id, number, title, length) VALUES (3, 28, 28, 2, 'Prophecy [Radio One]', '0:4:6');
INSERT INTO tracks (artist_id, album_id, release_id, number, title, length) VALUES (3, 28, 28, 3, 'Prophecy [yk2000 Mix]', '0:7:37');
INSERT INTO tracks (artist_id, album_id, release_id, number, title, length) VALUES (3, 28, 28, 4, 'Unknown Dreams [Radio Two]', '0:3:56');
INSERT INTO tracks (artist_id, album_id, release_id, number, title, length) VALUES (3, 28, 28, 5, 'Paralysis', '0:6:15');
INSERT INTO albums (artist_id, title, year) VALUES (3, 'Shifting Through The Lens', '2010-01-01');
INSERT INTO releases (album_id, description, year) VALUES (29, 'Standard CD', '2010-01-01');
INSERT INTO tracks (artist_id, album_id, release_id, number, title, length) VALUES (3, 29, 29, 1, 'Shifting Through The Lens [Extended]', '0:6:8');
INSERT INTO tracks (artist_id, album_id, release_id, number, title, length) VALUES (3, 29, 29, 2, 'Angriff', '0:6:43');
INSERT INTO tracks (artist_id, album_id, release_id, number, title, length) VALUES (3, 29, 29, 3, 'Endless Void', '0:9:31');
INSERT INTO albums (artist_id, title, year) VALUES (3, 'Tactical Neural Implant', '1992-01-01');
INSERT INTO releases (album_id, description, year) VALUES (30, 'Standard CD', '1992-01-01');
INSERT INTO tracks (artist_id, album_id, release_id, number, title, length) VALUES (3, 30, 30, 1, 'Final Impact', '0:6:3');
INSERT INTO tracks (artist_id, album_id, release_id, number, title, length) VALUES (3, 30, 30, 2, 'The Blade', '0:5:50');
INSERT INTO tracks (artist_id, album_id, release_id, number, title, length) VALUES (3, 30, 30, 3, 'Mindphaser', '0:5:3');
INSERT INTO tracks (artist_id, album_id, release_id, number, title, length) VALUES (3, 30, 30, 4, 'Remorse', '0:5:46');
INSERT INTO tracks (artist_id, album_id, release_id, number, title, length) VALUES (3, 30, 30, 5, 'Bio-Mechanic', '0:5:26');
INSERT INTO tracks (artist_id, album_id, release_id, number, title, length) VALUES (3, 30, 30, 6, 'Outcast', '0:5:22');
INSERT INTO tracks (artist_id, album_id, release_id, number, title, length) VALUES (3, 30, 30, 7, 'Gun', '0:6:22');
INSERT INTO tracks (artist_id, album_id, release_id, number, title, length) VALUES (3, 30, 30, 8, 'Lifeline', '0:5:8');
INSERT INTO albums (artist_id, title, year) VALUES (3, 'The Initial Command', '1987-01-01');
INSERT INTO releases (album_id, description, year) VALUES (31, 'Standard CD', '1987-01-01');
INSERT INTO tracks (artist_id, album_id, release_id, number, title, length) VALUES (3, 31, 31, 1, 'Complexity', '0:7:48');
INSERT INTO tracks (artist_id, album_id, release_id, number, title, length) VALUES (3, 31, 31, 2, 'Intelligence Dream', '0:6:12');
INSERT INTO tracks (artist_id, album_id, release_id, number, title, length) VALUES (3, 31, 31, 3, 'The State', '0:6:17');
INSERT INTO tracks (artist_id, album_id, release_id, number, title, length) VALUES (3, 31, 31, 4, 'Insanity Lurks Nearby', '0:6:3');
INSERT INTO tracks (artist_id, album_id, release_id, number, title, length) VALUES (3, 31, 31, 5, 'Casualties', '0:4:46');
INSERT INTO tracks (artist_id, album_id, release_id, number, title, length) VALUES (3, 31, 31, 6, 'Ausgang Zum Himmel', '0:7:16');
INSERT INTO tracks (artist_id, album_id, release_id, number, title, length) VALUES (3, 31, 31, 7, 'Nine Times', '0:6:30');
INSERT INTO tracks (artist_id, album_id, release_id, number, title, length) VALUES (3, 31, 31, 8, 'Black March', '0:6:2');
INSERT INTO tracks (artist_id, album_id, release_id, number, title, length) VALUES (3, 31, 31, 9, 'No Control', '0:6:40');
INSERT INTO tracks (artist_id, album_id, release_id, number, title, length) VALUES (3, 31, 31, 10, 'Slaughterhouse', '0:5:12');
INSERT INTO albums (artist_id, title, year) VALUES (3, 'Artificial Soldier', '2006-01-01');
INSERT INTO releases (album_id, description, year) VALUES (32, 'Standard CD', '2006-01-01');
INSERT INTO tracks (artist_id, album_id, release_id, number, title, length) VALUES (3, 32, 32, 1, 'Unleashed', '0:5:17');
INSERT INTO tracks (artist_id, album_id, release_id, number, title, length) VALUES (3, 32, 32, 2, 'Low Life', '0:5:30');
INSERT INTO tracks (artist_id, album_id, release_id, number, title, length) VALUES (3, 32, 32, 3, 'Beneath The Rubble', '0:6:26');
INSERT INTO tracks (artist_id, album_id, release_id, number, title, length) VALUES (3, 32, 32, 4, 'Dissension', '0:6:7');
INSERT INTO tracks (artist_id, album_id, release_id, number, title, length) VALUES (3, 32, 32, 5, 'Buried Alive', '0:5:30');
INSERT INTO tracks (artist_id, album_id, release_id, number, title, length) VALUES (3, 32, 32, 6, 'Dopamine', '0:6:31');
INSERT INTO tracks (artist_id, album_id, release_id, number, title, length) VALUES (3, 32, 32, 7, 'Social Enemy', '0:5:23');
INSERT INTO tracks (artist_id, album_id, release_id, number, title, length) VALUES (3, 32, 32, 8, 'Future Fail (Featuring Jean-Luc De Meyer From Front 242, Cobalt 60 And More ...)', '0:6:11');
INSERT INTO tracks (artist_id, album_id, release_id, number, title, length) VALUES (3, 32, 32, 9, 'The Storm (Featuring Eskil Simonsson From Covenant)', '0:5:12');
INSERT INTO tracks (artist_id, album_id, release_id, number, title, length) VALUES (3, 32, 32, 10, 'Humanity (World War Three)', '0:5:25');
INSERT INTO tracks (artist_id, album_id, release_id, number, title, length) VALUES (3, 32, 32, 11, 'Fawnchopper', '0:7:34');
INSERT INTO albums (artist_id, title, year) VALUES (3, 'Caustic Grip', '1990-01-01');
INSERT INTO releases (album_id, description, year) VALUES (33, 'Standard CD', '1990-01-01');
INSERT INTO tracks (artist_id, album_id, release_id, number, title, length) VALUES (3, 33, 33, 1, 'Resist', '0:5:26');
INSERT INTO tracks (artist_id, album_id, release_id, number, title, length) VALUES (3, 33, 33, 2, 'Victim', '0:5:7');
INSERT INTO tracks (artist_id, album_id, release_id, number, title, length) VALUES (3, 33, 33, 3, 'Overkill', '0:5:25');
INSERT INTO tracks (artist_id, album_id, release_id, number, title, length) VALUES (3, 33, 33, 4, 'Forge', '0:4:22');
INSERT INTO tracks (artist_id, album_id, release_id, number, title, length) VALUES (3, 33, 33, 5, 'Provision', '0:6:11');
INSERT INTO tracks (artist_id, album_id, release_id, number, title, length) VALUES (3, 33, 33, 6, 'Force Fed', '0:4:42');
INSERT INTO tracks (artist_id, album_id, release_id, number, title, length) VALUES (3, 33, 33, 7, 'Iceolate', '0:5:16');
INSERT INTO tracks (artist_id, album_id, release_id, number, title, length) VALUES (3, 33, 33, 8, 'Threshold', '0:5:14');
INSERT INTO tracks (artist_id, album_id, release_id, number, title, length) VALUES (3, 33, 33, 9, 'Mental Distortion', '0:6:52');
INSERT INTO tracks (artist_id, album_id, release_id, number, title, length) VALUES (3, 33, 33, 10, 'The Chair', '0:3:28');
INSERT INTO albums (artist_id, title, year) VALUES (3, 'Colombian Necktie', '1998-01-01');
INSERT INTO releases (album_id, description, year) VALUES (34, 'Standard CD', '1998-01-01');
INSERT INTO tracks (artist_id, album_id, release_id, number, title, length) VALUES (3, 34, 34, 1, 'Columbian Necktie (tongue fed edit)', '0:4:52');
INSERT INTO tracks (artist_id, album_id, release_id, number, title, length) VALUES (3, 34, 34, 2, 'Deadlock', '0:7:2');
INSERT INTO tracks (artist_id, album_id, release_id, number, title, length) VALUES (3, 34, 34, 3, 'Electrocution', '0:7:50');
INSERT INTO tracks (artist_id, album_id, release_id, number, title, length) VALUES (3, 34, 34, 4, 'Columbian Necktie (GOArge mix)', '0:7:43');
INSERT INTO albums (artist_id, title, year) VALUES (3, 'Comatose', '1998-01-01');
INSERT INTO releases (album_id, description, year) VALUES (35, 'Standard CD', '1998-01-01');
INSERT INTO tracks (artist_id, album_id, release_id, number, title, length) VALUES (3, 35, 35, 1, 'Comatose (Valium 15 mg)', '0:4:35');
INSERT INTO tracks (artist_id, album_id, release_id, number, title, length) VALUES (3, 35, 35, 2, 'Comatose (Ketamin 45 mg)', '0:6:50');
INSERT INTO tracks (artist_id, album_id, release_id, number, title, length) VALUES (3, 35, 35, 3, 'Oblivion', '0:7:6');
INSERT INTO tracks (artist_id, album_id, release_id, number, title, length) VALUES (3, 35, 35, 4, 'Comatose (Prozac 75 mg)', '0:7:36');
INSERT INTO albums (artist_id, title, year) VALUES (3, 'Flavour Of The Weak', '1997-01-01');
INSERT INTO releases (album_id, description, year) VALUES (36, 'Standard CD', '1997-01-01');
INSERT INTO tracks (artist_id, album_id, release_id, number, title, length) VALUES (3, 36, 36, 1, 'Corruption', '0:8:0');
INSERT INTO tracks (artist_id, album_id, release_id, number, title, length) VALUES (3, 36, 36, 2, 'Sado-Masochist', '0:6:24');
INSERT INTO tracks (artist_id, album_id, release_id, number, title, length) VALUES (3, 36, 36, 3, 'Autoerotic', '0:6:20');
INSERT INTO tracks (artist_id, album_id, release_id, number, title, length) VALUES (3, 36, 36, 4, 'Colombian Necktie', '0:6:53');
INSERT INTO tracks (artist_id, album_id, release_id, number, title, length) VALUES (3, 36, 36, 5, 'Evil Playground', '0:8:42');
INSERT INTO tracks (artist_id, album_id, release_id, number, title, length) VALUES (3, 36, 36, 6, 'Comatose', '0:6:34');
INSERT INTO tracks (artist_id, album_id, release_id, number, title, length) VALUES (3, 36, 36, 7, 'Life=Leben', '0:6:39');
INSERT INTO tracks (artist_id, album_id, release_id, number, title, length) VALUES (3, 36, 36, 8, 'Predator', '0:7:36');
INSERT INTO tracks (artist_id, album_id, release_id, number, title, length) VALUES (3, 36, 36, 9, 'Bill In A Box', '0:3:29');
INSERT INTO albums (artist_id, title, year) VALUES (3, 'No Limit', '1989-01-01');
INSERT INTO releases (album_id, description, year) VALUES (37, 'Standard CD', '1989-01-01');
INSERT INTO tracks (artist_id, album_id, release_id, number, title, length) VALUES (3, 37, 37, 1, 'No Limit (Damaged Goods Remix)', '0:7:41');
INSERT INTO tracks (artist_id, album_id, release_id, number, title, length) VALUES (3, 37, 37, 2, 'Lethal Compound (Harmful If Swallowed Remix)', '0:11:14');
INSERT INTO tracks (artist_id, album_id, release_id, number, title, length) VALUES (3, 37, 37, 3, 'No Limit (Spontaneous Combustion Mix)', '0:5:29');
INSERT INTO albums (artist_id, title, year) VALUES (3, 'Plasticity', '1996-01-01');
INSERT INTO releases (album_id, description, year) VALUES (38, 'Standard CD', '1996-01-01');
INSERT INTO tracks (artist_id, album_id, release_id, number, title, length) VALUES (3, 38, 38, 1, 'Plasticity', '0:6:46');
INSERT INTO tracks (artist_id, album_id, release_id, number, title, length) VALUES (3, 38, 38, 2, 'Replicant', '0:5:14');
INSERT INTO tracks (artist_id, album_id, release_id, number, title, length) VALUES (3, 38, 38, 3, 'Plasticity (Haujobb "Zero" Remix)', '0:7:4');
INSERT INTO albums (artist_id, title, year) VALUES (3, 'Vanished', '2004-01-01');
INSERT INTO releases (album_id, description, year) VALUES (39, 'Standard CD', '2004-01-01');
INSERT INTO tracks (artist_id, album_id, release_id, number, title, length) VALUES (3, 39, 39, 1, 'Vanished (Illusions of Grandeur Mix)', '0:7:35');
INSERT INTO tracks (artist_id, album_id, release_id, number, title, length) VALUES (3, 39, 39, 2, 'Stürm', '0:6:8');
INSERT INTO tracks (artist_id, album_id, release_id, number, title, length) VALUES (3, 39, 39, 3, 'Disseminate', '0:7:3');
INSERT INTO tracks (artist_id, album_id, release_id, number, title, length) VALUES (3, 39, 39, 4, 'Uncivilized', '0:6:45');
INSERT INTO tracks (artist_id, album_id, release_id, number, title, length) VALUES (3, 39, 39, 5, 'Vanished (Re-entry Mix)', '0:7:8');
INSERT INTO albums (artist_id, title, year) VALUES (3, 'Virus', '1990-01-01');
INSERT INTO releases (album_id, description, year) VALUES (40, 'Standard CD', '1990-01-01');
INSERT INTO tracks (artist_id, album_id, release_id, number, title, length) VALUES (3, 40, 40, 1, 'Virus', '0:5:50');
INSERT INTO tracks (artist_id, album_id, release_id, number, title, length) VALUES (3, 40, 40, 2, 'Virus (Aggro Mix)', '0:5:37');
INSERT INTO tracks (artist_id, album_id, release_id, number, title, length) VALUES (3, 40, 40, 3, 'Resist (Dislocated Mix)', '0:5:29');
INSERT INTO albums (artist_id, title, year) VALUES (3, 'Re-Wind', '1998-01-01');
INSERT INTO releases (album_id, description, year) VALUES (41, 'Standard CD', '1998-01-01');
INSERT INTO tracks (artist_id, album_id, release_id, number, title, length) VALUES (3, 41, 41, 1, 'Predator (Cease & Destroy Mix)', '0:8:12');
INSERT INTO tracks (artist_id, album_id, release_id, number, title, length) VALUES (3, 41, 41, 2, 'Aftermath (We All Shall Perish Mix)', '0:7:27');
INSERT INTO tracks (artist_id, album_id, release_id, number, title, length) VALUES (3, 41, 41, 3, 'Electrocution (Shocker Mix)', '0:8:40');
INSERT INTO tracks (artist_id, album_id, release_id, number, title, length) VALUES (3, 41, 41, 4, 'Life (Suck It Up Mix)', '0:8:10');
INSERT INTO tracks (artist_id, album_id, release_id, number, title, length) VALUES (3, 41, 41, 5, 'Oblivion (Was It Worth It Mix)', '0:7:14');
INSERT INTO tracks (artist_id, album_id, release_id, number, title, length) VALUES (3, 41, 41, 6, 'Colombian Necktie (Loose Lips)', '0:7:34');
INSERT INTO tracks (artist_id, album_id, release_id, number, title, length) VALUES (3, 41, 41, 7, 'Comatose (ReEntry Mix)', '0:6:49');
INSERT INTO tracks (artist_id, album_id, release_id, number, title, length) VALUES (3, 41, 41, 1, 'Comatose (Grisha Mix by Front 242)', '0:5:51');
INSERT INTO tracks (artist_id, album_id, release_id, number, title, length) VALUES (3, 41, 41, 2, 'Predator (Final Mix by Collide)', '0:6:33');
INSERT INTO tracks (artist_id, album_id, release_id, number, title, length) VALUES (3, 41, 41, 3, 'Evil Playground (Chainsaw Mix by Tim Schuldt)', '0:8:2');
INSERT INTO tracks (artist_id, album_id, release_id, number, title, length) VALUES (3, 41, 41, 4, 'Life = Leben (Anderes Leben by Kalte Farben)', '0:5:54');
INSERT INTO tracks (artist_id, album_id, release_id, number, title, length) VALUES (3, 41, 41, 5, 'Comatose (v20 by Eat Static)', '0:8:5');
INSERT INTO tracks (artist_id, album_id, release_id, number, title, length) VALUES (3, 41, 41, 6, 'Colombian Necktie (Grit Your Teeth Mix by Cydonia)', '0:8:4');
INSERT INTO tracks (artist_id, album_id, release_id, number, title, length) VALUES (3, 41, 41, 7, 'Auto Erotic (Abstinence Mix by Fini Tribe)', '0:7:21');
INSERT INTO albums (artist_id, title, year) VALUES (3, 'Fallout', '2007-01-01');
INSERT INTO releases (album_id, description, year) VALUES (42, 'Standard CD', '2007-01-01');
INSERT INTO tracks (artist_id, album_id, release_id, number, title, length) VALUES (3, 42, 42, 1, 'Unleashed (Mindless Mix by Sebastian R Komor)', '0:6:16');
INSERT INTO tracks (artist_id, album_id, release_id, number, title, length) VALUES (3, 42, 42, 2, 'Buried Alive (DJ Acucrack Mix by Jason Novak)', '0:6:14');
INSERT INTO tracks (artist_id, album_id, release_id, number, title, length) VALUES (3, 42, 42, 3, 'Beneath the Rubble (Combichrist Remix)', '0:6:15');
INSERT INTO tracks (artist_id, album_id, release_id, number, title, length) VALUES (3, 42, 42, 4, 'Electric Dreams', '0:4:39');
INSERT INTO tracks (artist_id, album_id, release_id, number, title, length) VALUES (3, 42, 42, 5, 'Armageddon', '0:6:1');
INSERT INTO tracks (artist_id, album_id, release_id, number, title, length) VALUES (3, 42, 42, 6, 'Social Enemy (Anti-Social Mix by Jeremy Inkel)', '0:7:0');
INSERT INTO tracks (artist_id, album_id, release_id, number, title, length) VALUES (3, 42, 42, 7, 'Lowlife (Remix by Portion Control)', '0:4:17');
INSERT INTO tracks (artist_id, album_id, release_id, number, title, length) VALUES (3, 42, 42, 8, 'Humanity (Kearley Edit Remix by Dan Kearley)', '0:7:5');
INSERT INTO tracks (artist_id, album_id, release_id, number, title, length) VALUES (3, 42, 42, 9, 'Reprobate (Lowlife Remixed by Greg Reely)', '0:5:48');
INSERT INTO tracks (artist_id, album_id, release_id, number, title, length) VALUES (3, 42, 42, 10, 'Domination (Unleashed)', '0:4:33');
INSERT INTO tracks (artist_id, album_id, release_id, number, title, length) VALUES (3, 42, 42, 11, 'The Storm (Covenant Remix)', '0:7:4');
INSERT INTO tracks (artist_id, album_id, release_id, number, title, length) VALUES (3, 42, 42, 12, 'Unconscious', '0:5:10');
INSERT INTO albums (artist_id, title, year) VALUES (3, 'Maniacal', '2003-01-01');
INSERT INTO releases (album_id, description, year) VALUES (43, 'Standard CD', '2003-01-01');
INSERT INTO tracks (artist_id, album_id, release_id, number, title, length) VALUES (3, 43, 43, 1, 'Maniacal', '0:7:21');
INSERT INTO tracks (artist_id, album_id, release_id, number, title, length) VALUES (3, 43, 43, 2, 'Maniacal (Repercussion Mix)', '0:7:42');
INSERT INTO tracks (artist_id, album_id, release_id, number, title, length) VALUES (3, 43, 43, 3, 'Anti', '0:7:59');
INSERT INTO albums (artist_id, title, year) VALUES (3, 'The Blade', '1992-01-01');
INSERT INTO releases (album_id, description, year) VALUES (44, 'European CD', '1992-01-01');
INSERT INTO tracks (artist_id, album_id, release_id, number, title, length) VALUES (3, 44, 44, 1, 'The Blade (Technohead)', '0:6:37');
INSERT INTO tracks (artist_id, album_id, release_id, number, title, length) VALUES (3, 44, 44, 2, 'Re-animate', '0:5:46');
INSERT INTO tracks (artist_id, album_id, release_id, number, title, length) VALUES (3, 44, 44, 3, 'Target', '0:4:52');
INSERT INTO tracks (artist_id, album_id, release_id, number, title, length) VALUES (3, 44, 44, 4, 'The Blade (Worldwide Mix)', '0:6:27');
INSERT INTO tracks (artist_id, album_id, release_id, number, title, length) VALUES (3, 44, 44, 5, 'The Blade (Pro-Gress Mix)', '0:6:25');
INSERT INTO tracks (artist_id, album_id, release_id, number, title, length) VALUES (3, 44, 44, 6, 'Heatwave', '0:5:24');
INSERT INTO tracks (artist_id, album_id, release_id, number, title, length) VALUES (3, 44, 44, 7, 'Laughing Pain', '0:5:45');
INSERT INTO tracks (artist_id, album_id, release_id, number, title, length) VALUES (3, 44, 44, 8, 'The Blade (Blindfold)', '0:6:35');
INSERT INTO albums (artist_id, title, year) VALUES (3, 'Convergence', '1988-01-01');
INSERT INTO releases (album_id, description, year) VALUES (45, 'Standard CD', '1988-01-01');
INSERT INTO tracks (artist_id, album_id, release_id, number, title, length) VALUES (3, 45, 45, 1, 'Lurid Sensation', '0:3:59');
INSERT INTO tracks (artist_id, album_id, release_id, number, title, length) VALUES (3, 45, 45, 2, 'Obsession', '0:4:2');
INSERT INTO tracks (artist_id, album_id, release_id, number, title, length) VALUES (3, 45, 45, 3, 'Controversy', '0:5:19');
INSERT INTO tracks (artist_id, album_id, release_id, number, title, length) VALUES (3, 45, 45, 4, 'Right Hand Of Heaven', '0:5:49');
INSERT INTO tracks (artist_id, album_id, release_id, number, title, length) VALUES (3, 45, 45, 5, 'Conflict', '0:5:58');
INSERT INTO tracks (artist_id, album_id, release_id, number, title, length) VALUES (3, 45, 45, 6, 'Solitude Of Confinement', '0:6:35');
INSERT INTO tracks (artist_id, album_id, release_id, number, title, length) VALUES (3, 45, 45, 7, 'Body Count', '0:4:16');
INSERT INTO tracks (artist_id, album_id, release_id, number, title, length) VALUES (3, 45, 45, 8, 'Die-sect', '0:4:40');
INSERT INTO tracks (artist_id, album_id, release_id, number, title, length) VALUES (3, 45, 45, 9, 'Headcase Fargone', '0:4:29');
INSERT INTO tracks (artist_id, album_id, release_id, number, title, length) VALUES (3, 45, 45, 10, 'Collision', '0:4:46');
INSERT INTO tracks (artist_id, album_id, release_id, number, title, length) VALUES (3, 45, 45, 11, 'Concussion', '0:4:13');
INSERT INTO tracks (artist_id, album_id, release_id, number, title, length) VALUES (3, 45, 45, 12, 'On The Cross', '0:5:48');
INSERT INTO tracks (artist_id, album_id, release_id, number, title, length) VALUES (3, 45, 45, 13, 'Dark Dreams', '0:6:9');
INSERT INTO tracks (artist_id, album_id, release_id, number, title, length) VALUES (3, 45, 45, 14, 'Thewrack Part I', '0:3:20');
INSERT INTO albums (artist_id, title, year) VALUES (3, 'State of Mind', '1988-01-01');
INSERT INTO releases (album_id, description, year) VALUES (46, 'Standard CD', '1988-01-01');
INSERT INTO tracks (artist_id, album_id, release_id, number, title, length) VALUES (3, 46, 46, 1, 'Inside Out', '0:4:16');
INSERT INTO tracks (artist_id, album_id, release_id, number, title, length) VALUES (3, 46, 46, 2, 'First Reprisal', '0:5:22');
INSERT INTO tracks (artist_id, album_id, release_id, number, title, length) VALUES (3, 46, 46, 3, 'Consequence', '0:5:38');
INSERT INTO tracks (artist_id, album_id, release_id, number, title, length) VALUES (3, 46, 46, 4, 'Burnt Soul', '0:2:44');
INSERT INTO tracks (artist_id, album_id, release_id, number, title, length) VALUES (3, 46, 46, 5, 'Testimony', '0:5:27');
INSERT INTO tracks (artist_id, album_id, release_id, number, title, length) VALUES (3, 46, 46, 6, 'Landslide', '0:4:46');
INSERT INTO tracks (artist_id, album_id, release_id, number, title, length) VALUES (3, 46, 46, 7, 'Terminal Power', '0:5:50');
INSERT INTO tracks (artist_id, album_id, release_id, number, title, length) VALUES (3, 46, 46, 8, 'Malignant Fracture', '0:4:16');
INSERT INTO tracks (artist_id, album_id, release_id, number, title, length) VALUES (3, 46, 46, 9, 'Eastern Voices', '0:5:28');
INSERT INTO tracks (artist_id, album_id, release_id, number, title, length) VALUES (3, 46, 46, 10, 'Resistance', '0:4:9');
INSERT INTO tracks (artist_id, album_id, release_id, number, title, length) VALUES (3, 46, 46, 11, 'Sustain Upright', '0:5:8');
INSERT INTO tracks (artist_id, album_id, release_id, number, title, length) VALUES (3, 46, 46, 12, 'No Tomorrow', '0:4:46');
INSERT INTO tracks (artist_id, album_id, release_id, number, title, length) VALUES (3, 46, 46, 13, 'And They Shall Bow', '0:4:32');
INSERT INTO albums (artist_id, title, year) VALUES (3, 'Total Terror II', '1987-01-01');
INSERT INTO releases (album_id, description, year) VALUES (47, 'Standard CD', '1987-01-01');
INSERT INTO tracks (artist_id, album_id, release_id, number, title, length) VALUES (3, 47, 47, 1, 'Assassination', '0:5:57');
INSERT INTO tracks (artist_id, album_id, release_id, number, title, length) VALUES (3, 47, 47, 2, 'Intensive Care Unit', '0:5:4');
INSERT INTO tracks (artist_id, album_id, release_id, number, title, length) VALUES (3, 47, 47, 3, 'Immobilized', '0:4:10');
INSERT INTO tracks (artist_id, album_id, release_id, number, title, length) VALUES (3, 47, 47, 4, 'There Going to Kill Us', '0:5:52');
INSERT INTO tracks (artist_id, album_id, release_id, number, title, length) VALUES (3, 47, 47, 5, 'Stimulant Combat', '0:6:10');
INSERT INTO tracks (artist_id, album_id, release_id, number, title, length) VALUES (3, 47, 47, 6, 'Hatred by Society', '0:4:11');
INSERT INTO tracks (artist_id, album_id, release_id, number, title, length) VALUES (3, 47, 47, 7, 'Intruder', '0:5:25');
INSERT INTO tracks (artist_id, album_id, release_id, number, title, length) VALUES (3, 47, 47, 8, 'Face Puller', '0:7:3');
INSERT INTO tracks (artist_id, album_id, release_id, number, title, length) VALUES (3, 47, 47, 9, 'AEC Krunch', '0:6:21');
INSERT INTO tracks (artist_id, album_id, release_id, number, title, length) VALUES (3, 47, 47, 10, 'Cro-Magnon', '0:6:17');
INSERT INTO tracks (artist_id, album_id, release_id, number, title, length) VALUES (3, 47, 47, 11, 'Guilty', '0:2:24');
INSERT INTO tracks (artist_id, album_id, release_id, number, title, length) VALUES (3, 47, 47, 12, 'Attack Decay', '0:3:59');
INSERT INTO tracks (artist_id, album_id, release_id, number, title, length) VALUES (3, 47, 47, 13, 'The Bonening', '0:5:25');
INSERT INTO albums (artist_id, title, year) VALUES (3, 'Total Terror I', '1986-01-01');
INSERT INTO releases (album_id, description, year) VALUES (48, 'Standard CD', '1986-01-01');
INSERT INTO tracks (artist_id, album_id, release_id, number, title, length) VALUES (3, 48, 48, 1, 'Total Terror', '0:6:24');
INSERT INTO tracks (artist_id, album_id, release_id, number, title, length) VALUES (3, 48, 48, 2, 'A Decade', '0:5:1');
INSERT INTO tracks (artist_id, album_id, release_id, number, title, length) VALUES (3, 48, 48, 3, 'Rebels in Afghanistan', '0:5:14');
INSERT INTO tracks (artist_id, album_id, release_id, number, title, length) VALUES (3, 48, 48, 4, 'Developing Suicide', '0:4:42');
INSERT INTO tracks (artist_id, album_id, release_id, number, title, length) VALUES (3, 48, 48, 5, 'Black Fluid', '0:5:35');
INSERT INTO tracks (artist_id, album_id, release_id, number, title, length) VALUES (3, 48, 48, 6, 'Falling There', '0:4:28');
INSERT INTO tracks (artist_id, album_id, release_id, number, title, length) VALUES (3, 48, 48, 7, 'All You Do', '0:4:21');
INSERT INTO tracks (artist_id, album_id, release_id, number, title, length) VALUES (3, 48, 48, 8, 'Seeing Is Believing', '0:4:33');
INSERT INTO tracks (artist_id, album_id, release_id, number, title, length) VALUES (3, 48, 48, 9, 'Empty Walls', '0:4:45');
INSERT INTO tracks (artist_id, album_id, release_id, number, title, length) VALUES (3, 48, 48, 10, 'Enemy Number One', '0:4:19');
INSERT INTO tracks (artist_id, album_id, release_id, number, title, length) VALUES (3, 48, 48, 11, 'On the Cross', '0:5:52');
INSERT INTO tracks (artist_id, album_id, release_id, number, title, length) VALUES (3, 48, 48, 12, 'Freedom', '0:5:45');
INSERT INTO tracks (artist_id, album_id, release_id, number, title, length) VALUES (3, 48, 48, 13, 'Distorted Vision', '0:5:45');
INSERT INTO tracks (artist_id, album_id, release_id, number, title, length) VALUES (3, 48, 48, 14, 'Cleanser', '0:2:17');
INSERT INTO albums (artist_id, title, year) VALUES (3, 'Digital Tension Dementia', '1989-01-01');
INSERT INTO releases (album_id, description, year) VALUES (49, 'Standard CD', '1989-01-01');
INSERT INTO tracks (artist_id, album_id, release_id, number, title, length) VALUES (3, 49, 49, 1, 'Digital Tension Dementia', '0:7:13');
INSERT INTO tracks (artist_id, album_id, release_id, number, title, length) VALUES (3, 49, 49, 2, 'Vexation', '0:8:25');
INSERT INTO tracks (artist_id, album_id, release_id, number, title, length) VALUES (3, 49, 49, 3, 'Big Money (Remix)', '0:4:21');
INSERT INTO albums (artist_id, title, year) VALUES (3, 'Monument', '1998-01-01');
INSERT INTO releases (album_id, description, year) VALUES (50, 'Standard CD', '1998-01-01');
INSERT INTO tracks (artist_id, album_id, release_id, number, title, length) VALUES (3, 50, 50, 1, 'Big Money (Remix)', '0:4:22');
INSERT INTO tracks (artist_id, album_id, release_id, number, title, length) VALUES (3, 50, 50, 2, 'Vexation (Provo Mix)', '0:6:37');
INSERT INTO tracks (artist_id, album_id, release_id, number, title, length) VALUES (3, 50, 50, 3, 'Mental Distortion', '0:6:52');
INSERT INTO tracks (artist_id, album_id, release_id, number, title, length) VALUES (3, 50, 50, 4, 'Overkill (Surge Mix)', '0:6:36');
INSERT INTO tracks (artist_id, album_id, release_id, number, title, length) VALUES (3, 50, 50, 5, 'Virus (Cauterized Mix)', '0:4:51');
INSERT INTO tracks (artist_id, album_id, release_id, number, title, length) VALUES (3, 50, 50, 6, 'Resist (Dislocated Mix)', '0:5:28');
INSERT INTO tracks (artist_id, album_id, release_id, number, title, length) VALUES (3, 50, 50, 7, 'Mutilate', '0:5:44');
INSERT INTO tracks (artist_id, album_id, release_id, number, title, length) VALUES (3, 50, 50, 8, 'Transtime', '0:6:17');
INSERT INTO tracks (artist_id, album_id, release_id, number, title, length) VALUES (3, 50, 50, 9, 'Re-animate', '0:5:44');
INSERT INTO tracks (artist_id, album_id, release_id, number, title, length) VALUES (3, 50, 50, 10, 'Laughing Pain', '0:5:46');
INSERT INTO tracks (artist_id, album_id, release_id, number, title, length) VALUES (3, 50, 50, 11, 'The Blade (Worldwide Mix)', '0:6:29');
INSERT INTO tracks (artist_id, album_id, release_id, number, title, length) VALUES (3, 50, 50, 12, 'Monument feat Intermix (Lost Classic Mix)', '0:8:16');
INSERT INTO albums (artist_id, title, year) VALUES (3, 'Reclamation', '1997-01-01');
INSERT INTO releases (album_id, description, year) VALUES (51, 'Standard CD', '1997-01-01');
INSERT INTO tracks (artist_id, album_id, release_id, number, title, length) VALUES (3, 51, 51, 1, 'Digital Tension Dementia (Contagion Mix)', '0:6:37');
INSERT INTO tracks (artist_id, album_id, release_id, number, title, length) VALUES (3, 51, 51, 2, 'No Limit (Disintegration Mix)', '0:6:41');
INSERT INTO tracks (artist_id, album_id, release_id, number, title, length) VALUES (3, 51, 51, 3, 'Iceolate', '0:6:30');
INSERT INTO tracks (artist_id, album_id, release_id, number, title, length) VALUES (3, 51, 51, 4, 'Virus (Hybrid Mix)', '0:5:55');
INSERT INTO tracks (artist_id, album_id, release_id, number, title, length) VALUES (3, 51, 51, 5, 'Provision', '0:6:31');
INSERT INTO tracks (artist_id, album_id, release_id, number, title, length) VALUES (3, 51, 51, 6, 'The Blade (Pro-gress Mix)', '0:6:23');
INSERT INTO tracks (artist_id, album_id, release_id, number, title, length) VALUES (3, 51, 51, 7, 'Heatwave', '0:5:25');
INSERT INTO tracks (artist_id, album_id, release_id, number, title, length) VALUES (3, 51, 51, 8, 'Target', '0:4:48');
INSERT INTO tracks (artist_id, album_id, release_id, number, title, length) VALUES (3, 51, 51, 9, 'Toxic', '0:6:4');
INSERT INTO tracks (artist_id, album_id, release_id, number, title, length) VALUES (3, 51, 51, 10, 'Mindphaser', '0:6:44');
INSERT INTO tracks (artist_id, album_id, release_id, number, title, length) VALUES (3, 51, 51, 11, 'Millennium (Ashes to Ashes Mix)', '0:6:38');
INSERT INTO tracks (artist_id, album_id, release_id, number, title, length) VALUES (3, 51, 51, 12, 'Surface Patterns (Mission Control Mix)', '0:6:17');
INSERT INTO albums (artist_id, title, year) VALUES (3, 'AirMech', '2012-01-01');
INSERT INTO releases (album_id, description, year) VALUES (52, 'Standard CD', '2012-01-01');
INSERT INTO tracks (artist_id, album_id, release_id, number, title, length) VALUES (3, 52, 52, 1, 'AirMech', '0:4:0');
INSERT INTO tracks (artist_id, album_id, release_id, number, title, length) VALUES (3, 52, 52, 2, 'Arise', '0:5:23');
INSERT INTO tracks (artist_id, album_id, release_id, number, title, length) VALUES (3, 52, 52, 3, 'Pulse Charge', '0:6:1');
INSERT INTO tracks (artist_id, album_id, release_id, number, title, length) VALUES (3, 52, 52, 4, 'Prep For Combat', '0:7:21');
INSERT INTO tracks (artist_id, album_id, release_id, number, title, length) VALUES (3, 52, 52, 5, 'System Anomaly', '0:5:3');
INSERT INTO tracks (artist_id, album_id, release_id, number, title, length) VALUES (3, 52, 52, 6, 'Mech Killer', '0:7:8');
INSERT INTO tracks (artist_id, album_id, release_id, number, title, length) VALUES (3, 52, 52, 7, 'Everything That Was Before', '0:6:57');
INSERT INTO tracks (artist_id, album_id, release_id, number, title, length) VALUES (3, 52, 52, 8, 'Lose', '0:6:19');
INSERT INTO tracks (artist_id, album_id, release_id, number, title, length) VALUES (3, 52, 52, 9, 'Burning Skyline', '0:6:12');
INSERT INTO tracks (artist_id, album_id, release_id, number, title, length) VALUES (3, 52, 52, 10, 'Stealth Mech', '0:4:20');
INSERT INTO tracks (artist_id, album_id, release_id, number, title, length) VALUES (3, 52, 52, 11, 'Death Level', '0:6:42');
INSERT INTO tracks (artist_id, album_id, release_id, number, title, length) VALUES (3, 52, 52, 12, 'Prime Empiricism', '0:6:52');
INSERT INTO albums (artist_id, title, year) VALUES (3, 'Echogenetic', '2013-01-01');
INSERT INTO releases (album_id, description, year) VALUES (53, 'Standard CD', '2013-01-01');
INSERT INTO tracks (artist_id, album_id, release_id, number, title, length) VALUES (3, 53, 53, 1, 'Resonance', '0:2:46');
INSERT INTO tracks (artist_id, album_id, release_id, number, title, length) VALUES (3, 53, 53, 2, 'Leveled', '0:5:17');
INSERT INTO tracks (artist_id, album_id, release_id, number, title, length) VALUES (3, 53, 53, 3, 'Killing Grounds', '0:5:58');
INSERT INTO tracks (artist_id, album_id, release_id, number, title, length) VALUES (3, 53, 53, 4, 'Blood', '0:5:25');
INSERT INTO tracks (artist_id, album_id, release_id, number, title, length) VALUES (3, 53, 53, 5, 'Deadened', '0:5:48');
INSERT INTO tracks (artist_id, album_id, release_id, number, title, length) VALUES (3, 53, 53, 6, 'Ghosts', '0:4:43');
INSERT INTO tracks (artist_id, album_id, release_id, number, title, length) VALUES (3, 53, 53, 7, 'Echogenetic', '0:4:35');
INSERT INTO tracks (artist_id, album_id, release_id, number, title, length) VALUES (3, 53, 53, 8, 'Exhale', '0:5:27');
INSERT INTO tracks (artist_id, album_id, release_id, number, title, length) VALUES (3, 53, 53, 9, 'Exo', '0:7:9');
INSERT INTO tracks (artist_id, album_id, release_id, number, title, length) VALUES (3, 53, 53, 10, 'Prototype', '0:5:36');
INSERT INTO tracks (artist_id, album_id, release_id, number, title, length) VALUES (3, 53, 53, 11, 'Heartquake', '0:5:42');
INSERT INTO albums (artist_id, title, year) VALUES (3, 'Echoes', '2014-01-01');
INSERT INTO releases (album_id, description, year) VALUES (54, 'Standard CD', '2014-01-01');
INSERT INTO tracks (artist_id, album_id, release_id, number, title, length) VALUES (3, 54, 54, 1, 'Contagion', '0:5:19');
INSERT INTO tracks (artist_id, album_id, release_id, number, title, length) VALUES (3, 54, 54, 2, 'Leveled (remix by Sonic Mayhem)', '0:7:35');
INSERT INTO tracks (artist_id, album_id, release_id, number, title, length) VALUES (3, 54, 54, 3, 'Ghosts (remix by Comaduster)', '0:4:59');
INSERT INTO tracks (artist_id, album_id, release_id, number, title, length) VALUES (3, 54, 54, 4, 'Killing Grounds (remix by Rhys Fulber)', '0:6:6');
INSERT INTO tracks (artist_id, album_id, release_id, number, title, length) VALUES (3, 54, 54, 5, 'Echogenetic (remix by Youth Code)', '0:3:33');
INSERT INTO tracks (artist_id, album_id, release_id, number, title, length) VALUES (3, 54, 54, 6, 'Deadened (remix by Liebknetch)', '0:4:48');
INSERT INTO tracks (artist_id, album_id, release_id, number, title, length) VALUES (3, 54, 54, 7, 'Next War', '0:6:5');
INSERT INTO tracks (artist_id, album_id, release_id, number, title, length) VALUES (3, 54, 54, 8, 'Echogenetic (remix by Blush Response)', '0:4:27');
INSERT INTO tracks (artist_id, album_id, release_id, number, title, length) VALUES (3, 54, 54, 9, 'Exhale (remix by Henrik Bäckström)', '0:4:56');
INSERT INTO tracks (artist_id, album_id, release_id, number, title, length) VALUES (3, 54, 54, 10, 'Prototype (remix by HECQ)', '0:7:30');
INSERT INTO tracks (artist_id, album_id, release_id, number, title, length) VALUES (3, 54, 54, 11, 'Leveled (remix by Slighter)', '0:6:6');
INSERT INTO tracks (artist_id, album_id, release_id, number, title, length) VALUES (3, 54, 54, 12, 'Heartquake (remix by Techdiff)', '0:4:40');
INSERT INTO tracks (artist_id, album_id, release_id, number, title, length) VALUES (3, 54, 54, 13, 'Blood (remix by Haujobb)', '0:5:4');
INSERT INTO tracks (artist_id, album_id, release_id, number, title, length) VALUES (3, 54, 54, 14, 'Exo (We Slip Away)', '0:5:15');
INSERT INTO artists (name) VALUES ('Green River');
INSERT INTO albums (artist_id, title, year) VALUES (4, 'Come On Down', '1985-01-01');
INSERT INTO releases (album_id, description, year) VALUES (55, 'Standard CD', '1985-01-01');
INSERT INTO tracks (artist_id, album_id, release_id, number, title, length) VALUES (4, 55, 55, 1, 'Come On Down', '0:3:23');
INSERT INTO tracks (artist_id, album_id, release_id, number, title, length) VALUES (4, 55, 55, 2, 'New God', '0:4:29');
INSERT INTO tracks (artist_id, album_id, release_id, number, title, length) VALUES (4, 55, 55, 3, 'Swallow My Pride', '0:3:4');
INSERT INTO tracks (artist_id, album_id, release_id, number, title, length) VALUES (4, 55, 55, 4, 'Ride Of Your Life', '0:4:16');
INSERT INTO tracks (artist_id, album_id, release_id, number, title, length) VALUES (4, 55, 55, 5, 'Corner Of My Eye', '0:5:4');
INSERT INTO tracks (artist_id, album_id, release_id, number, title, length) VALUES (4, 55, 55, 6, 'Tunnel Of Love', '0:7:27');
INSERT INTO albums (artist_id, title, year) VALUES (4, 'Dry As A Bone / Rehab Doll', '1988-01-01');
INSERT INTO releases (album_id, description, year) VALUES (56, 'Standard CD', '1988-01-01');
INSERT INTO tracks (artist_id, album_id, release_id, number, title, length) VALUES (4, 56, 56, 1, 'This Town', '0:3:23');
INSERT INTO tracks (artist_id, album_id, release_id, number, title, length) VALUES (4, 56, 56, 2, 'P.C.C.', '0:3:44');
INSERT INTO tracks (artist_id, album_id, release_id, number, title, length) VALUES (4, 56, 56, 3, 'Ozzie', '0:3:11');
INSERT INTO tracks (artist_id, album_id, release_id, number, title, length) VALUES (4, 56, 56, 4, 'Unwind', '0:4:42');
INSERT INTO tracks (artist_id, album_id, release_id, number, title, length) VALUES (4, 56, 56, 5, 'Baby Takes', '0:4:24');
INSERT INTO tracks (artist_id, album_id, release_id, number, title, length) VALUES (4, 56, 56, 6, 'Searchin''', '0:3:58');
INSERT INTO tracks (artist_id, album_id, release_id, number, title, length) VALUES (4, 56, 56, 7, 'Ain''t Nothing To Do', '0:2:38');
INSERT INTO tracks (artist_id, album_id, release_id, number, title, length) VALUES (4, 56, 56, 8, 'Queen Bitch', '0:2:58');
INSERT INTO tracks (artist_id, album_id, release_id, number, title, length) VALUES (4, 56, 56, 9, 'Forever Means', '0:4:20');
INSERT INTO tracks (artist_id, album_id, release_id, number, title, length) VALUES (4, 56, 56, 10, 'Rehab Doll', '0:3:23');
INSERT INTO tracks (artist_id, album_id, release_id, number, title, length) VALUES (4, 56, 56, 11, 'Swallow My Pride', '0:2:59');
INSERT INTO tracks (artist_id, album_id, release_id, number, title, length) VALUES (4, 56, 56, 12, 'Together We''ll Never', '0:4:1');
INSERT INTO tracks (artist_id, album_id, release_id, number, title, length) VALUES (4, 56, 56, 13, 'Smilin'' And Dyin''', '0:3:23');
INSERT INTO tracks (artist_id, album_id, release_id, number, title, length) VALUES (4, 56, 56, 14, 'Porkfist', '0:3:13');
INSERT INTO tracks (artist_id, album_id, release_id, number, title, length) VALUES (4, 56, 56, 15, 'Take A Dive', '0:3:28');
INSERT INTO tracks (artist_id, album_id, release_id, number, title, length) VALUES (4, 56, 56, 16, 'One More Stitch', '0:3:53');
INSERT INTO artists (name) VALUES ('Gruntruck');
INSERT INTO albums (artist_id, title, year) VALUES (5, 'Push', '1992-01-01');
INSERT INTO releases (album_id, description, year) VALUES (57, 'Standard CD', '1992-01-01');
INSERT INTO tracks (artist_id, album_id, release_id, number, title, length) VALUES (5, 57, 57, 1, 'Tribe', '0:4:21');
INSERT INTO tracks (artist_id, album_id, release_id, number, title, length) VALUES (5, 57, 57, 2, 'Machine Action', '0:5:40');
INSERT INTO tracks (artist_id, album_id, release_id, number, title, length) VALUES (5, 57, 57, 3, 'Racked', '0:4:10');
INSERT INTO tracks (artist_id, album_id, release_id, number, title, length) VALUES (5, 57, 57, 4, 'Crazy Love', '0:4:54');
INSERT INTO tracks (artist_id, album_id, release_id, number, title, length) VALUES (5, 57, 57, 5, 'Above Me', '0:4:59');
INSERT INTO tracks (artist_id, album_id, release_id, number, title, length) VALUES (5, 57, 57, 6, 'Gotta Believe', '0:4:1');
INSERT INTO tracks (artist_id, album_id, release_id, number, title, length) VALUES (5, 57, 57, 7, 'Break', '0:4:41');
INSERT INTO tracks (artist_id, album_id, release_id, number, title, length) VALUES (5, 57, 57, 8, 'Slow Scorch', '0:4:59');
INSERT INTO tracks (artist_id, album_id, release_id, number, title, length) VALUES (5, 57, 57, 9, 'Follow', '0:4:38');
INSERT INTO tracks (artist_id, album_id, release_id, number, title, length) VALUES (5, 57, 57, 10, 'Body Farm', '0:3:8');
INSERT INTO tracks (artist_id, album_id, release_id, number, title, length) VALUES (5, 57, 57, 11, 'Lose', '0:5:0');
INSERT INTO tracks (artist_id, album_id, release_id, number, title, length) VALUES (5, 57, 57, 12, 'Push', '0:3:10');
INSERT INTO artists (name) VALUES ('Intermix');
INSERT INTO albums (artist_id, title, year) VALUES (6, 'Intermix', '1992-01-01');
INSERT INTO releases (album_id, description, year) VALUES (58, 'Standard CD', '1992-01-01');
INSERT INTO tracks (artist_id, album_id, release_id, number, title, length) VALUES (6, 58, 58, 1, 'Anguish', '0:6:9');
INSERT INTO tracks (artist_id, album_id, release_id, number, title, length) VALUES (6, 58, 58, 2, 's + M = y', '0:6:2');
INSERT INTO tracks (artist_id, album_id, release_id, number, title, length) VALUES (6, 58, 58, 3, 'Targeted', '0:5:57');
INSERT INTO tracks (artist_id, album_id, release_id, number, title, length) VALUES (6, 58, 58, 4, 'Requiem', '0:3:7');
INSERT INTO tracks (artist_id, album_id, release_id, number, title, length) VALUES (6, 58, 58, 5, 'Cum & Get It!', '0:5:40');
INSERT INTO tracks (artist_id, album_id, release_id, number, title, length) VALUES (6, 58, 58, 6, 'Dead Ladder', '0:5:26');
INSERT INTO tracks (artist_id, album_id, release_id, number, title, length) VALUES (6, 58, 58, 7, 'Soviet Low', '0:5:16');
INSERT INTO tracks (artist_id, album_id, release_id, number, title, length) VALUES (6, 58, 58, 8, 'Voices', '0:4:59');
INSERT INTO albums (artist_id, title, year) VALUES (6, 'Phaze Two', '1993-01-01');
INSERT INTO releases (album_id, description, year) VALUES (59, 'Standard CD', '1993-01-01');
INSERT INTO tracks (artist_id, album_id, release_id, number, title, length) VALUES (6, 59, 59, 1, 'Get Religion', '0:6:11');
INSERT INTO tracks (artist_id, album_id, release_id, number, title, length) VALUES (6, 59, 59, 2, 'Down and Out', '0:6:11');
INSERT INTO tracks (artist_id, album_id, release_id, number, title, length) VALUES (6, 59, 59, 3, 'The Process', '0:6:14');
INSERT INTO tracks (artist_id, album_id, release_id, number, title, length) VALUES (6, 59, 59, 4, 'Can You Move It', '0:5:41');
INSERT INTO tracks (artist_id, album_id, release_id, number, title, length) VALUES (6, 59, 59, 5, 'Dream On', '0:6:24');
INSERT INTO tracks (artist_id, album_id, release_id, number, title, length) VALUES (6, 59, 59, 6, 'Funky Hell', '0:6:13');
INSERT INTO tracks (artist_id, album_id, release_id, number, title, length) VALUES (6, 59, 59, 7, 'Phaze One', '0:6:4');
INSERT INTO tracks (artist_id, album_id, release_id, number, title, length) VALUES (6, 59, 59, 8, 'Truth', '0:6:28');
INSERT INTO tracks (artist_id, album_id, release_id, number, title, length) VALUES (6, 59, 59, 9, 'Corollary', '0:4:18');
INSERT INTO tracks (artist_id, album_id, release_id, number, title, length) VALUES (6, 59, 59, 10, 'Monument', '0:9:22');
INSERT INTO tracks (artist_id, album_id, release_id, number, title, length) VALUES (6, 59, 59, 11, 'Fall Out', '0:4:3');
INSERT INTO artists (name) VALUES ('KMFDM');
INSERT INTO albums (artist_id, title, year) VALUES (7, 'Angst', '1993-01-01');
INSERT INTO releases (album_id, description, year) VALUES (60, 'Standard CD', '1993-01-01');
INSERT INTO tracks (artist_id, album_id, release_id, number, title, length) VALUES (7, 60, 60, 1, 'Light', '0:6:5');
INSERT INTO tracks (artist_id, album_id, release_id, number, title, length) VALUES (7, 60, 60, 2, 'A Drug Against War', '0:3:43');
INSERT INTO tracks (artist_id, album_id, release_id, number, title, length) VALUES (7, 60, 60, 3, 'Blood (Evil-mix)', '0:5:12');
INSERT INTO tracks (artist_id, album_id, release_id, number, title, length) VALUES (7, 60, 60, 4, 'Lust', '0:4:21');
INSERT INTO tracks (artist_id, album_id, release_id, number, title, length) VALUES (7, 60, 60, 5, 'Glory', '0:3:53');
INSERT INTO tracks (artist_id, album_id, release_id, number, title, length) VALUES (7, 60, 60, 6, 'Move On', '0:5:33');
INSERT INTO tracks (artist_id, album_id, release_id, number, title, length) VALUES (7, 60, 60, 7, 'No Peace', '0:4:28');
INSERT INTO tracks (artist_id, album_id, release_id, number, title, length) VALUES (7, 60, 60, 8, 'A Hole in the Wall', '0:5:50');
INSERT INTO tracks (artist_id, album_id, release_id, number, title, length) VALUES (7, 60, 60, 9, 'Sucks', '0:3:31');
INSERT INTO tracks (artist_id, album_id, release_id, number, title, length) VALUES (7, 60, 60, 10, 'The Problem', '0:6:5');
INSERT INTO albums (artist_id, title, year) VALUES (7, 'UAIOE', '1989-01-01');
INSERT INTO releases (album_id, description, year) VALUES (61, 'Standard CD', '1989-01-01');
INSERT INTO tracks (artist_id, album_id, release_id, number, title, length) VALUES (7, 61, 61, 1, 'Murder', '0:3:25');
INSERT INTO tracks (artist_id, album_id, release_id, number, title, length) VALUES (7, 61, 61, 2, 'UAIOE', '0:3:57');
INSERT INTO tracks (artist_id, album_id, release_id, number, title, length) VALUES (7, 61, 61, 3, 'Loving Can Be An Art (Saturation Mix)', '0:4:13');
INSERT INTO tracks (artist_id, album_id, release_id, number, title, length) VALUES (7, 61, 61, 4, 'More & Faster 243', '0:2:54');
INSERT INTO tracks (artist_id, album_id, release_id, number, title, length) VALUES (7, 61, 61, 5, 'Rip The System (Duck & Cover Mix)', '0:3:20');
INSERT INTO tracks (artist_id, album_id, release_id, number, title, length) VALUES (7, 61, 61, 6, 'Thrash Up!', '0:3:16');
INSERT INTO tracks (artist_id, album_id, release_id, number, title, length) VALUES (7, 61, 61, 7, 'En Esch', '0:3:19');
INSERT INTO tracks (artist_id, album_id, release_id, number, title, length) VALUES (7, 61, 61, 8, 'Ganja Rock', '0:5:4');
INSERT INTO tracks (artist_id, album_id, release_id, number, title, length) VALUES (7, 61, 61, 9, 'Thumb Thumb', '0:3:55');
INSERT INTO albums (artist_id, title, year) VALUES (7, 'What Do You Know, Deutschland', '1987-01-01');
INSERT INTO releases (album_id, description, year) VALUES (62, 'Standard CD', '1987-01-01');
INSERT INTO tracks (artist_id, album_id, release_id, number, title, length) VALUES (7, 62, 62, 1, 'Kickin'' ass', '0:4:8');
INSERT INTO tracks (artist_id, album_id, release_id, number, title, length) VALUES (7, 62, 62, 2, 'Me I Funk', '0:8:24');
INSERT INTO tracks (artist_id, album_id, release_id, number, title, length) VALUES (7, 62, 62, 3, 'What Do You Know', '0:5:36');
INSERT INTO tracks (artist_id, album_id, release_id, number, title, length) VALUES (7, 62, 62, 4, 'Zip', '0:5:11');
INSERT INTO tracks (artist_id, album_id, release_id, number, title, length) VALUES (7, 62, 62, 5, 'Conillon', '0:5:58');
INSERT INTO tracks (artist_id, album_id, release_id, number, title, length) VALUES (7, 62, 62, 6, 'Itchy Bitchy', '0:3:37');
INSERT INTO tracks (artist_id, album_id, release_id, number, title, length) VALUES (7, 62, 62, 7, 'Deutsche Schuld', '0:4:48');
INSERT INTO tracks (artist_id, album_id, release_id, number, title, length) VALUES (7, 62, 62, 8, 'Sieg Sieg', '0:5:36');
INSERT INTO tracks (artist_id, album_id, release_id, number, title, length) VALUES (7, 62, 62, 9, 'Positiv', '0:3:31');
INSERT INTO tracks (artist_id, album_id, release_id, number, title, length) VALUES (7, 62, 62, 10, 'Lufthans', '0:4:48');
INSERT INTO tracks (artist_id, album_id, release_id, number, title, length) VALUES (7, 62, 62, 11, 'Itchy Bitchy (Dance Version)', '0:3:58');
INSERT INTO tracks (artist_id, album_id, release_id, number, title, length) VALUES (7, 62, 62, 12, 'The Unrestrained Use Of Excessive Force', '0:7:14');
INSERT INTO albums (artist_id, title, year) VALUES (7, 'Money', '1992-01-01');
INSERT INTO releases (album_id, description, year) VALUES (63, 'Standard CD', '1992-01-01');
INSERT INTO tracks (artist_id, album_id, release_id, number, title, length) VALUES (7, 63, 63, 1, 'Money', '0:5:30');
INSERT INTO tracks (artist_id, album_id, release_id, number, title, length) VALUES (7, 63, 63, 2, 'Vogue', '0:4:6');
INSERT INTO tracks (artist_id, album_id, release_id, number, title, length) VALUES (7, 63, 63, 3, 'Help Us, Save Us, Take Us Away', '0:6:3');
INSERT INTO tracks (artist_id, album_id, release_id, number, title, length) VALUES (7, 63, 63, 4, 'Bargeld', '0:7:15');
INSERT INTO tracks (artist_id, album_id, release_id, number, title, length) VALUES (7, 63, 63, 5, 'Spiritual House', '0:5:22');
INSERT INTO tracks (artist_id, album_id, release_id, number, title, length) VALUES (7, 63, 63, 6, 'Sex On the Flag (jezebeelzebutt funk mix)', '0:4:25');
INSERT INTO tracks (artist_id, album_id, release_id, number, title, length) VALUES (7, 63, 63, 7, 'I Will Pray', '0:6:0');
INSERT INTO tracks (artist_id, album_id, release_id, number, title, length) VALUES (7, 63, 63, 8, 'We Must Awaken', '0:5:2');
INSERT INTO tracks (artist_id, album_id, release_id, number, title, length) VALUES (7, 63, 63, 9, 'Under Satan (Dub)', '0:4:14');
INSERT INTO tracks (artist_id, album_id, release_id, number, title, length) VALUES (7, 63, 63, 10, 'Vogue (2000)', '0:3:0');
INSERT INTO tracks (artist_id, album_id, release_id, number, title, length) VALUES (7, 63, 63, 11, 'Money (Deutschmark mix)', '0:3:38');
INSERT INTO artists (name) VALUES ('L7');
INSERT INTO albums (artist_id, title, year) VALUES (8, 'Hungry For Stink', '1994-01-01');
INSERT INTO releases (album_id, description, year) VALUES (64, 'Standard CD', '1994-01-01');
INSERT INTO tracks (artist_id, album_id, release_id, number, title, length) VALUES (8, 64, 64, 1, 'Andres', '0:3:3');
INSERT INTO tracks (artist_id, album_id, release_id, number, title, length) VALUES (8, 64, 64, 2, 'Baggage', '0:3:18');
INSERT INTO tracks (artist_id, album_id, release_id, number, title, length) VALUES (8, 64, 64, 3, 'Can I Run', '0:3:54');
INSERT INTO tracks (artist_id, album_id, release_id, number, title, length) VALUES (8, 64, 64, 4, 'The Bomb', '0:2:39');
INSERT INTO tracks (artist_id, album_id, release_id, number, title, length) VALUES (8, 64, 64, 5, 'Questioning My Sanity', '0:3:42');
INSERT INTO tracks (artist_id, album_id, release_id, number, title, length) VALUES (8, 64, 64, 6, 'Riding With A Movie Star', '0:3:19');
INSERT INTO tracks (artist_id, album_id, release_id, number, title, length) VALUES (8, 64, 64, 7, 'Stuck Here Again', '0:4:58');
INSERT INTO tracks (artist_id, album_id, release_id, number, title, length) VALUES (8, 64, 64, 8, 'Fuel My Fire', '0:3:46');
INSERT INTO tracks (artist_id, album_id, release_id, number, title, length) VALUES (8, 64, 64, 9, 'Freak Magnet', '0:3:14');
INSERT INTO tracks (artist_id, album_id, release_id, number, title, length) VALUES (8, 64, 64, 10, 'She Has Eyes', '0:3:16');
INSERT INTO tracks (artist_id, album_id, release_id, number, title, length) VALUES (8, 64, 64, 11, 'Shirley', '0:3:9');
INSERT INTO tracks (artist_id, album_id, release_id, number, title, length) VALUES (8, 64, 64, 12, 'Talk Box', '0:6:16');
INSERT INTO albums (artist_id, title, year) VALUES (8, 'Bricks Are Heavy', '1992-01-01');
INSERT INTO releases (album_id, description, year) VALUES (65, 'Standard CD', '1992-01-01');
INSERT INTO tracks (artist_id, album_id, release_id, number, title, length) VALUES (8, 65, 65, 1, 'Wargasm', '0:2:42');
INSERT INTO tracks (artist_id, album_id, release_id, number, title, length) VALUES (8, 65, 65, 2, 'Scrap', '0:2:54');
INSERT INTO tracks (artist_id, album_id, release_id, number, title, length) VALUES (8, 65, 65, 3, 'Pretend We''re Dead', '0:3:55');
INSERT INTO tracks (artist_id, album_id, release_id, number, title, length) VALUES (8, 65, 65, 4, 'Diet Pill', '0:4:22');
INSERT INTO tracks (artist_id, album_id, release_id, number, title, length) VALUES (8, 65, 65, 5, 'Everglade', '0:3:16');
INSERT INTO tracks (artist_id, album_id, release_id, number, title, length) VALUES (8, 65, 65, 6, 'Slide', '0:3:38');
INSERT INTO tracks (artist_id, album_id, release_id, number, title, length) VALUES (8, 65, 65, 7, 'One More Thing', '0:4:9');
INSERT INTO tracks (artist_id, album_id, release_id, number, title, length) VALUES (8, 65, 65, 8, 'Mr. Integrity', '0:4:8');
INSERT INTO tracks (artist_id, album_id, release_id, number, title, length) VALUES (8, 65, 65, 9, 'Monster', '0:2:56');
INSERT INTO tracks (artist_id, album_id, release_id, number, title, length) VALUES (8, 65, 65, 10, 'Shitlist', '0:2:55');
INSERT INTO tracks (artist_id, album_id, release_id, number, title, length) VALUES (8, 65, 65, 11, 'This Ain''t Pleasure', '0:2:43');
INSERT INTO artists (name) VALUES ('Lab Report');
INSERT INTO albums (artist_id, title, year) VALUES (9, 'Figure X-71', '1991-01-01');
INSERT INTO releases (album_id, description, year) VALUES (66, 'Standard CD', '1991-01-01');
INSERT INTO tracks (artist_id, album_id, release_id, number, title, length) VALUES (9, 66, 66, 1, 'Follow You Home', '0:7:16');
INSERT INTO tracks (artist_id, album_id, release_id, number, title, length) VALUES (9, 66, 66, 2, 'Figure P-27', '0:10:36');
INSERT INTO tracks (artist_id, album_id, release_id, number, title, length) VALUES (9, 66, 66, 3, 'Figure P-26', '0:4:20');
INSERT INTO tracks (artist_id, album_id, release_id, number, title, length) VALUES (9, 66, 66, 4, 'Image Before Jealousy', '0:5:33');
INSERT INTO tracks (artist_id, album_id, release_id, number, title, length) VALUES (9, 66, 66, 5, 'Figure Q-42', '0:3:17');
INSERT INTO tracks (artist_id, album_id, release_id, number, title, length) VALUES (9, 66, 66, 6, 'For Mother', '0:3:18');
INSERT INTO tracks (artist_id, album_id, release_id, number, title, length) VALUES (9, 66, 66, 7, 'Good God', '0:10:16');
INSERT INTO tracks (artist_id, album_id, release_id, number, title, length) VALUES (9, 66, 66, 8, 'Relentless', '0:9:58');
INSERT INTO tracks (artist_id, album_id, release_id, number, title, length) VALUES (9, 66, 66, 9, 'Figure Y-15', '0:13:45');
INSERT INTO albums (artist_id, title, year) VALUES (9, 'Unhealthy', '1993-01-01');
INSERT INTO releases (album_id, description, year) VALUES (67, 'Standard CD', '1993-01-01');
INSERT INTO tracks (artist_id, album_id, release_id, number, title, length) VALUES (9, 67, 67, 1, 'Open Your Mind', '0:7:6');
INSERT INTO tracks (artist_id, album_id, release_id, number, title, length) VALUES (9, 67, 67, 2, 'Rant', '0:5:56');
INSERT INTO tracks (artist_id, album_id, release_id, number, title, length) VALUES (9, 67, 67, 3, 'Rave', '0:4:35');
INSERT INTO tracks (artist_id, album_id, release_id, number, title, length) VALUES (9, 67, 67, 4, 'Fig. II-22', '0:4:22');
INSERT INTO tracks (artist_id, album_id, release_id, number, title, length) VALUES (9, 67, 67, 5, 'Signal to Signal', '0:4:28');
INSERT INTO tracks (artist_id, album_id, release_id, number, title, length) VALUES (9, 67, 67, 6, 'Walk in Blood', '0:6:29');
INSERT INTO tracks (artist_id, album_id, release_id, number, title, length) VALUES (9, 67, 67, 7, 'Fig. XIX-1', '0:6:7');
INSERT INTO tracks (artist_id, album_id, release_id, number, title, length) VALUES (9, 67, 67, 8, 'Fig. VII-43', '0:4:30');
INSERT INTO artists (name) VALUES ('Lacuna Coil');
INSERT INTO albums (artist_id, title, year) VALUES (10, 'Karmacode', '2006-01-01');
INSERT INTO releases (album_id, description, year) VALUES (68, 'Standard CD', '2006-01-01');
INSERT INTO tracks (artist_id, album_id, release_id, number, title, length) VALUES (10, 68, 68, 1, 'Fragile', '0:4:26');
INSERT INTO tracks (artist_id, album_id, release_id, number, title, length) VALUES (10, 68, 68, 2, 'To the Edge', '0:3:21');
INSERT INTO tracks (artist_id, album_id, release_id, number, title, length) VALUES (10, 68, 68, 3, 'Our Truth', '0:4:3');
INSERT INTO tracks (artist_id, album_id, release_id, number, title, length) VALUES (10, 68, 68, 4, 'Within me', '0:3:38');
INSERT INTO tracks (artist_id, album_id, release_id, number, title, length) VALUES (10, 68, 68, 5, 'Devoted', '0:3:52');
INSERT INTO tracks (artist_id, album_id, release_id, number, title, length) VALUES (10, 68, 68, 6, 'You Create', '0:1:32');
INSERT INTO tracks (artist_id, album_id, release_id, number, title, length) VALUES (10, 68, 68, 7, 'What I See', '0:3:41');
INSERT INTO tracks (artist_id, album_id, release_id, number, title, length) VALUES (10, 68, 68, 8, 'Fragments of Faith', '0:4:10');
INSERT INTO tracks (artist_id, album_id, release_id, number, title, length) VALUES (10, 68, 68, 9, 'Closer', '0:3:1');
INSERT INTO tracks (artist_id, album_id, release_id, number, title, length) VALUES (10, 68, 68, 10, 'In Visible Light', '0:3:59');
INSERT INTO tracks (artist_id, album_id, release_id, number, title, length) VALUES (10, 68, 68, 11, 'The Game', '0:3:32');
INSERT INTO tracks (artist_id, album_id, release_id, number, title, length) VALUES (10, 68, 68, 12, 'Without Fear', '0:3:59');
INSERT INTO tracks (artist_id, album_id, release_id, number, title, length) VALUES (10, 68, 68, 13, 'Enjoy the Silence', '0:4:5');
INSERT INTO albums (artist_id, title, year) VALUES (10, 'Our Truth', '2006-01-01');
INSERT INTO releases (album_id, description, year) VALUES (69, 'Standard CD', '2006-01-01');
INSERT INTO tracks (artist_id, album_id, release_id, number, title, length) VALUES (10, 69, 69, 1, 'Our Truth (Radio Edit)', '0:3:26');
INSERT INTO tracks (artist_id, album_id, release_id, number, title, length) VALUES (10, 69, 69, 2, 'Unspoken (Studio Acoustic Version)', '0:3:38');
INSERT INTO artists (name) VALUES ('Leftöver Crack');
INSERT INTO albums (artist_id, title, year) VALUES (11, 'Fuck World Trade', '2004-01-01');
INSERT INTO releases (album_id, description, year) VALUES (70, 'Standard CD', '2004-01-01');
INSERT INTO tracks (artist_id, album_id, release_id, number, title, length) VALUES (11, 70, 70, 1, 'Clear Channel (Fuck Off!)', '0:4:14');
INSERT INTO tracks (artist_id, album_id, release_id, number, title, length) VALUES (11, 70, 70, 2, 'Life is Pain', '0:4:37');
INSERT INTO tracks (artist_id, album_id, release_id, number, title, length) VALUES (11, 70, 70, 3, 'Burn Them Prisons', '0:3:15');
INSERT INTO tracks (artist_id, album_id, release_id, number, title, length) VALUES (11, 70, 70, 4, 'Gang Control', '0:2:42');
INSERT INTO tracks (artist_id, album_id, release_id, number, title, length) VALUES (11, 70, 70, 5, 'Super Tuesday', '0:4:0');
INSERT INTO tracks (artist_id, album_id, release_id, number, title, length) VALUES (11, 70, 70, 6, 'Via Sin Dios', '0:2:14');
INSERT INTO tracks (artist_id, album_id, release_id, number, title, length) VALUES (11, 70, 70, 7, 'Feed the Children (Books of Lies)', '0:3:21');
INSERT INTO tracks (artist_id, album_id, release_id, number, title, length) VALUES (11, 70, 70, 8, 'One Dead Cop', '0:3:39');
INSERT INTO tracks (artist_id, album_id, release_id, number, title, length) VALUES (11, 70, 70, 9, 'Ya Can''t go Home', '0:3:14');
INSERT INTO tracks (artist_id, album_id, release_id, number, title, length) VALUES (11, 70, 70, 10, 'Rock the 40 oz.', '0:2:28');
INSERT INTO tracks (artist_id, album_id, release_id, number, title, length) VALUES (11, 70, 70, 11, 'Soon We''ll be Dead', '0:5:35');
INSERT INTO tracks (artist_id, album_id, release_id, number, title, length) VALUES (11, 70, 70, 12, 'Gringos Son Puercos Feos', '0:3:8');
INSERT INTO tracks (artist_id, album_id, release_id, number, title, length) VALUES (11, 70, 70, 13, 'Operation: M.O.V.E.', '0:10:25');
INSERT INTO albums (artist_id, title, year) VALUES (11, 'Mediocre Generica', '2001-01-01');
INSERT INTO releases (album_id, description, year) VALUES (71, 'Standard CD', '2001-01-01');
INSERT INTO tracks (artist_id, album_id, release_id, number, title, length) VALUES (11, 71, 71, 1, 'Homeo-apathy', '0:2:22');
INSERT INTO tracks (artist_id, album_id, release_id, number, title, length) VALUES (11, 71, 71, 2, 'Nazi White Trash', '0:2:59');
INSERT INTO tracks (artist_id, album_id, release_id, number, title, length) VALUES (11, 71, 71, 3, 'Atheist Anthem', '0:3:18');
INSERT INTO tracks (artist_id, album_id, release_id, number, title, length) VALUES (11, 71, 71, 4, 'the Good, the Bad & the Leftover Crack', '0:2:28');
INSERT INTO tracks (artist_id, album_id, release_id, number, title, length) VALUES (11, 71, 71, 5, 'Gay Rude Boys Unite', '0:2:39');
INSERT INTO tracks (artist_id, album_id, release_id, number, title, length) VALUES (11, 71, 71, 6, 'NC', '0:0:58');
INSERT INTO tracks (artist_id, album_id, release_id, number, title, length) VALUES (11, 71, 71, 7, 'interlude', '0:1:24');
INSERT INTO tracks (artist_id, album_id, release_id, number, title, length) VALUES (11, 71, 71, 8, 'Stop the Insanity', '0:3:0');
INSERT INTO tracks (artist_id, album_id, release_id, number, title, length) VALUES (11, 71, 71, 9, 'Crack City Rockers', '0:2:30');
INSERT INTO tracks (artist_id, album_id, release_id, number, title, length) VALUES (11, 71, 71, 10, 'Burning in Water', '0:2:5');
INSERT INTO tracks (artist_id, album_id, release_id, number, title, length) VALUES (11, 71, 71, 11, 'With the Sickness', '0:1:11');
INSERT INTO tracks (artist_id, album_id, release_id, number, title, length) VALUES (11, 71, 71, 12, 'Born to Die', '0:4:41');
INSERT INTO tracks (artist_id, album_id, release_id, number, title, length) VALUES (11, 71, 71, 13, '<UNTITLED>', '0:3:27');
INSERT INTO artists (name) VALUES ('Lou Reed');
INSERT INTO albums (artist_id, title, year) VALUES (12, 'Metal Machine Music', '1975-01-01');
INSERT INTO releases (album_id, description, year) VALUES (72, 'Standard CD', '1975-01-01');
INSERT INTO tracks (artist_id, album_id, release_id, number, title, length) VALUES (12, 72, 72, 1, 'Metal Machine Music, Part I', '0:16:10');
INSERT INTO tracks (artist_id, album_id, release_id, number, title, length) VALUES (12, 72, 72, 2, 'Metal Machine Music, Part II', '0:15:53');
INSERT INTO tracks (artist_id, album_id, release_id, number, title, length) VALUES (12, 72, 72, 3, 'Metal Machine Music, Part III', '0:16:13');
INSERT INTO tracks (artist_id, album_id, release_id, number, title, length) VALUES (12, 72, 72, 4, 'Metal Machine Music, Part IV', '0:15:55');
INSERT INTO artists (name) VALUES ('Magrudergrind');
INSERT INTO albums (artist_id, title, year) VALUES (13, 'Magrudergrind', '2009-01-01');
INSERT INTO releases (album_id, description, year) VALUES (73, 'Standard CD', '2009-01-01');
INSERT INTO tracks (artist_id, album_id, release_id, number, title, length) VALUES (13, 73, 73, 1, 'The Protocols of Anti-Sound', '0:1:47');
INSERT INTO tracks (artist_id, album_id, release_id, number, title, length) VALUES (13, 73, 73, 2, 'Pulverizing Hate Mongers', '0:1:3');
INSERT INTO tracks (artist_id, album_id, release_id, number, title, length) VALUES (13, 73, 73, 3, 'Rejecting The Militant Promise', '0:0:42');
INSERT INTO tracks (artist_id, album_id, release_id, number, title, length) VALUES (13, 73, 73, 4, 'Assimiliated Pollutants', '0:0:42');
INSERT INTO tracks (artist_id, album_id, release_id, number, title, length) VALUES (13, 73, 73, 5, 'Abuse of Philanthropic Self Gain', '0:0:40');
INSERT INTO tracks (artist_id, album_id, release_id, number, title, length) VALUES (13, 73, 73, 6, 'Fools of Contradiction', '0:1:18');
INSERT INTO tracks (artist_id, album_id, release_id, number, title, length) VALUES (13, 73, 73, 7, 'Heretics', '0:1:20');
INSERT INTO tracks (artist_id, album_id, release_id, number, title, length) VALUES (13, 73, 73, 8, 'Bridge Burner', '0:3:37');
INSERT INTO tracks (artist_id, album_id, release_id, number, title, length) VALUES (13, 73, 73, 9, 'Cranial Media Parasite', '0:1:47');
INSERT INTO tracks (artist_id, album_id, release_id, number, title, length) VALUES (13, 73, 73, 10, 'Excommunicated', '0:1:23');
INSERT INTO tracks (artist_id, album_id, release_id, number, title, length) VALUES (13, 73, 73, 11, 'The Price of Living by Delinquent Ideals', '0:1:50');
INSERT INTO tracks (artist_id, album_id, release_id, number, title, length) VALUES (13, 73, 73, 12, 'Built to Blast', '0:1:22');
INSERT INTO tracks (artist_id, album_id, release_id, number, title, length) VALUES (13, 73, 73, 13, 'Lyrical Ammunition for Scene Warfare', '0:0:59');
INSERT INTO tracks (artist_id, album_id, release_id, number, title, length) VALUES (13, 73, 73, 14, 'Rise and Fall of Empires Past', '0:0:39');
INSERT INTO tracks (artist_id, album_id, release_id, number, title, length) VALUES (13, 73, 73, 15, 'Heavier Bombing', '0:1:35');
INSERT INTO tracks (artist_id, album_id, release_id, number, title, length) VALUES (13, 73, 73, 16, 'Martyrs Of The Shoah', '0:2:45');
INSERT INTO tracks (artist_id, album_id, release_id, number, title, length) VALUES (13, 73, 73, 17, 'untitled', '0:3:26');
INSERT INTO artists (name) VALUES ('Metallica');
INSERT INTO albums (artist_id, title, year) VALUES (14, 'Kill ''Em All', '1983-01-01');
INSERT INTO releases (album_id, description, year) VALUES (74, 'Standard CD', '1983-01-01');
INSERT INTO tracks (artist_id, album_id, release_id, number, title, length) VALUES (14, 74, 74, 1, 'Hit The Lights', '0:4:17');
INSERT INTO tracks (artist_id, album_id, release_id, number, title, length) VALUES (14, 74, 74, 2, 'The Four Horsemen', '0:7:12');
INSERT INTO tracks (artist_id, album_id, release_id, number, title, length) VALUES (14, 74, 74, 3, 'Motorbreath', '0:3:8');
INSERT INTO tracks (artist_id, album_id, release_id, number, title, length) VALUES (14, 74, 74, 4, 'Jump In The Fire', '0:4:41');
INSERT INTO tracks (artist_id, album_id, release_id, number, title, length) VALUES (14, 74, 74, 5, '(Anesthesia) Pulling Teeth', '0:4:14');
INSERT INTO tracks (artist_id, album_id, release_id, number, title, length) VALUES (14, 74, 74, 6, 'Whiplash', '0:4:10');
INSERT INTO tracks (artist_id, album_id, release_id, number, title, length) VALUES (14, 74, 74, 7, 'Phantom Lord', '0:5:1');
INSERT INTO tracks (artist_id, album_id, release_id, number, title, length) VALUES (14, 74, 74, 8, 'No Remorse', '0:6:26');
INSERT INTO tracks (artist_id, album_id, release_id, number, title, length) VALUES (14, 74, 74, 9, 'Seek & Destroy', '0:6:55');
INSERT INTO tracks (artist_id, album_id, release_id, number, title, length) VALUES (14, 74, 74, 10, 'Metal Militia', '0:5:9');
INSERT INTO albums (artist_id, title, year) VALUES (14, 'Master of Puppets', '1986-01-01');
INSERT INTO releases (album_id, description, year) VALUES (75, 'Standard CD', '1986-01-01');
INSERT INTO tracks (artist_id, album_id, release_id, number, title, length) VALUES (14, 75, 75, 1, 'Battery', '0:5:12');
INSERT INTO tracks (artist_id, album_id, release_id, number, title, length) VALUES (14, 75, 75, 2, 'Master Of Puppets', '0:8:35');
INSERT INTO tracks (artist_id, album_id, release_id, number, title, length) VALUES (14, 75, 75, 3, 'The Thing That Should Not Be', '0:6:36');
INSERT INTO tracks (artist_id, album_id, release_id, number, title, length) VALUES (14, 75, 75, 4, 'Welcome Home (Sanitarium)', '0:6:26');
INSERT INTO tracks (artist_id, album_id, release_id, number, title, length) VALUES (14, 75, 75, 5, 'Disposable Heroes', '0:8:16');
INSERT INTO tracks (artist_id, album_id, release_id, number, title, length) VALUES (14, 75, 75, 6, 'Leper Messiah', '0:5:39');
INSERT INTO tracks (artist_id, album_id, release_id, number, title, length) VALUES (14, 75, 75, 7, 'Orion', '0:8:27');
INSERT INTO tracks (artist_id, album_id, release_id, number, title, length) VALUES (14, 75, 75, 8, 'Damage, Inc.', '0:5:30');
INSERT INTO albums (artist_id, title, year) VALUES (14, 'Ride the Lightning', '1984-01-01');
INSERT INTO releases (album_id, description, year) VALUES (76, 'Standard CD', '1984-01-01');
INSERT INTO tracks (artist_id, album_id, release_id, number, title, length) VALUES (14, 76, 76, 1, 'Fight Fire With Fire', '0:4:45');
INSERT INTO tracks (artist_id, album_id, release_id, number, title, length) VALUES (14, 76, 76, 2, 'Ride the Lightning', '0:6:36');
INSERT INTO tracks (artist_id, album_id, release_id, number, title, length) VALUES (14, 76, 76, 3, 'For Whom the Bell Tolls', '0:5:9');
INSERT INTO tracks (artist_id, album_id, release_id, number, title, length) VALUES (14, 76, 76, 4, 'Fade to Black', '0:6:57');
INSERT INTO tracks (artist_id, album_id, release_id, number, title, length) VALUES (14, 76, 76, 5, 'Trapped Under Ice', '0:4:4');
INSERT INTO tracks (artist_id, album_id, release_id, number, title, length) VALUES (14, 76, 76, 6, 'Escape', '0:4:23');
INSERT INTO tracks (artist_id, album_id, release_id, number, title, length) VALUES (14, 76, 76, 7, 'Creeping Death', '0:6:36');
INSERT INTO tracks (artist_id, album_id, release_id, number, title, length) VALUES (14, 76, 76, 8, 'The Call of Ktulu', '0:8:53');
INSERT INTO albums (artist_id, title, year) VALUES (14, 'Load', '1996-01-01');
INSERT INTO releases (album_id, description, year) VALUES (77, 'Standard CD', '1996-01-01');
INSERT INTO tracks (artist_id, album_id, release_id, number, title, length) VALUES (14, 77, 77, 1, 'Ain''t My Bitch', '0:5:4');
INSERT INTO tracks (artist_id, album_id, release_id, number, title, length) VALUES (14, 77, 77, 2, '2 x 4', '0:5:28');
INSERT INTO tracks (artist_id, album_id, release_id, number, title, length) VALUES (14, 77, 77, 3, 'The House Jack Built', '0:6:38');
INSERT INTO tracks (artist_id, album_id, release_id, number, title, length) VALUES (14, 77, 77, 4, 'Until It Sleeps', '0:4:29');
INSERT INTO tracks (artist_id, album_id, release_id, number, title, length) VALUES (14, 77, 77, 5, 'King Nothing', '0:5:28');
INSERT INTO tracks (artist_id, album_id, release_id, number, title, length) VALUES (14, 77, 77, 6, 'Hero of the Day', '0:4:21');
INSERT INTO tracks (artist_id, album_id, release_id, number, title, length) VALUES (14, 77, 77, 7, 'Bleeding Me', '0:8:18');
INSERT INTO tracks (artist_id, album_id, release_id, number, title, length) VALUES (14, 77, 77, 8, 'Cure', '0:4:54');
INSERT INTO tracks (artist_id, album_id, release_id, number, title, length) VALUES (14, 77, 77, 9, 'Poor Twisted Me', '0:4:0');
INSERT INTO tracks (artist_id, album_id, release_id, number, title, length) VALUES (14, 77, 77, 10, 'Wasting My Hate', '0:3:57');
INSERT INTO tracks (artist_id, album_id, release_id, number, title, length) VALUES (14, 77, 77, 11, 'Mama Said', '0:5:19');
INSERT INTO tracks (artist_id, album_id, release_id, number, title, length) VALUES (14, 77, 77, 12, 'Thorn Within', '0:5:51');
INSERT INTO tracks (artist_id, album_id, release_id, number, title, length) VALUES (14, 77, 77, 13, 'Ronnie', '0:5:17');
INSERT INTO tracks (artist_id, album_id, release_id, number, title, length) VALUES (14, 77, 77, 14, 'The Outlaw Torn', '0:9:48');
INSERT INTO albums (artist_id, title, year) VALUES (14, 'The Memory Remains', '1997-01-01');
INSERT INTO releases (album_id, description, year) VALUES (78, 'Standard CD', '1997-01-01');
INSERT INTO tracks (artist_id, album_id, release_id, number, title, length) VALUES (14, 78, 78, 1, 'The Memory Remains', '0:4:39');
INSERT INTO tracks (artist_id, album_id, release_id, number, title, length) VALUES (14, 78, 78, 2, 'For Whom The Bell Tolls (Haven''t Heard It Yet Mix)', '0:4:39');
INSERT INTO albums (artist_id, title, year) VALUES (14, 'Nothing Else Matters', '1999-01-01');
INSERT INTO releases (album_id, description, year) VALUES (79, 'Standard CD', '1999-01-01');
INSERT INTO tracks (artist_id, album_id, release_id, number, title, length) VALUES (14, 79, 79, 1, 'Nothing Else Matters', '0:6:53');
INSERT INTO tracks (artist_id, album_id, release_id, number, title, length) VALUES (14, 79, 79, 2, 'For Whom The Bell Tolls', '0:4:53');
INSERT INTO tracks (artist_id, album_id, release_id, number, title, length) VALUES (14, 79, 79, 3, '-Human', '0:4:19');
INSERT INTO artists (name) VALUES ('Minor Threat');
INSERT INTO albums (artist_id, title, year) VALUES (15, 'Complete Discography', '1989-01-01');
INSERT INTO releases (album_id, description, year) VALUES (80, 'Standard CD', '1989-01-01');
INSERT INTO tracks (artist_id, album_id, release_id, number, title, length) VALUES (15, 80, 80, 1, 'Filler', '0:1:32');
INSERT INTO tracks (artist_id, album_id, release_id, number, title, length) VALUES (15, 80, 80, 2, 'I Don''t Wanna Hear It', '0:1:14');
INSERT INTO tracks (artist_id, album_id, release_id, number, title, length) VALUES (15, 80, 80, 3, 'Seeing Red', '0:1:3');
INSERT INTO tracks (artist_id, album_id, release_id, number, title, length) VALUES (15, 80, 80, 4, 'Straight Edge', '0:0:45');
INSERT INTO tracks (artist_id, album_id, release_id, number, title, length) VALUES (15, 80, 80, 5, 'Small Man, Big Mouth', '0:0:55');
INSERT INTO tracks (artist_id, album_id, release_id, number, title, length) VALUES (15, 80, 80, 6, 'Screaming At A Wall', '0:1:32');
INSERT INTO tracks (artist_id, album_id, release_id, number, title, length) VALUES (15, 80, 80, 7, 'Bottled Violence', '0:0:54');
INSERT INTO tracks (artist_id, album_id, release_id, number, title, length) VALUES (15, 80, 80, 8, 'Minor Threat', '0:1:29');
INSERT INTO tracks (artist_id, album_id, release_id, number, title, length) VALUES (15, 80, 80, 9, 'Stand Up', '0:0:52');
INSERT INTO tracks (artist_id, album_id, release_id, number, title, length) VALUES (15, 80, 80, 10, '12XU', '0:1:4');
INSERT INTO tracks (artist_id, album_id, release_id, number, title, length) VALUES (15, 80, 80, 11, 'In My Eyes', '0:2:49');
INSERT INTO tracks (artist_id, album_id, release_id, number, title, length) VALUES (15, 80, 80, 12, 'Out Of Step (with the world)', '0:1:15');
INSERT INTO tracks (artist_id, album_id, release_id, number, title, length) VALUES (15, 80, 80, 13, 'Guilty Of Being White', '0:1:17');
INSERT INTO tracks (artist_id, album_id, release_id, number, title, length) VALUES (15, 80, 80, 14, 'Steppin'' Stone', '0:2:12');
INSERT INTO tracks (artist_id, album_id, release_id, number, title, length) VALUES (15, 80, 80, 15, 'Betray', '0:3:4');
INSERT INTO tracks (artist_id, album_id, release_id, number, title, length) VALUES (15, 80, 80, 16, 'It Follows', '0:1:50');
INSERT INTO tracks (artist_id, album_id, release_id, number, title, length) VALUES (15, 80, 80, 17, 'Think Again', '0:2:18');
INSERT INTO tracks (artist_id, album_id, release_id, number, title, length) VALUES (15, 80, 80, 18, 'Look Back And Laugh', '0:3:16');
INSERT INTO tracks (artist_id, album_id, release_id, number, title, length) VALUES (15, 80, 80, 19, 'Sob Story', '0:1:50');
INSERT INTO tracks (artist_id, album_id, release_id, number, title, length) VALUES (15, 80, 80, 20, 'No Reason', '0:1:57');
INSERT INTO tracks (artist_id, album_id, release_id, number, title, length) VALUES (15, 80, 80, 21, 'Little Friend', '0:2:18');
INSERT INTO tracks (artist_id, album_id, release_id, number, title, length) VALUES (15, 80, 80, 22, 'Out Of Step', '0:1:20');
INSERT INTO tracks (artist_id, album_id, release_id, number, title, length) VALUES (15, 80, 80, 23, 'Cashing In', '0:3:43');
INSERT INTO tracks (artist_id, album_id, release_id, number, title, length) VALUES (15, 80, 80, 24, 'Stumped', '0:1:53');
INSERT INTO tracks (artist_id, album_id, release_id, number, title, length) VALUES (15, 80, 80, 25, 'Good Guys (don''t wear white)', '0:2:22');
INSERT INTO tracks (artist_id, album_id, release_id, number, title, length) VALUES (15, 80, 80, 26, 'Salad Days', '0:2:46');
INSERT INTO artists (name) VALUES ('Miyavi');
INSERT INTO albums (artist_id, title, year) VALUES (16, '-gagaku-', '2002-01-01');
INSERT INTO releases (album_id, description, year) VALUES (81, 'Standard CD', '2002-01-01');
INSERT INTO tracks (artist_id, album_id, release_id, number, title, length) VALUES (16, 81, 81, 1, 'Hatachi Kinenbi (Peter Pan Syndrome)', '0:3:6');
INSERT INTO tracks (artist_id, album_id, release_id, number, title, length) VALUES (16, 81, 81, 2, 'Coin Rockers Baby', '0:2:39');
INSERT INTO tracks (artist_id, album_id, release_id, number, title, length) VALUES (16, 81, 81, 3, 'Kusare Sotomichi he -Son of bitch-', '0:2:25');
INSERT INTO tracks (artist_id, album_id, release_id, number, title, length) VALUES (16, 81, 81, 4, 'Night in girl', '0:2:14');
INSERT INTO tracks (artist_id, album_id, release_id, number, title, length) VALUES (16, 81, 81, 5, 'Girls,be ambitious', '0:4:26');
INSERT INTO tracks (artist_id, album_id, release_id, number, title, length) VALUES (16, 81, 81, 6, 'Oresama Shikou', '0:2:3');
INSERT INTO tracks (artist_id, album_id, release_id, number, title, length) VALUES (16, 81, 81, 7, 'Gariben Rock', '0:3:56');
INSERT INTO tracks (artist_id, album_id, release_id, number, title, length) VALUES (16, 81, 81, 8, 'Onpu no Tegami', '0:4:24');
INSERT INTO tracks (artist_id, album_id, release_id, number, title, length) VALUES (16, 81, 81, 9, 'Shokubutsu Ningen m no theme', '0:4:2');
INSERT INTO tracks (artist_id, album_id, release_id, number, title, length) VALUES (16, 81, 81, 10, 'Dear From Xxx (Acoustic Version)', '0:5:52');
INSERT INTO albums (artist_id, title, year) VALUES (16, 'Tariraritarara', '2003-01-01');
INSERT INTO releases (album_id, description, year) VALUES (82, 'Standard CD', '2003-01-01');
INSERT INTO tracks (artist_id, album_id, release_id, number, title, length) VALUES (16, 82, 82, 1, 'Tariraritarara', '0:3:34');
INSERT INTO tracks (artist_id, album_id, release_id, number, title, length) VALUES (16, 82, 82, 2, 'Even die Boogie-Woogie(Ya song ver!)', '0:5:13');
INSERT INTO tracks (artist_id, album_id, release_id, number, title, length) VALUES (16, 82, 82, 3, 'POP is dead(Geki ver!)', '0:8:25');
INSERT INTO artists (name) VALUES ('Mudhoney');
INSERT INTO albums (artist_id, title, year) VALUES (17, 'March To Fuzz', '2000-01-01');
INSERT INTO releases (album_id, description, year) VALUES (83, 'Standard CD', '2000-01-01');
INSERT INTO tracks (artist_id, album_id, release_id, number, title, length) VALUES (17, 83, 83, 1, 'Hey Sailor', '0:0:23');
INSERT INTO tracks (artist_id, album_id, release_id, number, title, length) VALUES (17, 83, 83, 1, 'In ''n'' Out Of Grace', '0:5:30');
INSERT INTO tracks (artist_id, album_id, release_id, number, title, length) VALUES (17, 83, 83, 2, 'Suck You Dry', '0:2:32');
INSERT INTO tracks (artist_id, album_id, release_id, number, title, length) VALUES (17, 83, 83, 2, 'Twenty Four', '0:2:45');
INSERT INTO tracks (artist_id, album_id, release_id, number, title, length) VALUES (17, 83, 83, 3, 'Baby Help Me Forget (Mr. Epp And The Calculations)', '0:2:30');
INSERT INTO tracks (artist_id, album_id, release_id, number, title, length) VALUES (17, 83, 83, 3, 'I Have To Laugh', '0:3:28');
INSERT INTO tracks (artist_id, album_id, release_id, number, title, length) VALUES (17, 83, 83, 4, 'Revolution (Spaceman 3)', '0:4:47');
INSERT INTO tracks (artist_id, album_id, release_id, number, title, length) VALUES (17, 83, 83, 4, 'Sweet Young Thing Ain''t Sweet No More', '0:3:44');
INSERT INTO tracks (artist_id, album_id, release_id, number, title, length) VALUES (17, 83, 83, 5, 'Who You Driving Now?', '0:2:21');
INSERT INTO tracks (artist_id, album_id, release_id, number, title, length) VALUES (17, 83, 83, 5, 'You Stupid Asshole (Angry Samoans)', '0:2:18');
INSERT INTO tracks (artist_id, album_id, release_id, number, title, length) VALUES (17, 83, 83, 6, 'Who Is Who (The Adolescents)', '0:1:25');
INSERT INTO tracks (artist_id, album_id, release_id, number, title, length) VALUES (17, 83, 83, 6, 'You Got It', '0:2:48');
INSERT INTO tracks (artist_id, album_id, release_id, number, title, length) VALUES (17, 83, 83, 7, 'Judgement, Rage, Retribution, And Thyme', '0:2:33');
INSERT INTO tracks (artist_id, album_id, release_id, number, title, length) VALUES (17, 83, 83, 7, 'Stab Your Back (The Damned)', '0:0:54');
INSERT INTO tracks (artist_id, album_id, release_id, number, title, length) VALUES (17, 83, 83, 8, 'Into The Drink', '0:2:7');
INSERT INTO tracks (artist_id, album_id, release_id, number, title, length) VALUES (17, 83, 83, 8, 'Pump It Up (Elvis Costello)', '0:3:11');
INSERT INTO tracks (artist_id, album_id, release_id, number, title, length) VALUES (17, 83, 83, 9, 'A Thousand Forms Of Mind', '0:4:42');
INSERT INTO tracks (artist_id, album_id, release_id, number, title, length) VALUES (17, 83, 83, 9, 'The Money Will Roll Right In (Fang)', '0:2:33');
INSERT INTO tracks (artist_id, album_id, release_id, number, title, length) VALUES (17, 83, 83, 10, 'Fix Me (Black Flag)', '0:0:52');
INSERT INTO tracks (artist_id, album_id, release_id, number, title, length) VALUES (17, 83, 83, 10, 'Generation Genocide', '0:1:14');
INSERT INTO tracks (artist_id, album_id, release_id, number, title, length) VALUES (17, 83, 83, 11, 'Dehumanized (Void)', '0:1:19');
INSERT INTO tracks (artist_id, album_id, release_id, number, title, length) VALUES (17, 83, 83, 11, 'If I Think', '0:3:36');
INSERT INTO tracks (artist_id, album_id, release_id, number, title, length) VALUES (17, 83, 83, 12, 'Here Comes Sickness', '0:3:40');
INSERT INTO tracks (artist_id, album_id, release_id, number, title, length) VALUES (17, 83, 83, 12, 'She''s Just 15 (Thee Milkshakes)', '0:2:11');
INSERT INTO tracks (artist_id, album_id, release_id, number, title, length) VALUES (17, 83, 83, 13, 'Baby O Baby (Martin Rev)', '0:3:46');
INSERT INTO tracks (artist_id, album_id, release_id, number, title, length) VALUES (17, 83, 83, 13, 'Let It Slide', '0:2:34');
INSERT INTO tracks (artist_id, album_id, release_id, number, title, length) VALUES (17, 83, 83, 14, 'Over The Top (Motorhead)', '0:2:36');
INSERT INTO tracks (artist_id, album_id, release_id, number, title, length) VALUES (17, 83, 83, 14, 'Touch Me I''m Sick', '0:2:30');
INSERT INTO tracks (artist_id, album_id, release_id, number, title, length) VALUES (17, 83, 83, 15, 'This Gift', '0:3:34');
INSERT INTO tracks (artist_id, album_id, release_id, number, title, length) VALUES (17, 83, 83, 15, 'You Give Me The Creeps (The Crucifucks)', '0:1:5');
INSERT INTO tracks (artist_id, album_id, release_id, number, title, length) VALUES (17, 83, 83, 16, 'Good Enough', '0:3:25');
INSERT INTO tracks (artist_id, album_id, release_id, number, title, length) VALUES (17, 83, 83, 16, 'March To Fuzz', '0:2:19');
INSERT INTO tracks (artist_id, album_id, release_id, number, title, length) VALUES (17, 83, 83, 17, 'Blinding Sun', '0:3:40');
INSERT INTO tracks (artist_id, album_id, release_id, number, title, length) VALUES (17, 83, 83, 17, 'Ounce Of Deception', '0:1:50');
INSERT INTO tracks (artist_id, album_id, release_id, number, title, length) VALUES (17, 83, 83, 18, 'Into Your Shtik', '0:3:45');
INSERT INTO tracks (artist_id, album_id, release_id, number, title, length) VALUES (17, 83, 83, 18, 'Paperback Life', '0:1:35');
INSERT INTO tracks (artist_id, album_id, release_id, number, title, length) VALUES (17, 83, 83, 19, 'Beneath The Valley Of The Underdog', '0:5:15');
INSERT INTO tracks (artist_id, album_id, release_id, number, title, length) VALUES (17, 83, 83, 19, 'Bushpusher', '0:2:26');
INSERT INTO tracks (artist_id, album_id, release_id, number, title, length) VALUES (17, 83, 83, 20, 'Fuzzbuster', '0:2:0');
INSERT INTO tracks (artist_id, album_id, release_id, number, title, length) VALUES (17, 83, 83, 20, 'When Tomorrow Hits', '0:2:40');
INSERT INTO tracks (artist_id, album_id, release_id, number, title, length) VALUES (17, 83, 83, 21, 'Make It Now Again', '0:4:35');
INSERT INTO tracks (artist_id, album_id, release_id, number, title, length) VALUES (17, 83, 83, 21, 'Overblown', '0:2:59');
INSERT INTO tracks (artist_id, album_id, release_id, number, title, length) VALUES (17, 83, 83, 22, 'Hate The Police', '0:2:7');
INSERT INTO tracks (artist_id, album_id, release_id, number, title, length) VALUES (17, 83, 83, 22, 'Run Shithead Run', '0:2:50');
INSERT INTO tracks (artist_id, album_id, release_id, number, title, length) VALUES (17, 83, 83, 23, 'King Sandbox', '0:2:44');
INSERT INTO tracks (artist_id, album_id, release_id, number, title, length) VALUES (17, 83, 83, 24, 'Tonight I Think I''m Gonna Go Downtown', '0:2:50');
INSERT INTO tracks (artist_id, album_id, release_id, number, title, length) VALUES (17, 83, 83, 25, 'Holden', '0:2:48');
INSERT INTO tracks (artist_id, album_id, release_id, number, title, length) VALUES (17, 83, 83, 26, 'Not Going Down That Road Again', '0:3:38');
INSERT INTO tracks (artist_id, album_id, release_id, number, title, length) VALUES (17, 83, 83, 27, 'Brand New Face', '0:2:24');
INSERT INTO tracks (artist_id, album_id, release_id, number, title, length) VALUES (17, 83, 83, 28, 'Drinking For Two', '0:2:11');
INSERT INTO tracks (artist_id, album_id, release_id, number, title, length) VALUES (17, 83, 83, 29, 'Butterfly Stroke', '0:3:31');
INSERT INTO tracks (artist_id, album_id, release_id, number, title, length) VALUES (17, 83, 83, 30, 'Editions Of You (Roxy Music)', '0:2:39');
INSERT INTO albums (artist_id, title, year) VALUES (17, 'Mudhoney', '1989-01-01');
INSERT INTO releases (album_id, description, year) VALUES (84, 'Standard CD', '1989-01-01');
INSERT INTO tracks (artist_id, album_id, release_id, number, title, length) VALUES (17, 84, 84, 1, 'This Gift', '0:3:34');
INSERT INTO tracks (artist_id, album_id, release_id, number, title, length) VALUES (17, 84, 84, 2, 'Flat Out Fucked', '0:2:15');
INSERT INTO tracks (artist_id, album_id, release_id, number, title, length) VALUES (17, 84, 84, 3, 'Get Into Yours', '0:3:50');
INSERT INTO tracks (artist_id, album_id, release_id, number, title, length) VALUES (17, 84, 84, 4, 'You Got It', '0:2:50');
INSERT INTO tracks (artist_id, album_id, release_id, number, title, length) VALUES (17, 84, 84, 5, 'Magnolia Caboose Babyshit', '0:1:7');
INSERT INTO tracks (artist_id, album_id, release_id, number, title, length) VALUES (17, 84, 84, 6, 'Come To Mind', '0:4:52');
INSERT INTO tracks (artist_id, album_id, release_id, number, title, length) VALUES (17, 84, 84, 7, 'Here Comes Sickness', '0:3:41');
INSERT INTO tracks (artist_id, album_id, release_id, number, title, length) VALUES (17, 84, 84, 8, 'Running Loaded', '0:2:50');
INSERT INTO tracks (artist_id, album_id, release_id, number, title, length) VALUES (17, 84, 84, 9, 'The Farther I Go', '0:2:7');
INSERT INTO tracks (artist_id, album_id, release_id, number, title, length) VALUES (17, 84, 84, 10, 'By Her Own Hand', '0:3:16');
INSERT INTO tracks (artist_id, album_id, release_id, number, title, length) VALUES (17, 84, 84, 11, 'When Tomorrow Hits', '0:2:39');
INSERT INTO tracks (artist_id, album_id, release_id, number, title, length) VALUES (17, 84, 84, 12, 'Dead Love', '0:4:27');
INSERT INTO albums (artist_id, title, year) VALUES (17, 'My Brother the Cow', '1995-01-01');
INSERT INTO releases (album_id, description, year) VALUES (85, 'Standard CD', '1995-01-01');
INSERT INTO tracks (artist_id, album_id, release_id, number, title, length) VALUES (17, 85, 85, 1, 'Judgment, Rage, Retribution and Thyme', '0:2:34');
INSERT INTO tracks (artist_id, album_id, release_id, number, title, length) VALUES (17, 85, 85, 2, 'Generation Spokesmodel', '0:2:32');
INSERT INTO tracks (artist_id, album_id, release_id, number, title, length) VALUES (17, 85, 85, 3, 'What Moves the Heart?', '0:3:12');
INSERT INTO tracks (artist_id, album_id, release_id, number, title, length) VALUES (17, 85, 85, 4, 'Today, Is a Good Day', '0:3:5');
INSERT INTO tracks (artist_id, album_id, release_id, number, title, length) VALUES (17, 85, 85, 5, 'Into Yer Shtik', '0:3:48');
INSERT INTO tracks (artist_id, album_id, release_id, number, title, length) VALUES (17, 85, 85, 6, 'In My Finest Suit', '0:4:56');
INSERT INTO tracks (artist_id, album_id, release_id, number, title, length) VALUES (17, 85, 85, 7, 'F.D.K. (Fearless Doctor Killers)', '0:2:16');
INSERT INTO tracks (artist_id, album_id, release_id, number, title, length) VALUES (17, 85, 85, 8, 'Orange Ball-Peen Hammer', '0:3:20');
INSERT INTO tracks (artist_id, album_id, release_id, number, title, length) VALUES (17, 85, 85, 9, 'Crankcase Blues', '0:3:6');
INSERT INTO tracks (artist_id, album_id, release_id, number, title, length) VALUES (17, 85, 85, 10, 'Execution Style', '0:2:24');
INSERT INTO tracks (artist_id, album_id, release_id, number, title, length) VALUES (17, 85, 85, 11, 'Dissolve', '0:3:16');
INSERT INTO tracks (artist_id, album_id, release_id, number, title, length) VALUES (17, 85, 85, 12, '1995', '0:5:44');
INSERT INTO tracks (artist_id, album_id, release_id, number, title, length) VALUES (17, 85, 85, 13, 'woC eht rehtorB yM', '0:33:42');
INSERT INTO albums (artist_id, title, year) VALUES (17, 'Piece Of Cake', '1992-01-01');
INSERT INTO releases (album_id, description, year) VALUES (86, 'Standard CD', '1992-01-01');
INSERT INTO tracks (artist_id, album_id, release_id, number, title, length) VALUES (17, 86, 86, 1, 'Intro', '0:0:38');
INSERT INTO tracks (artist_id, album_id, release_id, number, title, length) VALUES (17, 86, 86, 2, 'No End In Sight', '0:3:35');
INSERT INTO tracks (artist_id, album_id, release_id, number, title, length) VALUES (17, 86, 86, 3, 'Make It Now', '0:4:25');
INSERT INTO tracks (artist_id, album_id, release_id, number, title, length) VALUES (17, 86, 86, 4, 'When In Rome', '0:3:54');
INSERT INTO tracks (artist_id, album_id, release_id, number, title, length) VALUES (17, 86, 86, 5, 'Untitled', '0:0:25');
INSERT INTO tracks (artist_id, album_id, release_id, number, title, length) VALUES (17, 86, 86, 6, 'Suck You Dry', '0:2:34');
INSERT INTO tracks (artist_id, album_id, release_id, number, title, length) VALUES (17, 86, 86, 7, 'Blinding Sun', '0:3:38');
INSERT INTO tracks (artist_id, album_id, release_id, number, title, length) VALUES (17, 86, 86, 8, 'Thirteenth Floor Opening', '0:2:30');
INSERT INTO tracks (artist_id, album_id, release_id, number, title, length) VALUES (17, 86, 86, 9, 'Youth Body Expression Explosion', '0:1:59');
INSERT INTO tracks (artist_id, album_id, release_id, number, title, length) VALUES (17, 86, 86, 10, 'I''m Spun', '0:4:5');
INSERT INTO tracks (artist_id, album_id, release_id, number, title, length) VALUES (17, 86, 86, 11, 'Untitled', '0:0:39');
INSERT INTO tracks (artist_id, album_id, release_id, number, title, length) VALUES (17, 86, 86, 12, 'Take Me There', '0:3:32');
INSERT INTO tracks (artist_id, album_id, release_id, number, title, length) VALUES (17, 86, 86, 13, 'Living Wreck', '0:3:30');
INSERT INTO tracks (artist_id, album_id, release_id, number, title, length) VALUES (17, 86, 86, 14, 'Let Me Let You Down', '0:3:58');
INSERT INTO tracks (artist_id, album_id, release_id, number, title, length) VALUES (17, 86, 86, 15, 'Untitled', '0:0:28');
INSERT INTO tracks (artist_id, album_id, release_id, number, title, length) VALUES (17, 86, 86, 16, 'Ritzville', '0:2:40');
INSERT INTO tracks (artist_id, album_id, release_id, number, title, length) VALUES (17, 86, 86, 17, 'Acetone', '0:4:15');
INSERT INTO albums (artist_id, title, year) VALUES (17, 'Superfuzz Bigmuff Deluxe Edition', '2008-01-01');
INSERT INTO releases (album_id, description, year) VALUES (87, 'Standard CD', '2008-01-01');
INSERT INTO tracks (artist_id, album_id, release_id, number, title, length) VALUES (17, 87, 87, 1, 'No One Has', '0:3:58');
INSERT INTO tracks (artist_id, album_id, release_id, number, title, length) VALUES (17, 87, 87, 1, 'Touch Me I''m Sick', '0:2:32');
INSERT INTO tracks (artist_id, album_id, release_id, number, title, length) VALUES (17, 87, 87, 2, 'Sweet Young Thing Ain''t Sweet No More', '0:3:46');
INSERT INTO tracks (artist_id, album_id, release_id, number, title, length) VALUES (17, 87, 87, 2, 'Sweet Young Thing Ain''t Sweet No More', '0:3:45');
INSERT INTO tracks (artist_id, album_id, release_id, number, title, length) VALUES (17, 87, 87, 3, 'Need', '0:2:47');
INSERT INTO tracks (artist_id, album_id, release_id, number, title, length) VALUES (17, 87, 87, 3, 'Twenty Four', '0:2:45');
INSERT INTO tracks (artist_id, album_id, release_id, number, title, length) VALUES (17, 87, 87, 4, 'Chain That Door', '0:1:59');
INSERT INTO tracks (artist_id, album_id, release_id, number, title, length) VALUES (17, 87, 87, 4, 'Need', '0:3:0');
INSERT INTO tracks (artist_id, album_id, release_id, number, title, length) VALUES (17, 87, 87, 5, 'Chain That Door', '0:1:51');
INSERT INTO tracks (artist_id, album_id, release_id, number, title, length) VALUES (17, 87, 87, 5, 'If I Think', '0:3:18');
INSERT INTO tracks (artist_id, album_id, release_id, number, title, length) VALUES (17, 87, 87, 6, 'Mudride', '0:5:44');
INSERT INTO tracks (artist_id, album_id, release_id, number, title, length) VALUES (17, 87, 87, 6, 'Mudride', '0:6:19');
INSERT INTO tracks (artist_id, album_id, release_id, number, title, length) VALUES (17, 87, 87, 7, 'Here Comes Sickness', '0:4:11');
INSERT INTO tracks (artist_id, album_id, release_id, number, title, length) VALUES (17, 87, 87, 7, 'No One Has', '0:3:26');
INSERT INTO tracks (artist_id, album_id, release_id, number, title, length) VALUES (17, 87, 87, 8, 'If I Think', '0:3:37');
INSERT INTO tracks (artist_id, album_id, release_id, number, title, length) VALUES (17, 87, 87, 8, 'Touch Me I''m Sick', '0:2:51');
INSERT INTO tracks (artist_id, album_id, release_id, number, title, length) VALUES (17, 87, 87, 9, 'In ''n'' Out of Grace', '0:5:31');
INSERT INTO tracks (artist_id, album_id, release_id, number, title, length) VALUES (17, 87, 87, 9, 'In ''n'' Out of Grace', '0:6:55');
INSERT INTO tracks (artist_id, album_id, release_id, number, title, length) VALUES (17, 87, 87, 10, 'Mudride', '0:5:34');
INSERT INTO tracks (artist_id, album_id, release_id, number, title, length) VALUES (17, 87, 87, 10, 'The Rose', '0:4:3');
INSERT INTO tracks (artist_id, album_id, release_id, number, title, length) VALUES (17, 87, 87, 11, 'Hate The Police', '0:2:8');
INSERT INTO tracks (artist_id, album_id, release_id, number, title, length) VALUES (17, 87, 87, 11, 'Here Comes Sickness', '0:4:10');
INSERT INTO tracks (artist_id, album_id, release_id, number, title, length) VALUES (17, 87, 87, 12, 'No One Has', '0:3:31');
INSERT INTO tracks (artist_id, album_id, release_id, number, title, length) VALUES (17, 87, 87, 12, 'You Got It (Keep It Outta My Face)', '0:2:54');
INSERT INTO tracks (artist_id, album_id, release_id, number, title, length) VALUES (17, 87, 87, 13, 'Burn It Clean', '0:2:57');
INSERT INTO tracks (artist_id, album_id, release_id, number, title, length) VALUES (17, 87, 87, 13, 'By Her Own Hand', '0:3:31');
INSERT INTO tracks (artist_id, album_id, release_id, number, title, length) VALUES (17, 87, 87, 14, 'Halloween', '0:6:11');
INSERT INTO tracks (artist_id, album_id, release_id, number, title, length) VALUES (17, 87, 87, 14, 'Touch Me I''m Sick', '0:3:13');
INSERT INTO tracks (artist_id, album_id, release_id, number, title, length) VALUES (17, 87, 87, 15, 'Dead Love', '0:14:18');
INSERT INTO tracks (artist_id, album_id, release_id, number, title, length) VALUES (17, 87, 87, 15, 'Need (Demo)', '0:3:23');
INSERT INTO tracks (artist_id, album_id, release_id, number, title, length) VALUES (17, 87, 87, 16, 'Mudride (Demo)', '0:6:3');
INSERT INTO tracks (artist_id, album_id, release_id, number, title, length) VALUES (17, 87, 87, 17, 'In ''n'' Out of Grace (Demo)', '0:4:52');
INSERT INTO albums (artist_id, title, year) VALUES (17, 'The Lucky Ones', '2008-01-01');
INSERT INTO releases (album_id, description, year) VALUES (88, 'Standard CD', '2008-01-01');
INSERT INTO tracks (artist_id, album_id, release_id, number, title, length) VALUES (17, 88, 88, 1, 'I''m Now', '0:2:40');
INSERT INTO tracks (artist_id, album_id, release_id, number, title, length) VALUES (17, 88, 88, 2, 'Inside Out Over You', '0:3:25');
INSERT INTO tracks (artist_id, album_id, release_id, number, title, length) VALUES (17, 88, 88, 3, 'The Lucky Ones', '0:4:52');
INSERT INTO tracks (artist_id, album_id, release_id, number, title, length) VALUES (17, 88, 88, 4, 'Next Time', '0:3:1');
INSERT INTO tracks (artist_id, album_id, release_id, number, title, length) VALUES (17, 88, 88, 5, 'And The Shimmering Light', '0:3:5');
INSERT INTO tracks (artist_id, album_id, release_id, number, title, length) VALUES (17, 88, 88, 6, 'The Open Mind', '0:2:26');
INSERT INTO tracks (artist_id, album_id, release_id, number, title, length) VALUES (17, 88, 88, 7, 'What''s This Thing?', '0:2:53');
INSERT INTO tracks (artist_id, album_id, release_id, number, title, length) VALUES (17, 88, 88, 8, 'Running Out', '0:3:28');
INSERT INTO tracks (artist_id, album_id, release_id, number, title, length) VALUES (17, 88, 88, 9, 'Tales Of Terror', '0:3:17');
INSERT INTO tracks (artist_id, album_id, release_id, number, title, length) VALUES (17, 88, 88, 10, 'We Are Rising', '0:4:30');
INSERT INTO tracks (artist_id, album_id, release_id, number, title, length) VALUES (17, 88, 88, 11, 'New Meaning', '0:2:39');
INSERT INTO artists (name) VALUES ('Napalm Death');
INSERT INTO albums (artist_id, title, year) VALUES (18, 'Noise For Music''s Sake', '2003-01-01');
INSERT INTO releases (album_id, description, year) VALUES (89, 'Standard CD', '2003-01-01');
INSERT INTO tracks (artist_id, album_id, release_id, number, title, length) VALUES (18, 89, 89, 1, 'Rise Above', '0:2:41');
INSERT INTO tracks (artist_id, album_id, release_id, number, title, length) VALUES (18, 89, 89, 1, 'The Kill', '0:0:20');
INSERT INTO tracks (artist_id, album_id, release_id, number, title, length) VALUES (18, 89, 89, 2, 'Missing Link', '0:2:14');
INSERT INTO tracks (artist_id, album_id, release_id, number, title, length) VALUES (18, 89, 89, 2, 'Scum', '0:2:37');
INSERT INTO tracks (artist_id, album_id, release_id, number, title, length) VALUES (18, 89, 89, 3, 'Mentally Murdered', '0:2:9');
INSERT INTO tracks (artist_id, album_id, release_id, number, title, length) VALUES (18, 89, 89, 3, 'You Suffer', '0:0:6');
INSERT INTO tracks (artist_id, album_id, release_id, number, title, length) VALUES (18, 89, 89, 4, 'Deceiver', '0:0:27');
INSERT INTO tracks (artist_id, album_id, release_id, number, title, length) VALUES (18, 89, 89, 4, 'Walls of Confinement', '0:2:55');
INSERT INTO tracks (artist_id, album_id, release_id, number, title, length) VALUES (18, 89, 89, 5, 'Cause and Effect', '0:1:23');
INSERT INTO tracks (artist_id, album_id, release_id, number, title, length) VALUES (18, 89, 89, 5, 'Hung', '0:3:48');
INSERT INTO tracks (artist_id, album_id, release_id, number, title, length) VALUES (18, 89, 89, 6, 'Antibody', '0:2:50');
INSERT INTO tracks (artist_id, album_id, release_id, number, title, length) VALUES (18, 89, 89, 6, 'No Mental Effort', '0:4:8');
INSERT INTO tracks (artist_id, album_id, release_id, number, title, length) VALUES (18, 89, 89, 7, 'Pride Assassin', '0:2:5');
INSERT INTO tracks (artist_id, album_id, release_id, number, title, length) VALUES (18, 89, 89, 7, 'Unchallenged Hate', '0:2:7');
INSERT INTO tracks (artist_id, album_id, release_id, number, title, length) VALUES (18, 89, 89, 8, 'Avalanche Master Song (Feat. Godflesh) Live at ICA, London 2906/90', '0:5:0');
INSERT INTO tracks (artist_id, album_id, release_id, number, title, length) VALUES (18, 89, 89, 8, 'Siege Of Power', '0:3:32');
INSERT INTO tracks (artist_id, album_id, release_id, number, title, length) VALUES (18, 89, 89, 9, 'Greed Killing', '0:3:4');
INSERT INTO tracks (artist_id, album_id, release_id, number, title, length) VALUES (18, 89, 89, 9, 'One and the Same', '0:1:47');
INSERT INTO tracks (artist_id, album_id, release_id, number, title, length) VALUES (18, 89, 89, 10, 'Sick and Tired', '0:1:24');
INSERT INTO tracks (artist_id, album_id, release_id, number, title, length) VALUES (18, 89, 89, 10, 'Suffer The Children', '0:4:20');
INSERT INTO tracks (artist_id, album_id, release_id, number, title, length) VALUES (18, 89, 89, 11, 'Malignant Trait', '0:2:17');
INSERT INTO tracks (artist_id, album_id, release_id, number, title, length) VALUES (18, 89, 89, 11, 'Mass Appeal Madness', '0:3:28');
INSERT INTO tracks (artist_id, album_id, release_id, number, title, length) VALUES (18, 89, 89, 12, 'Killing with Kindness', '0:2:1');
INSERT INTO tracks (artist_id, album_id, release_id, number, title, length) VALUES (18, 89, 89, 12, 'Next Of Kin To Chaos', '0:4:8');
INSERT INTO tracks (artist_id, album_id, release_id, number, title, length) VALUES (18, 89, 89, 13, 'Judicial Slime', '0:2:37');
INSERT INTO tracks (artist_id, album_id, release_id, number, title, length) VALUES (18, 89, 89, 13, 'Means to an End', '0:2:56');
INSERT INTO tracks (artist_id, album_id, release_id, number, title, length) VALUES (18, 89, 89, 14, 'Insanity Excursion', '0:2:15');
INSERT INTO tracks (artist_id, album_id, release_id, number, title, length) VALUES (18, 89, 89, 14, 'Lucid Fairytale', '0:1:2');
INSERT INTO tracks (artist_id, album_id, release_id, number, title, length) VALUES (18, 89, 89, 15, 'If The Truth Be Known', '0:4:10');
INSERT INTO tracks (artist_id, album_id, release_id, number, title, length) VALUES (18, 89, 89, 15, 'Truth Drug', '0:3:50');
INSERT INTO tracks (artist_id, album_id, release_id, number, title, length) VALUES (18, 89, 89, 16, 'Living in Denial', '0:2:58');
INSERT INTO tracks (artist_id, album_id, release_id, number, title, length) VALUES (18, 89, 89, 16, 'Plague Rages', '0:3:50');
INSERT INTO tracks (artist_id, album_id, release_id, number, title, length) VALUES (18, 89, 89, 17, 'Food Chains', '0:3:14');
INSERT INTO tracks (artist_id, album_id, release_id, number, title, length) VALUES (18, 89, 89, 17, 'Social Sterility', '0:1:12');
INSERT INTO tracks (artist_id, album_id, release_id, number, title, length) VALUES (18, 89, 89, 18, 'From Ensavement To Obliteration', '0:1:35');
INSERT INTO tracks (artist_id, album_id, release_id, number, title, length) VALUES (18, 89, 89, 18, 'Upwards and Uninterested', '0:2:24');
INSERT INTO tracks (artist_id, album_id, release_id, number, title, length) VALUES (18, 89, 89, 19, 'I Abstain', '0:3:33');
INSERT INTO tracks (artist_id, album_id, release_id, number, title, length) VALUES (18, 89, 89, 19, 'Low Point', '0:3:16');
INSERT INTO tracks (artist_id, album_id, release_id, number, title, length) VALUES (18, 89, 89, 20, 'Contemptuous', '0:4:22');
INSERT INTO tracks (artist_id, album_id, release_id, number, title, length) VALUES (18, 89, 89, 20, 'Politics of Common Sense', '0:2:59');
INSERT INTO tracks (artist_id, album_id, release_id, number, title, length) VALUES (18, 89, 89, 21, 'Diatribes', '0:3:50');
INSERT INTO tracks (artist_id, album_id, release_id, number, title, length) VALUES (18, 89, 89, 21, 'Internal Animosity (Studio Recording feat. Dorrian)', '0:5:19');
INSERT INTO tracks (artist_id, album_id, release_id, number, title, length) VALUES (18, 89, 89, 22, 'Chains That Bind Us', '0:4:6');
INSERT INTO tracks (artist_id, album_id, release_id, number, title, length) VALUES (18, 89, 89, 22, 'Scum (Studio Recording feat. Dorrian & Steer)', '0:2:21');
INSERT INTO tracks (artist_id, album_id, release_id, number, title, length) VALUES (18, 89, 89, 23, 'Armageddon X 7', '0:3:14');
INSERT INTO tracks (artist_id, album_id, release_id, number, title, length) VALUES (18, 89, 89, 23, 'Life (Studio Recording feat. Dorrian & Steer)', '0:0:37');
INSERT INTO tracks (artist_id, album_id, release_id, number, title, length) VALUES (18, 89, 89, 24, 'Breed To Breathe', '0:3:15');
INSERT INTO tracks (artist_id, album_id, release_id, number, title, length) VALUES (18, 89, 89, 24, 'Retreat to Nowhere (Studio Recording feat. Dorrian and Steer)', '0:0:27');
INSERT INTO tracks (artist_id, album_id, release_id, number, title, length) VALUES (18, 89, 89, 25, 'Remain Nameless (Pete Coleman original mixdown)', '0:3:32');
INSERT INTO tracks (artist_id, album_id, release_id, number, title, length) VALUES (18, 89, 89, 25, 'The World Keeps Turning (EP Version)', '0:3:17');
INSERT INTO tracks (artist_id, album_id, release_id, number, title, length) VALUES (18, 89, 89, 26, 'The Infiltraitor', '0:4:30');
INSERT INTO tracks (artist_id, album_id, release_id, number, title, length) VALUES (18, 89, 89, 26, 'Twist the Knife (Slowly) (Pete Coleman original mixdown)', '0:2:51');
INSERT INTO tracks (artist_id, album_id, release_id, number, title, length) VALUES (18, 89, 89, 27, 'Deceiver (w/Swanky''s Intro - live in Wakken, Belgium 7/11/87)', '0:0:47');
INSERT INTO tracks (artist_id, album_id, release_id, number, title, length) VALUES (18, 89, 89, 27, 'Nazi Punks Fuck Off', '0:1:22');
INSERT INTO tracks (artist_id, album_id, release_id, number, title, length) VALUES (18, 89, 89, 28, 'The Traitor (live at The Mermaid, Birmingham, UK, 1/11/86)', '0:3:23');
INSERT INTO tracks (artist_id, album_id, release_id, number, title, length) VALUES (18, 89, 89, 29, 'Abattoir (live at The Mermaid, Birmingham, UK, 30/3/86)', '0:3:12');
INSERT INTO artists (name) VALUES ('Nausea');
INSERT INTO albums (artist_id, title, year) VALUES (19, 'Punk Terrorist Vol. 2', NULL);
INSERT INTO releases (album_id, description, year) VALUES (90, 'Standard CD', NULL);
INSERT INTO tracks (artist_id, album_id, release_id, number, title, length) VALUES (19, 90, 90, 1, 'Smash Racism', '0:2:30');
INSERT INTO tracks (artist_id, album_id, release_id, number, title, length) VALUES (19, 90, 90, 2, 'MTV (Feeding of the Fortune 500)', '0:2:7');
INSERT INTO tracks (artist_id, album_id, release_id, number, title, length) VALUES (19, 90, 90, 3, 'New Generation', '0:3:17');
INSERT INTO tracks (artist_id, album_id, release_id, number, title, length) VALUES (19, 90, 90, 4, 'Godless', '0:1:59');
INSERT INTO tracks (artist_id, album_id, release_id, number, title, length) VALUES (19, 90, 90, 5, 'Clutches', '0:2:45');
INSERT INTO tracks (artist_id, album_id, release_id, number, title, length) VALUES (19, 90, 90, 6, 'Home Sweet Home', '0:3:0');
INSERT INTO tracks (artist_id, album_id, release_id, number, title, length) VALUES (19, 90, 90, 7, 'Sacrifice', '0:4:42');
INSERT INTO tracks (artist_id, album_id, release_id, number, title, length) VALUES (19, 90, 90, 8, 'Johnny Got His Gun', '0:1:42');
INSERT INTO tracks (artist_id, album_id, release_id, number, title, length) VALUES (19, 90, 90, 9, 'Smash Racism', '0:2:34');
INSERT INTO tracks (artist_id, album_id, release_id, number, title, length) VALUES (19, 90, 90, 10, 'MTV (Feeding...)', '0:2:5');
INSERT INTO tracks (artist_id, album_id, release_id, number, title, length) VALUES (19, 90, 90, 11, 'Right to Live', '0:2:52');
INSERT INTO tracks (artist_id, album_id, release_id, number, title, length) VALUES (19, 90, 90, 12, 'Godless', '0:1:56');
INSERT INTO tracks (artist_id, album_id, release_id, number, title, length) VALUES (19, 90, 90, 13, 'Divide & Conquer', '0:3:9');
INSERT INTO tracks (artist_id, album_id, release_id, number, title, length) VALUES (19, 90, 90, 14, 'Fallout (of Our Being)', '0:1:54');
INSERT INTO tracks (artist_id, album_id, release_id, number, title, length) VALUES (19, 90, 90, 15, 'World of No Tomorrow', '0:1:21');
INSERT INTO tracks (artist_id, album_id, release_id, number, title, length) VALUES (19, 90, 90, 16, 'Real Enemy [Business]', '0:2:12');
INSERT INTO tracks (artist_id, album_id, release_id, number, title, length) VALUES (19, 90, 90, 17, 'Productiive Not Destructive - demo', '0:1:52');
INSERT INTO tracks (artist_id, album_id, release_id, number, title, length) VALUES (19, 90, 90, 18, 'Red Winter  - demo', '0:1:59');
INSERT INTO tracks (artist_id, album_id, release_id, number, title, length) VALUES (19, 90, 90, 19, 'Rauscous (rare track)', '0:2:52');
INSERT INTO tracks (artist_id, album_id, release_id, number, title, length) VALUES (19, 90, 90, 20, 'Home Sweet Home  - demo', '0:3:1');
INSERT INTO tracks (artist_id, album_id, release_id, number, title, length) VALUES (19, 90, 90, 21, 'Divide & Conquer  - demo', '0:2:49');
INSERT INTO tracks (artist_id, album_id, release_id, number, title, length) VALUES (19, 90, 90, 22, 'Clutches  - demo', '0:2:28');
INSERT INTO tracks (artist_id, album_id, release_id, number, title, length) VALUES (19, 90, 90, 23, 'Untitled (ultra rare)', '0:2:0');
INSERT INTO tracks (artist_id, album_id, release_id, number, title, length) VALUES (19, 90, 90, 24, 'Freedom Peace and Unity [Omega Tribe] - live', '0:1:57');
INSERT INTO tracks (artist_id, album_id, release_id, number, title, length) VALUES (19, 90, 90, 25, 'Self Destruct - live', '0:2:20');
INSERT INTO tracks (artist_id, album_id, release_id, number, title, length) VALUES (19, 90, 90, 26, 'Religious Wars [Subhumans]', '0:2:4');
INSERT INTO tracks (artist_id, album_id, release_id, number, title, length) VALUES (19, 90, 90, 27, 'World of No Tomorrow - live', '0:1:18');
INSERT INTO tracks (artist_id, album_id, release_id, number, title, length) VALUES (19, 90, 90, 28, 'Real Enemy [Business] - live', '0:2:41');
INSERT INTO tracks (artist_id, album_id, release_id, number, title, length) VALUES (19, 90, 90, 29, 'Fallout (Of Our Living)', '0:1:55');
INSERT INTO tracks (artist_id, album_id, release_id, number, title, length) VALUES (19, 90, 90, 30, 'Electrodes', '0:3:22');
INSERT INTO artists (name) VALUES ('New Kids On The Block');
INSERT INTO albums (artist_id, title, year) VALUES (20, 'Hangin'' tough', '1988-01-01');
INSERT INTO releases (album_id, description, year) VALUES (91, 'Standard CD', '1988-01-01');
INSERT INTO tracks (artist_id, album_id, release_id, number, title, length) VALUES (20, 91, 91, 1, 'You got it (The right stuff)', '0:4:13');
INSERT INTO tracks (artist_id, album_id, release_id, number, title, length) VALUES (20, 91, 91, 2, 'Please don''t go girl', '0:4:31');
INSERT INTO tracks (artist_id, album_id, release_id, number, title, length) VALUES (20, 91, 91, 3, 'I''ll be loving you (Forever)', '0:4:27');
INSERT INTO tracks (artist_id, album_id, release_id, number, title, length) VALUES (20, 91, 91, 4, 'Cover girl', '0:4:8');
INSERT INTO tracks (artist_id, album_id, release_id, number, title, length) VALUES (20, 91, 91, 5, 'I need you', '0:3:38');
INSERT INTO tracks (artist_id, album_id, release_id, number, title, length) VALUES (20, 91, 91, 6, 'Hangin'' tough', '0:4:18');
INSERT INTO tracks (artist_id, album_id, release_id, number, title, length) VALUES (20, 91, 91, 7, 'I remember when', '0:4:13');
INSERT INTO tracks (artist_id, album_id, release_id, number, title, length) VALUES (20, 91, 91, 8, 'What''cha gonna do (About it)', '0:3:59');
INSERT INTO tracks (artist_id, album_id, release_id, number, title, length) VALUES (20, 91, 91, 9, 'My favorite girl', '0:5:33');
INSERT INTO tracks (artist_id, album_id, release_id, number, title, length) VALUES (20, 91, 91, 10, 'Hold on', '0:3:39');
INSERT INTO albums (artist_id, title, year) VALUES (20, 'Merry, Merry Christmas', '1989-01-01');
INSERT INTO releases (album_id, description, year) VALUES (92, 'Standard CD', '1989-01-01');
INSERT INTO tracks (artist_id, album_id, release_id, number, title, length) VALUES (20, 92, 92, 1, 'This One''s For The Children', '0:3:58');
INSERT INTO tracks (artist_id, album_id, release_id, number, title, length) VALUES (20, 92, 92, 2, 'Last Night I Saw Santa Claus', '0:3:31');
INSERT INTO tracks (artist_id, album_id, release_id, number, title, length) VALUES (20, 92, 92, 3, 'I''ll Be Missin You Come Christmas (A Letter To Santa)', '0:5:6');
INSERT INTO tracks (artist_id, album_id, release_id, number, title, length) VALUES (20, 92, 92, 4, 'I Still Believe In Santa Claus', '0:3:24');
INSERT INTO tracks (artist_id, album_id, release_id, number, title, length) VALUES (20, 92, 92, 5, 'Merry, Merry Christmas', '0:4:8');
INSERT INTO tracks (artist_id, album_id, release_id, number, title, length) VALUES (20, 92, 92, 6, 'The Christmas Song (Chestnuts Roasting On An Oper Fire)', '0:4:18');
INSERT INTO tracks (artist_id, album_id, release_id, number, title, length) VALUES (20, 92, 92, 7, 'Funky, Funky Xmas', '0:5:6');
INSERT INTO tracks (artist_id, album_id, release_id, number, title, length) VALUES (20, 92, 92, 8, 'White Christmas', '0:3:40');
INSERT INTO tracks (artist_id, album_id, release_id, number, title, length) VALUES (20, 92, 92, 9, 'Little Drummer Boy', '0:4:14');
INSERT INTO tracks (artist_id, album_id, release_id, number, title, length) VALUES (20, 92, 92, 10, 'This One''s For The Children (Reprise)', '0:1:13');
INSERT INTO artists (name) VALUES ('Nine Inch Nails');
INSERT INTO albums (artist_id, title, year) VALUES (21, 'The Downward Spiral', '1994-01-01');
INSERT INTO releases (album_id, description, year) VALUES (93, 'Standard CD', '1994-01-01');
INSERT INTO tracks (artist_id, album_id, release_id, number, title, length) VALUES (21, 93, 93, 1, 'Mr. Self Destruct', '0:4:30');
INSERT INTO tracks (artist_id, album_id, release_id, number, title, length) VALUES (21, 93, 93, 2, 'Piggy', '0:4:24');
INSERT INTO tracks (artist_id, album_id, release_id, number, title, length) VALUES (21, 93, 93, 3, 'Heresy', '0:3:54');
INSERT INTO tracks (artist_id, album_id, release_id, number, title, length) VALUES (21, 93, 93, 4, 'March Of The Pigs', '0:2:58');
INSERT INTO tracks (artist_id, album_id, release_id, number, title, length) VALUES (21, 93, 93, 5, 'Closer', '0:6:13');
INSERT INTO tracks (artist_id, album_id, release_id, number, title, length) VALUES (21, 93, 93, 6, 'Ruiner', '0:4:58');
INSERT INTO tracks (artist_id, album_id, release_id, number, title, length) VALUES (21, 93, 93, 7, 'The Becoming', '0:5:31');
INSERT INTO tracks (artist_id, album_id, release_id, number, title, length) VALUES (21, 93, 93, 8, 'I Do Not Want This', '0:5:41');
INSERT INTO tracks (artist_id, album_id, release_id, number, title, length) VALUES (21, 93, 93, 9, 'Big Man With A Gun', '0:1:36');
INSERT INTO tracks (artist_id, album_id, release_id, number, title, length) VALUES (21, 93, 93, 10, 'A Warm Place', '0:3:22');
INSERT INTO tracks (artist_id, album_id, release_id, number, title, length) VALUES (21, 93, 93, 11, 'Eraser', '0:4:53');
INSERT INTO tracks (artist_id, album_id, release_id, number, title, length) VALUES (21, 93, 93, 12, 'Reptile', '0:6:52');
INSERT INTO tracks (artist_id, album_id, release_id, number, title, length) VALUES (21, 93, 93, 13, 'The Downward Spiral', '0:3:56');
INSERT INTO tracks (artist_id, album_id, release_id, number, title, length) VALUES (21, 93, 93, 14, 'Hurt', '0:6:15');
INSERT INTO albums (artist_id, title, year) VALUES (21, 'Quake', '1996-01-01');
INSERT INTO releases (album_id, description, year) VALUES (94, 'Standard CD', '1996-01-01');
INSERT INTO tracks (artist_id, album_id, release_id, number, title, length) VALUES (21, 94, 94, 2, 'Quake Theme', '0:5:8');
INSERT INTO tracks (artist_id, album_id, release_id, number, title, length) VALUES (21, 94, 94, 3, 'Intermission', '0:2:26');
INSERT INTO tracks (artist_id, album_id, release_id, number, title, length) VALUES (21, 94, 94, 4, 'StartWhispers', '0:8:20');
INSERT INTO tracks (artist_id, album_id, release_id, number, title, length) VALUES (21, 94, 94, 5, 'Grisly Grotto', '0:6:5');
INSERT INTO tracks (artist_id, album_id, release_id, number, title, length) VALUES (21, 94, 94, 6, 'Slipgate Complex', '0:7:24');
INSERT INTO tracks (artist_id, album_id, release_id, number, title, length) VALUES (21, 94, 94, 7, 'Underneath', '0:8:38');
INSERT INTO tracks (artist_id, album_id, release_id, number, title, length) VALUES (21, 94, 94, 8, 'Castle of the Damned', '0:5:35');
INSERT INTO tracks (artist_id, album_id, release_id, number, title, length) VALUES (21, 94, 94, 9, 'Necropolis', '0:6:28');
INSERT INTO tracks (artist_id, album_id, release_id, number, title, length) VALUES (21, 94, 94, 10, 'Ziggurat Vertigo', '0:3:32');
INSERT INTO tracks (artist_id, album_id, release_id, number, title, length) VALUES (21, 94, 94, 11, 'Gloom Keep', '0:5:15');
INSERT INTO albums (artist_id, title, year) VALUES (21, 'March Of The Pigs', '1994-01-01');
INSERT INTO releases (album_id, description, year) VALUES (95, 'Standard CD', '1994-01-01');
INSERT INTO tracks (artist_id, album_id, release_id, number, title, length) VALUES (21, 95, 95, 1, 'March Of The Pigs', '0:2:54');
INSERT INTO tracks (artist_id, album_id, release_id, number, title, length) VALUES (21, 95, 95, 2, 'Reptilian', '0:8:39');
INSERT INTO tracks (artist_id, album_id, release_id, number, title, length) VALUES (21, 95, 95, 3, 'All The Pigs, All Lined Up', '0:7:25');
INSERT INTO tracks (artist_id, album_id, release_id, number, title, length) VALUES (21, 95, 95, 4, 'A Violet Fluid', '0:1:5');
INSERT INTO tracks (artist_id, album_id, release_id, number, title, length) VALUES (21, 95, 95, 5, 'Underneath The Skin', '0:7:15');
INSERT INTO albums (artist_id, title, year) VALUES (21, 'Pretty Hate Machine', '1989-01-01');
INSERT INTO releases (album_id, description, year) VALUES (96, 'Standard CD', '1989-01-01');
INSERT INTO tracks (artist_id, album_id, release_id, number, title, length) VALUES (21, 96, 96, 1, 'Head Like a Hole', '0:4:59');
INSERT INTO tracks (artist_id, album_id, release_id, number, title, length) VALUES (21, 96, 96, 2, 'Terrible Lie', '0:4:38');
INSERT INTO tracks (artist_id, album_id, release_id, number, title, length) VALUES (21, 96, 96, 3, 'Down In It', '0:3:46');
INSERT INTO tracks (artist_id, album_id, release_id, number, title, length) VALUES (21, 96, 96, 4, 'Sanctified', '0:5:48');
INSERT INTO tracks (artist_id, album_id, release_id, number, title, length) VALUES (21, 96, 96, 5, 'Something I Can Never Have', '0:5:54');
INSERT INTO tracks (artist_id, album_id, release_id, number, title, length) VALUES (21, 96, 96, 6, 'Kinda I Want To', '0:4:33');
INSERT INTO tracks (artist_id, album_id, release_id, number, title, length) VALUES (21, 96, 96, 7, 'Sin', '0:4:6');
INSERT INTO tracks (artist_id, album_id, release_id, number, title, length) VALUES (21, 96, 96, 8, 'That''s What I Get', '0:4:30');
INSERT INTO tracks (artist_id, album_id, release_id, number, title, length) VALUES (21, 96, 96, 9, 'The Only Time', '0:4:47');
INSERT INTO tracks (artist_id, album_id, release_id, number, title, length) VALUES (21, 96, 96, 10, 'Ringfinger', '0:5:40');
INSERT INTO albums (artist_id, title, year) VALUES (21, 'Head Like A Hole', '1990-01-01');
INSERT INTO releases (album_id, description, year) VALUES (97, 'Standard CD', '1990-01-01');
INSERT INTO tracks (artist_id, album_id, release_id, number, title, length) VALUES (21, 97, 97, 1, 'Head Like A Hole (Slate)', '0:4:18');
INSERT INTO tracks (artist_id, album_id, release_id, number, title, length) VALUES (21, 97, 97, 2, 'Head Like A Hole (Clay)', '0:4:34');
INSERT INTO tracks (artist_id, album_id, release_id, number, title, length) VALUES (21, 97, 97, 3, 'Terrible Lie (Sympathetic Mix)', '0:4:31');
INSERT INTO tracks (artist_id, album_id, release_id, number, title, length) VALUES (21, 97, 97, 4, 'Head Like A Hole (Copper)', '0:6:26');
INSERT INTO tracks (artist_id, album_id, release_id, number, title, length) VALUES (21, 97, 97, 5, 'You Know Who You Are', '0:5:42');
INSERT INTO tracks (artist_id, album_id, release_id, number, title, length) VALUES (21, 97, 97, 6, 'Head Like A Hole (Soil)', '0:6:38');
INSERT INTO tracks (artist_id, album_id, release_id, number, title, length) VALUES (21, 97, 97, 7, 'Terrible Lie (Empathetic Mix)', '0:6:17');
INSERT INTO tracks (artist_id, album_id, release_id, number, title, length) VALUES (21, 97, 97, 8, 'Down In It (Shred)', '0:7:0');
INSERT INTO tracks (artist_id, album_id, release_id, number, title, length) VALUES (21, 97, 97, 9, 'Down In It (Singe)', '0:7:21');
INSERT INTO tracks (artist_id, album_id, release_id, number, title, length) VALUES (21, 97, 97, 10, 'Down In It (Demo)', '0:3:52');
INSERT INTO tracks (artist_id, album_id, release_id, number, title, length) VALUES (21, 97, 97, 11, 'Let''s Hear It For Nine Inch Nails', '0:0:3');
INSERT INTO albums (artist_id, title, year) VALUES (21, 'The Perfect Drug', '1997-01-01');
INSERT INTO releases (album_id, description, year) VALUES (98, 'Standard CD', '1997-01-01');
INSERT INTO tracks (artist_id, album_id, release_id, number, title, length) VALUES (21, 98, 98, 1, 'The Perfect Drug (Meat Beat Manifesto)', '0:7:24');
INSERT INTO tracks (artist_id, album_id, release_id, number, title, length) VALUES (21, 98, 98, 2, 'The Perfect Drug (Plug)', '0:6:53');
INSERT INTO tracks (artist_id, album_id, release_id, number, title, length) VALUES (21, 98, 98, 3, 'The Perfect Drug (Nine Inch Nails)', '0:8:19');
INSERT INTO tracks (artist_id, album_id, release_id, number, title, length) VALUES (21, 98, 98, 4, 'The Perfect Drug (Spacetime Continuum)', '0:5:42');
INSERT INTO tracks (artist_id, album_id, release_id, number, title, length) VALUES (21, 98, 98, 5, 'The Perfect Drug (The Orb)', '0:6:12');
INSERT INTO albums (artist_id, title, year) VALUES (21, 'The Slip', '2008-01-01');
INSERT INTO releases (album_id, description, year) VALUES (99, 'Standard CD', '2008-01-01');
INSERT INTO tracks (artist_id, album_id, release_id, number, title, length) VALUES (21, 99, 99, 1, '999,999', '0:1:27');
INSERT INTO tracks (artist_id, album_id, release_id, number, title, length) VALUES (21, 99, 99, 2, '1,000,000', '0:3:58');
INSERT INTO tracks (artist_id, album_id, release_id, number, title, length) VALUES (21, 99, 99, 3, 'Letting You', '0:3:53');
INSERT INTO tracks (artist_id, album_id, release_id, number, title, length) VALUES (21, 99, 99, 4, 'Discipline', '0:4:34');
INSERT INTO tracks (artist_id, album_id, release_id, number, title, length) VALUES (21, 99, 99, 5, 'Echoplex', '0:4:44');
INSERT INTO tracks (artist_id, album_id, release_id, number, title, length) VALUES (21, 99, 99, 6, 'Head Down', '0:4:52');
INSERT INTO tracks (artist_id, album_id, release_id, number, title, length) VALUES (21, 99, 99, 7, 'Lights in the Sky', '0:3:29');
INSERT INTO tracks (artist_id, album_id, release_id, number, title, length) VALUES (21, 99, 99, 8, 'Corona Radiata', '0:7:33');
INSERT INTO tracks (artist_id, album_id, release_id, number, title, length) VALUES (21, 99, 99, 9, 'The Four of Us are Dying', '0:4:41');
INSERT INTO tracks (artist_id, album_id, release_id, number, title, length) VALUES (21, 99, 99, 10, 'Demon Seed', '0:4:54');
INSERT INTO artists (name) VALUES ('Nirvana');
INSERT INTO albums (artist_id, title, year) VALUES (22, 'Bleach', '1989-01-01');
INSERT INTO releases (album_id, description, year) VALUES (100, 'Standard CD', '1989-01-01');
INSERT INTO tracks (artist_id, album_id, release_id, number, title, length) VALUES (22, 100, 100, 1, 'Blew', '0:2:54');
INSERT INTO tracks (artist_id, album_id, release_id, number, title, length) VALUES (22, 100, 100, 2, 'Floyd the Barber', '0:2:18');
INSERT INTO tracks (artist_id, album_id, release_id, number, title, length) VALUES (22, 100, 100, 3, 'About a Girl', '0:2:48');
INSERT INTO tracks (artist_id, album_id, release_id, number, title, length) VALUES (22, 100, 100, 4, 'School', '0:2:42');
INSERT INTO tracks (artist_id, album_id, release_id, number, title, length) VALUES (22, 100, 100, 5, 'Love Buzz', '0:3:35');
INSERT INTO tracks (artist_id, album_id, release_id, number, title, length) VALUES (22, 100, 100, 6, 'Paper Cuts', '0:4:5');
INSERT INTO tracks (artist_id, album_id, release_id, number, title, length) VALUES (22, 100, 100, 7, 'Negative Creep', '0:2:55');
INSERT INTO tracks (artist_id, album_id, release_id, number, title, length) VALUES (22, 100, 100, 8, 'Scoff', '0:4:10');
INSERT INTO tracks (artist_id, album_id, release_id, number, title, length) VALUES (22, 100, 100, 9, 'Swap Meet', '0:3:2');
INSERT INTO tracks (artist_id, album_id, release_id, number, title, length) VALUES (22, 100, 100, 10, 'Mr. Moustache', '0:3:24');
INSERT INTO tracks (artist_id, album_id, release_id, number, title, length) VALUES (22, 100, 100, 11, 'Sifting', '0:5:22');
INSERT INTO tracks (artist_id, album_id, release_id, number, title, length) VALUES (22, 100, 100, 12, 'Big Cheese', '0:3:42');
INSERT INTO tracks (artist_id, album_id, release_id, number, title, length) VALUES (22, 100, 100, 13, 'Downer', '0:1:43');
INSERT INTO tracks (artist_id, album_id, release_id, number, title, length) VALUES (22, 100, 100, 14, 'Intro (Live)', '0:0:52');
INSERT INTO tracks (artist_id, album_id, release_id, number, title, length) VALUES (22, 100, 100, 15, 'School (Live)', '0:2:36');
INSERT INTO tracks (artist_id, album_id, release_id, number, title, length) VALUES (22, 100, 100, 16, 'Floyd the Barber (Live)', '0:2:16');
INSERT INTO tracks (artist_id, album_id, release_id, number, title, length) VALUES (22, 100, 100, 17, 'Dive (Live)', '0:3:42');
INSERT INTO tracks (artist_id, album_id, release_id, number, title, length) VALUES (22, 100, 100, 18, 'Love Buzz  (Live)', '0:2:57');
INSERT INTO tracks (artist_id, album_id, release_id, number, title, length) VALUES (22, 100, 100, 19, 'Spank Thru  (Live)', '0:2:59');
INSERT INTO tracks (artist_id, album_id, release_id, number, title, length) VALUES (22, 100, 100, 20, 'Molly''s Lips (Live)', '0:2:15');
INSERT INTO tracks (artist_id, album_id, release_id, number, title, length) VALUES (22, 100, 100, 21, 'Sappy (Live)', '0:3:19');
INSERT INTO tracks (artist_id, album_id, release_id, number, title, length) VALUES (22, 100, 100, 22, 'Scoff (Live)', '0:3:52');
INSERT INTO tracks (artist_id, album_id, release_id, number, title, length) VALUES (22, 100, 100, 23, 'About a Girl (Live)', '0:2:27');
INSERT INTO tracks (artist_id, album_id, release_id, number, title, length) VALUES (22, 100, 100, 24, 'Been a Son (Live)', '0:2:0');
INSERT INTO tracks (artist_id, album_id, release_id, number, title, length) VALUES (22, 100, 100, 25, 'Blew (Live)', '0:4:31');
INSERT INTO albums (artist_id, title, year) VALUES (22, 'Incesticide', '1992-01-01');
INSERT INTO releases (album_id, description, year) VALUES (101, 'Standard CD', '1992-01-01');
INSERT INTO tracks (artist_id, album_id, release_id, number, title, length) VALUES (22, 101, 101, 1, 'Dive', '0:3:55');
INSERT INTO tracks (artist_id, album_id, release_id, number, title, length) VALUES (22, 101, 101, 2, 'Sliver', '0:2:16');
INSERT INTO tracks (artist_id, album_id, release_id, number, title, length) VALUES (22, 101, 101, 3, 'Stain', '0:2:40');
INSERT INTO tracks (artist_id, album_id, release_id, number, title, length) VALUES (22, 101, 101, 4, 'Been A Son', '0:1:55');
INSERT INTO tracks (artist_id, album_id, release_id, number, title, length) VALUES (22, 101, 101, 5, 'Turnaround', '0:2:19');
INSERT INTO tracks (artist_id, album_id, release_id, number, title, length) VALUES (22, 101, 101, 6, 'Molly''s Lips', '0:1:54');
INSERT INTO tracks (artist_id, album_id, release_id, number, title, length) VALUES (22, 101, 101, 7, 'Son Of A Gun', '0:2:48');
INSERT INTO tracks (artist_id, album_id, release_id, number, title, length) VALUES (22, 101, 101, 8, '(New Wave) Polly', '0:1:48');
INSERT INTO tracks (artist_id, album_id, release_id, number, title, length) VALUES (22, 101, 101, 9, 'Beeswax', '0:2:50');
INSERT INTO tracks (artist_id, album_id, release_id, number, title, length) VALUES (22, 101, 101, 10, 'Downer', '0:1:43');
INSERT INTO tracks (artist_id, album_id, release_id, number, title, length) VALUES (22, 101, 101, 11, 'Mexican Seafood', '0:1:55');
INSERT INTO tracks (artist_id, album_id, release_id, number, title, length) VALUES (22, 101, 101, 12, 'Hairspray Queen', '0:4:13');
INSERT INTO tracks (artist_id, album_id, release_id, number, title, length) VALUES (22, 101, 101, 13, 'Aero Zeppelin', '0:4:41');
INSERT INTO tracks (artist_id, album_id, release_id, number, title, length) VALUES (22, 101, 101, 14, 'Big Long Now', '0:5:3');
INSERT INTO tracks (artist_id, album_id, release_id, number, title, length) VALUES (22, 101, 101, 15, 'Aneurysm', '0:4:35');
INSERT INTO albums (artist_id, title, year) VALUES (22, 'Nirvana', '2002-01-01');
INSERT INTO releases (album_id, description, year) VALUES (102, 'Standard CD', '2002-01-01');
INSERT INTO tracks (artist_id, album_id, release_id, number, title, length) VALUES (22, 102, 102, 1, 'You Know You''re Right', '0:3:38');
INSERT INTO tracks (artist_id, album_id, release_id, number, title, length) VALUES (22, 102, 102, 2, 'About A Girl', '0:2:49');
INSERT INTO tracks (artist_id, album_id, release_id, number, title, length) VALUES (22, 102, 102, 3, 'Been A Son', '0:2:23');
INSERT INTO tracks (artist_id, album_id, release_id, number, title, length) VALUES (22, 102, 102, 4, 'Sliver', '0:2:14');
INSERT INTO tracks (artist_id, album_id, release_id, number, title, length) VALUES (22, 102, 102, 5, 'Smells Like Teen Spirit', '0:5:1');
INSERT INTO tracks (artist_id, album_id, release_id, number, title, length) VALUES (22, 102, 102, 6, 'Come As You Are', '0:3:39');
INSERT INTO tracks (artist_id, album_id, release_id, number, title, length) VALUES (22, 102, 102, 7, 'Lithium', '0:4:17');
INSERT INTO tracks (artist_id, album_id, release_id, number, title, length) VALUES (22, 102, 102, 8, 'In Bloom', '0:4:15');
INSERT INTO tracks (artist_id, album_id, release_id, number, title, length) VALUES (22, 102, 102, 9, 'Heart-Shaped Box', '0:4:41');
INSERT INTO tracks (artist_id, album_id, release_id, number, title, length) VALUES (22, 102, 102, 10, 'Pennyroyal Tea', '0:3:38');
INSERT INTO tracks (artist_id, album_id, release_id, number, title, length) VALUES (22, 102, 102, 11, 'Rape Me', '0:2:51');
INSERT INTO tracks (artist_id, album_id, release_id, number, title, length) VALUES (22, 102, 102, 12, 'Dumb', '0:2:34');
INSERT INTO tracks (artist_id, album_id, release_id, number, title, length) VALUES (22, 102, 102, 13, 'All Apologies', '0:3:47');
INSERT INTO tracks (artist_id, album_id, release_id, number, title, length) VALUES (22, 102, 102, 14, 'The Man Who Sold The World', '0:3:47');
INSERT INTO albums (artist_id, title, year) VALUES (22, 'With the Lights Out', '2004-01-01');
INSERT INTO releases (album_id, description, year) VALUES (103, 'Standard CD', '2004-01-01');
INSERT INTO tracks (artist_id, album_id, release_id, number, title, length) VALUES (22, 103, 103, 1, 'Heartbreaker (First Nirvana Show, 1987)', '0:2:59');
INSERT INTO tracks (artist_id, album_id, release_id, number, title, length) VALUES (22, 103, 103, 1, 'Opinion (Solo Acoustic, 1990)', '0:1:34');
INSERT INTO tracks (artist_id, album_id, release_id, number, title, length) VALUES (22, 103, 103, 1, 'Rape Me (Solo Acoustic, 1992)', '0:3:23');
INSERT INTO tracks (artist_id, album_id, release_id, number, title, length) VALUES (22, 103, 103, 2, 'Anorexorcist (Radio Performance, 1987)', '0:2:44');
INSERT INTO tracks (artist_id, album_id, release_id, number, title, length) VALUES (22, 103, 103, 2, 'Lithium (Solo Acoustic, 1990)', '0:1:49');
INSERT INTO tracks (artist_id, album_id, release_id, number, title, length) VALUES (22, 103, 103, 2, 'Rape Me (Demo, 1992)', '0:3:1');
INSERT INTO tracks (artist_id, album_id, release_id, number, title, length) VALUES (22, 103, 103, 3, 'Been A Son (Solo Acoustic, 1990)', '0:1:12');
INSERT INTO tracks (artist_id, album_id, release_id, number, title, length) VALUES (22, 103, 103, 3, 'Scentless Apprentice (Rehearsal Demo, 1992)', '0:9:32');
INSERT INTO tracks (artist_id, album_id, release_id, number, title, length) VALUES (22, 103, 103, 3, 'White Lace and Strange (Radio Performance, 1987)', '0:2:9');
INSERT INTO tracks (artist_id, album_id, release_id, number, title, length) VALUES (22, 103, 103, 4, 'Heart-Shaped Box (Demo, 1993)', '0:5:31');
INSERT INTO tracks (artist_id, album_id, release_id, number, title, length) VALUES (22, 103, 103, 4, 'Help Me I''m Hungry(Radio Performance, 1987)', '0:2:41');
INSERT INTO tracks (artist_id, album_id, release_id, number, title, length) VALUES (22, 103, 103, 4, 'Sliver (Solo Acoustic, 1989)', '0:2:9');
INSERT INTO tracks (artist_id, album_id, release_id, number, title, length) VALUES (22, 103, 103, 5, 'I Hate Myself And I Want To Die (B-side, 1993)', '0:4:3');
INSERT INTO tracks (artist_id, album_id, release_id, number, title, length) VALUES (22, 103, 103, 5, 'Mrs. Butterworth (Rehearsal Recording, 1988)', '0:4:5');
INSERT INTO tracks (artist_id, album_id, release_id, number, title, length) VALUES (22, 103, 103, 5, 'Where Did You Sleep Last Night (Solo Acoustic, 1989)', '0:2:31');
INSERT INTO tracks (artist_id, album_id, release_id, number, title, length) VALUES (22, 103, 103, 6, 'If You Must (Demo, 1988)', '0:4:1');
INSERT INTO tracks (artist_id, album_id, release_id, number, title, length) VALUES (22, 103, 103, 6, 'Milk It (Demo, 1993)', '0:4:34');
INSERT INTO tracks (artist_id, album_id, release_id, number, title, length) VALUES (22, 103, 103, 6, 'Pay To Play (Demo, 1990)', '0:3:29');
INSERT INTO tracks (artist_id, album_id, release_id, number, title, length) VALUES (22, 103, 103, 7, 'Here She Comes Now (Demo, 1990)', '0:5:1');
INSERT INTO tracks (artist_id, album_id, release_id, number, title, length) VALUES (22, 103, 103, 7, 'M. V. (Demo, 1993)', '0:1:56');
INSERT INTO tracks (artist_id, album_id, release_id, number, title, length) VALUES (22, 103, 103, 7, 'Pen Cap Chew (Demo, 1988)', '0:3:2');
INSERT INTO tracks (artist_id, album_id, release_id, number, title, length) VALUES (22, 103, 103, 8, 'Downer (Live, 1988)', '0:1:43');
INSERT INTO tracks (artist_id, album_id, release_id, number, title, length) VALUES (22, 103, 103, 8, 'Drain You (Demo, 1989)', '0:2:38');
INSERT INTO tracks (artist_id, album_id, release_id, number, title, length) VALUES (22, 103, 103, 8, 'Gallons Of Rubbing Alcohol Flow Through The Strip (B-side, 1993)', '0:7:34');
INSERT INTO tracks (artist_id, album_id, release_id, number, title, length) VALUES (22, 103, 103, 9, 'Aneurysm (Demo, 1990)', '0:4:47');
INSERT INTO tracks (artist_id, album_id, release_id, number, title, length) VALUES (22, 103, 103, 9, 'Floyd the Barber  (Live, 1988)', '0:2:33');
INSERT INTO tracks (artist_id, album_id, release_id, number, title, length) VALUES (22, 103, 103, 9, 'The Other Improv (Demo, 1993)', '0:6:24');
INSERT INTO tracks (artist_id, album_id, release_id, number, title, length) VALUES (22, 103, 103, 10, 'Raunchola/Moby Dick (Live, 1988)', '0:6:24');
INSERT INTO tracks (artist_id, album_id, release_id, number, title, length) VALUES (22, 103, 103, 10, 'Serve The Servants (Solo Acoustic, 1993)', '0:1:36');
INSERT INTO tracks (artist_id, album_id, release_id, number, title, length) VALUES (22, 103, 103, 10, 'Smells Like Teen Spirit (Rehearsal Demo, 1991)', '0:5:40');
INSERT INTO tracks (artist_id, album_id, release_id, number, title, length) VALUES (22, 103, 103, 11, 'Beans (Solo Acoustic)', '0:1:32');
INSERT INTO tracks (artist_id, album_id, release_id, number, title, length) VALUES (22, 103, 103, 11, 'Breed (Rough Mix, 1991)', '0:3:7');
INSERT INTO tracks (artist_id, album_id, release_id, number, title, length) VALUES (22, 103, 103, 11, 'Very Ape (Solo Acoustic, 1993)', '0:1:52');
INSERT INTO tracks (artist_id, album_id, release_id, number, title, length) VALUES (22, 103, 103, 12, 'Don''t Want It All (Solo Acoustic)', '0:2:26');
INSERT INTO tracks (artist_id, album_id, release_id, number, title, length) VALUES (22, 103, 103, 12, 'Pennyroyal Tea (Solo Acoustic, 1993)', '0:3:30');
INSERT INTO tracks (artist_id, album_id, release_id, number, title, length) VALUES (22, 103, 103, 12, 'Verse Chorus Verse (Outtake, 1991)', '0:3:18');
INSERT INTO tracks (artist_id, album_id, release_id, number, title, length) VALUES (22, 103, 103, 13, 'Clean Up Before She Comes (Solo Acoustic)', '0:3:12');
INSERT INTO tracks (artist_id, album_id, release_id, number, title, length) VALUES (22, 103, 103, 13, 'Marigold (B-side, 1993)', '0:2:34');
INSERT INTO tracks (artist_id, album_id, release_id, number, title, length) VALUES (22, 103, 103, 13, 'Old Age (Outtake, 1991)', '0:4:20');
INSERT INTO tracks (artist_id, album_id, release_id, number, title, length) VALUES (22, 103, 103, 14, 'Endless, Nameless (Radio Appearance, 1991)', '0:8:48');
INSERT INTO tracks (artist_id, album_id, release_id, number, title, length) VALUES (22, 103, 103, 14, 'Polly (Solo Acoustic, 1988)', '0:2:30');
INSERT INTO tracks (artist_id, album_id, release_id, number, title, length) VALUES (22, 103, 103, 14, 'Sappy (Verse Chorus Verse) (B-side, 1993)', '0:3:26');
INSERT INTO tracks (artist_id, album_id, release_id, number, title, length) VALUES (22, 103, 103, 15, 'About a Girl (Solo Acoustic, 1988)', '0:2:44');
INSERT INTO tracks (artist_id, album_id, release_id, number, title, length) VALUES (22, 103, 103, 15, 'Dumb (Radio Appearance, 1991)', '0:2:35');
INSERT INTO tracks (artist_id, album_id, release_id, number, title, length) VALUES (22, 103, 103, 15, 'Jesus Doesn''t Want Me For A Sunbeam (Rehearsal Demo, 1994)', '0:3:57');
INSERT INTO tracks (artist_id, album_id, release_id, number, title, length) VALUES (22, 103, 103, 16, 'Blandest (Demo, 1988)', '0:3:56');
INSERT INTO tracks (artist_id, album_id, release_id, number, title, length) VALUES (22, 103, 103, 16, 'D-7 (Radio Appearance, 1990)', '0:3:46');
INSERT INTO tracks (artist_id, album_id, release_id, number, title, length) VALUES (22, 103, 103, 16, 'Do Re Mi (Solo Acoustic, 1994)', '0:4:24');
INSERT INTO tracks (artist_id, album_id, release_id, number, title, length) VALUES (22, 103, 103, 17, 'Dive (Demo, 1988)', '0:4:50');
INSERT INTO tracks (artist_id, album_id, release_id, number, title, length) VALUES (22, 103, 103, 17, 'Oh, the Guilt (B-Side, 1992)', '0:3:25');
INSERT INTO tracks (artist_id, album_id, release_id, number, title, length) VALUES (22, 103, 103, 17, 'You Know You''re Right (Solo Acoustic, 1994)', '0:2:30');
INSERT INTO tracks (artist_id, album_id, release_id, number, title, length) VALUES (22, 103, 103, 18, 'All Apologies (Solo Acoustic)', '0:3:33');
INSERT INTO tracks (artist_id, album_id, release_id, number, title, length) VALUES (22, 103, 103, 18, 'Curmudgeon (B-Side, 1992)', '0:3:3');
INSERT INTO tracks (artist_id, album_id, release_id, number, title, length) VALUES (22, 103, 103, 18, 'They Hung Him on a Cross (Demo, 1988)', '0:1:57');
INSERT INTO tracks (artist_id, album_id, release_id, number, title, length) VALUES (22, 103, 103, 19, 'Grey Goose (Demo, 1989)', '0:4:36');
INSERT INTO tracks (artist_id, album_id, release_id, number, title, length) VALUES (22, 103, 103, 19, 'Return of the Rat (Outtake, 1992)', '0:3:9');
INSERT INTO tracks (artist_id, album_id, release_id, number, title, length) VALUES (22, 103, 103, 20, 'Ain''t It a Shame (Demo, 1989)', '0:2:1');
INSERT INTO tracks (artist_id, album_id, release_id, number, title, length) VALUES (22, 103, 103, 20, 'Smells Like Teen Spirit (Butch Vig Mix) (Recorded May, 1991)', '0:4:59');
INSERT INTO tracks (artist_id, album_id, release_id, number, title, length) VALUES (22, 103, 103, 21, 'Token Eastern Song (Demo, 1989)', '0:3:21');
INSERT INTO tracks (artist_id, album_id, release_id, number, title, length) VALUES (22, 103, 103, 22, 'Even in His Youth (Demo, 1989)', '0:3:12');
INSERT INTO tracks (artist_id, album_id, release_id, number, title, length) VALUES (22, 103, 103, 23, 'Polly (Demo, 1989)', '0:2:36');
INSERT INTO tracks (artist_id, album_id, release_id, number, title, length) VALUES (22, 103, 103, 1, 'Love Buzz (Rehearsal 1988)', '0:2:23');
INSERT INTO tracks (artist_id, album_id, release_id, number, title, length) VALUES (22, 103, 103, 2, 'Scoff (Rehearsal 1988)', '0:0:30');
INSERT INTO tracks (artist_id, album_id, release_id, number, title, length) VALUES (22, 103, 103, 3, 'About a Girl (Rehearsal 1988)', '0:3:6');
INSERT INTO tracks (artist_id, album_id, release_id, number, title, length) VALUES (22, 103, 103, 4, 'Big Long Now (Rehearsal 1988)', '0:4:24');
INSERT INTO tracks (artist_id, album_id, release_id, number, title, length) VALUES (22, 103, 103, 5, 'Immigrant Song (Rehearsal 1988)', '0:1:58');
INSERT INTO tracks (artist_id, album_id, release_id, number, title, length) VALUES (22, 103, 103, 6, 'Spank Thru (Rehearsal 1988)', '0:3:5');
INSERT INTO tracks (artist_id, album_id, release_id, number, title, length) VALUES (22, 103, 103, 7, 'Hairspray Queen (Rehearsal 1988)', '0:3:42');
INSERT INTO tracks (artist_id, album_id, release_id, number, title, length) VALUES (22, 103, 103, 8, 'School (Rehearsal 1988)', '0:2:55');
INSERT INTO tracks (artist_id, album_id, release_id, number, title, length) VALUES (22, 103, 103, 9, 'Mr Moustache (Rehearsal 1988)', '0:3:47');
INSERT INTO tracks (artist_id, album_id, release_id, number, title, length) VALUES (22, 103, 103, 10, 'Big Cheese (Live, 1989)', '0:3:13');
INSERT INTO tracks (artist_id, album_id, release_id, number, title, length) VALUES (22, 103, 103, 11, 'In Bloom (Sub Pop Video)', '0:4:28');
INSERT INTO tracks (artist_id, album_id, release_id, number, title, length) VALUES (22, 103, 103, 12, 'Sappy (Live, 1990)', '0:4:31');
INSERT INTO tracks (artist_id, album_id, release_id, number, title, length) VALUES (22, 103, 103, 13, 'School (Live, 1990)', '0:2:34');
INSERT INTO tracks (artist_id, album_id, release_id, number, title, length) VALUES (22, 103, 103, 14, 'Love Buzz (Live, 1990)', '0:3:41');
INSERT INTO tracks (artist_id, album_id, release_id, number, title, length) VALUES (22, 103, 103, 15, 'Pennyroyal Tea (Live, 1991)', '0:2:3');
INSERT INTO tracks (artist_id, album_id, release_id, number, title, length) VALUES (22, 103, 103, 16, 'Smells Like Teen Spirit (Live, 1991)', '0:5:41');
INSERT INTO tracks (artist_id, album_id, release_id, number, title, length) VALUES (22, 103, 103, 17, 'Territorial Pissings (Live, 1991)', '0:2:9');
INSERT INTO tracks (artist_id, album_id, release_id, number, title, length) VALUES (22, 103, 103, 18, 'Jesus Doesn''t Want Me For a Sunbeam (Live, 1991)', '0:3:8');
INSERT INTO tracks (artist_id, album_id, release_id, number, title, length) VALUES (22, 103, 103, 19, 'Talk to Me (Live, 1992)', '0:3:5');
INSERT INTO tracks (artist_id, album_id, release_id, number, title, length) VALUES (22, 103, 103, 20, 'Seasons in the Sun (Live, 1993)', '0:3:12');
INSERT INTO tracks (artist_id, album_id, release_id, number, title, length) VALUES (22, 103, 103, 21, 'Lounge Act (Demo)', '0:2:31');
INSERT INTO tracks (artist_id, album_id, release_id, number, title, length) VALUES (22, 103, 103, 22, 'All Apologies (Demo)', '0:3:17');
INSERT INTO albums (artist_id, title, year) VALUES (22, 'Live at Reading', '1992-01-01');
INSERT INTO releases (album_id, description, year) VALUES (104, 'Standard CD', '1992-01-01');
INSERT INTO tracks (artist_id, album_id, release_id, number, title, length) VALUES (22, 104, 104, 1, 'Breed', '0:3:12');
INSERT INTO tracks (artist_id, album_id, release_id, number, title, length) VALUES (22, 104, 104, 2, 'Drain you', '0:3:38');
INSERT INTO tracks (artist_id, album_id, release_id, number, title, length) VALUES (22, 104, 104, 3, 'Aneurysm', '0:4:35');
INSERT INTO tracks (artist_id, album_id, release_id, number, title, length) VALUES (22, 104, 104, 4, 'School', '0:2:43');
INSERT INTO tracks (artist_id, album_id, release_id, number, title, length) VALUES (22, 104, 104, 5, 'Sliver', '0:2:6');
INSERT INTO tracks (artist_id, album_id, release_id, number, title, length) VALUES (22, 104, 104, 6, 'In bloom', '0:4:36');
INSERT INTO tracks (artist_id, album_id, release_id, number, title, length) VALUES (22, 104, 104, 7, 'Come as you are', '0:3:36');
INSERT INTO tracks (artist_id, album_id, release_id, number, title, length) VALUES (22, 104, 104, 8, 'Lithium', '0:4:21');
INSERT INTO tracks (artist_id, album_id, release_id, number, title, length) VALUES (22, 104, 104, 9, 'About a girl', '0:2:51');
INSERT INTO tracks (artist_id, album_id, release_id, number, title, length) VALUES (22, 104, 104, 10, 'Tourette''s', '0:1:50');
INSERT INTO tracks (artist_id, album_id, release_id, number, title, length) VALUES (22, 104, 104, 11, 'Polly', '0:2:48');
INSERT INTO tracks (artist_id, album_id, release_id, number, title, length) VALUES (22, 104, 104, 12, 'Lounge act', '0:2:36');
INSERT INTO tracks (artist_id, album_id, release_id, number, title, length) VALUES (22, 104, 104, 13, 'Smells like teen spirit', '0:4:45');
INSERT INTO tracks (artist_id, album_id, release_id, number, title, length) VALUES (22, 104, 104, 14, 'On a plain', '0:3:0');
INSERT INTO tracks (artist_id, album_id, release_id, number, title, length) VALUES (22, 104, 104, 15, 'Negative creep', '0:2:52');
INSERT INTO tracks (artist_id, album_id, release_id, number, title, length) VALUES (22, 104, 104, 16, 'Been a son', '0:2:13');
INSERT INTO tracks (artist_id, album_id, release_id, number, title, length) VALUES (22, 104, 104, 17, 'All apologies', '0:3:9');
INSERT INTO tracks (artist_id, album_id, release_id, number, title, length) VALUES (22, 104, 104, 18, 'Blew', '0:3:19');
INSERT INTO tracks (artist_id, album_id, release_id, number, title, length) VALUES (22, 104, 104, 19, 'Dumb', '0:2:32');
INSERT INTO tracks (artist_id, album_id, release_id, number, title, length) VALUES (22, 104, 104, 20, 'Stay away', '0:3:32');
INSERT INTO tracks (artist_id, album_id, release_id, number, title, length) VALUES (22, 104, 104, 21, 'Spank thru', '0:3:6');
INSERT INTO tracks (artist_id, album_id, release_id, number, title, length) VALUES (22, 104, 104, 22, 'The money will roll right in', '0:2:16');
INSERT INTO tracks (artist_id, album_id, release_id, number, title, length) VALUES (22, 104, 104, 23, 'D-7', '0:3:43');
INSERT INTO tracks (artist_id, album_id, release_id, number, title, length) VALUES (22, 104, 104, 24, 'Territorial pissings', '0:4:29');
INSERT INTO albums (artist_id, title, year) VALUES (22, 'Heart-Shaped Box', '1993-01-01');
INSERT INTO releases (album_id, description, year) VALUES (105, 'Standard CD', '1993-01-01');
INSERT INTO tracks (artist_id, album_id, release_id, number, title, length) VALUES (22, 105, 105, 1, 'Heart-Shaped Box (LP Version)', '0:4:41');
INSERT INTO tracks (artist_id, album_id, release_id, number, title, length) VALUES (22, 105, 105, 2, 'Milk It (LP Version)', '0:3:54');
INSERT INTO tracks (artist_id, album_id, release_id, number, title, length) VALUES (22, 105, 105, 3, 'Marigold', '0:2:34');
INSERT INTO albums (artist_id, title, year) VALUES (22, 'MTV Unplugged in New York', '1994-01-01');
INSERT INTO releases (album_id, description, year) VALUES (106, 'Standard CD', '1994-01-01');
INSERT INTO tracks (artist_id, album_id, release_id, number, title, length) VALUES (22, 106, 106, 1, 'About A Girl', '0:3:37');
INSERT INTO tracks (artist_id, album_id, release_id, number, title, length) VALUES (22, 106, 106, 2, 'Come As You Are', '0:4:13');
INSERT INTO tracks (artist_id, album_id, release_id, number, title, length) VALUES (22, 106, 106, 3, 'Jesus Doesn''t Want Me For A Sunbeam', '0:4:37');
INSERT INTO tracks (artist_id, album_id, release_id, number, title, length) VALUES (22, 106, 106, 4, 'The Man Who Sold The World', '0:4:20');
INSERT INTO tracks (artist_id, album_id, release_id, number, title, length) VALUES (22, 106, 106, 5, 'Pennyroyal Tea', '0:3:40');
INSERT INTO tracks (artist_id, album_id, release_id, number, title, length) VALUES (22, 106, 106, 6, 'Dumb', '0:2:52');
INSERT INTO tracks (artist_id, album_id, release_id, number, title, length) VALUES (22, 106, 106, 7, 'Polly', '0:3:16');
INSERT INTO tracks (artist_id, album_id, release_id, number, title, length) VALUES (22, 106, 106, 8, 'On a Plain', '0:3:44');
INSERT INTO tracks (artist_id, album_id, release_id, number, title, length) VALUES (22, 106, 106, 9, 'Something In The Way', '0:4:1');
INSERT INTO tracks (artist_id, album_id, release_id, number, title, length) VALUES (22, 106, 106, 10, 'Plateau', '0:3:38');
INSERT INTO tracks (artist_id, album_id, release_id, number, title, length) VALUES (22, 106, 106, 11, 'Oh Me', '0:3:26');
INSERT INTO tracks (artist_id, album_id, release_id, number, title, length) VALUES (22, 106, 106, 12, 'Lake of Fire', '0:2:55');
INSERT INTO tracks (artist_id, album_id, release_id, number, title, length) VALUES (22, 106, 106, 13, 'All Apologies', '0:4:23');
INSERT INTO tracks (artist_id, album_id, release_id, number, title, length) VALUES (22, 106, 106, 14, 'Where Did You Sleep Last Night', '0:5:8');
INSERT INTO albums (artist_id, title, year) VALUES (22, 'Sub Pop Sessions', '1900-01-01');
INSERT INTO releases (album_id, description, year) VALUES (107, 'Standard CD', '1900-01-01');
INSERT INTO tracks (artist_id, album_id, release_id, number, title, length) VALUES (22, 107, 107, 1, 'Love Buzz', '0:3:31');
INSERT INTO tracks (artist_id, album_id, release_id, number, title, length) VALUES (22, 107, 107, 2, 'Spank Thru', '0:3:19');
INSERT INTO tracks (artist_id, album_id, release_id, number, title, length) VALUES (22, 107, 107, 3, 'If You Must', '0:3:47');
INSERT INTO tracks (artist_id, album_id, release_id, number, title, length) VALUES (22, 107, 107, 4, 'Downer', '0:1:34');
INSERT INTO tracks (artist_id, album_id, release_id, number, title, length) VALUES (22, 107, 107, 5, 'Floyd The Barber', '0:2:6');
INSERT INTO tracks (artist_id, album_id, release_id, number, title, length) VALUES (22, 107, 107, 6, 'Paper Cuts', '0:3:48');
INSERT INTO tracks (artist_id, album_id, release_id, number, title, length) VALUES (22, 107, 107, 7, 'Spank Thru', '0:3:17');
INSERT INTO tracks (artist_id, album_id, release_id, number, title, length) VALUES (22, 107, 107, 8, 'Beeswax', '0:2:32');
INSERT INTO tracks (artist_id, album_id, release_id, number, title, length) VALUES (22, 107, 107, 9, 'Pen Cap Chew', '0:2:43');
INSERT INTO tracks (artist_id, album_id, release_id, number, title, length) VALUES (22, 107, 107, 10, 'Love Buzz', '0:3:10');
INSERT INTO tracks (artist_id, album_id, release_id, number, title, length) VALUES (22, 107, 107, 11, 'About A Girl', '0:2:38');
INSERT INTO tracks (artist_id, album_id, release_id, number, title, length) VALUES (22, 107, 107, 12, 'Polly', '0:2:36');
INSERT INTO tracks (artist_id, album_id, release_id, number, title, length) VALUES (22, 107, 107, 13, 'Spank Thru', '0:3:8');
INSERT INTO tracks (artist_id, album_id, release_id, number, title, length) VALUES (22, 107, 107, 14, 'Beeswax', '0:2:48');
INSERT INTO tracks (artist_id, album_id, release_id, number, title, length) VALUES (22, 107, 107, 15, 'Aero Zeppelin', '0:4:42');
INSERT INTO tracks (artist_id, album_id, release_id, number, title, length) VALUES (22, 107, 107, 16, 'If You Must', '0:4:7');
INSERT INTO tracks (artist_id, album_id, release_id, number, title, length) VALUES (22, 107, 107, 17, 'Mexican Seafood', '0:1:57');
INSERT INTO albums (artist_id, title, year) VALUES (22, 'Sliver - The Best of the Box', '2005-01-01');
INSERT INTO releases (album_id, description, year) VALUES (108, 'Standard CD', '2005-01-01');
INSERT INTO tracks (artist_id, album_id, release_id, number, title, length) VALUES (22, 108, 108, 1, 'Spank Thru (1985 Fecal Matter Demo)', '0:3:45');
INSERT INTO tracks (artist_id, album_id, release_id, number, title, length) VALUES (22, 108, 108, 2, 'Heartbreaker (Live)', '0:2:59');
INSERT INTO tracks (artist_id, album_id, release_id, number, title, length) VALUES (22, 108, 108, 3, 'Mrs Butterworth (Rehearsal Demo)', '0:4:4');
INSERT INTO tracks (artist_id, album_id, release_id, number, title, length) VALUES (22, 108, 108, 4, 'Floyd the Barber (Live)', '0:2:33');
INSERT INTO tracks (artist_id, album_id, release_id, number, title, length) VALUES (22, 108, 108, 5, 'Clean Up Before She Comes (Home Demo)', '0:3:12');
INSERT INTO tracks (artist_id, album_id, release_id, number, title, length) VALUES (22, 108, 108, 6, 'About a Girl (Home Demo)', '0:2:44');
INSERT INTO tracks (artist_id, album_id, release_id, number, title, length) VALUES (22, 108, 108, 7, 'Blandest (Studio Demo)', '0:3:56');
INSERT INTO tracks (artist_id, album_id, release_id, number, title, length) VALUES (22, 108, 108, 8, 'Ain''t It a Shame (Studio Demo)', '0:2:3');
INSERT INTO tracks (artist_id, album_id, release_id, number, title, length) VALUES (22, 108, 108, 9, 'Sappy (1990 Studio Demo)', '0:3:33');
INSERT INTO tracks (artist_id, album_id, release_id, number, title, length) VALUES (22, 108, 108, 10, 'Opinion (Solo Acoustic Radio Appearance)', '0:1:35');
INSERT INTO tracks (artist_id, album_id, release_id, number, title, length) VALUES (22, 108, 108, 11, 'Lithium (Solo Acoustic Radio Appearance)', '0:1:49');
INSERT INTO tracks (artist_id, album_id, release_id, number, title, length) VALUES (22, 108, 108, 12, 'Sliver (Home Demo)', '0:2:10');
INSERT INTO tracks (artist_id, album_id, release_id, number, title, length) VALUES (22, 108, 108, 13, 'Smells Like Teen Spirit (Boom Box Version)', '0:5:40');
INSERT INTO tracks (artist_id, album_id, release_id, number, title, length) VALUES (22, 108, 108, 14, 'Come as You Are (Boom Box Version)', '0:4:10');
INSERT INTO tracks (artist_id, album_id, release_id, number, title, length) VALUES (22, 108, 108, 15, 'Old Age (Nevermind Outtake)', '0:4:21');
INSERT INTO tracks (artist_id, album_id, release_id, number, title, length) VALUES (22, 108, 108, 16, 'Oh, The Guilt', '0:3:25');
INSERT INTO tracks (artist_id, album_id, release_id, number, title, length) VALUES (22, 108, 108, 17, 'Rape Me (Home Demo)', '0:3:23');
INSERT INTO tracks (artist_id, album_id, release_id, number, title, length) VALUES (22, 108, 108, 18, 'Rape Me (Band Demo)', '0:3:3');
INSERT INTO tracks (artist_id, album_id, release_id, number, title, length) VALUES (22, 108, 108, 19, 'Heart-Shaped Box (Band Demo)', '0:5:33');
INSERT INTO tracks (artist_id, album_id, release_id, number, title, length) VALUES (22, 108, 108, 20, 'Do Re Mi (Home Demo)', '0:4:24');
INSERT INTO tracks (artist_id, album_id, release_id, number, title, length) VALUES (22, 108, 108, 21, 'You Know You''re Right (Home Demo)', '0:2:30');
INSERT INTO tracks (artist_id, album_id, release_id, number, title, length) VALUES (22, 108, 108, 22, 'All Apologies (Home Demo)', '0:3:33');
INSERT INTO albums (artist_id, title, year) VALUES (22, 'Nevermind Sessions', '1900-01-01');
INSERT INTO releases (album_id, description, year) VALUES (109, 'Standard CD', '1900-01-01');
INSERT INTO tracks (artist_id, album_id, release_id, number, title, length) VALUES (22, 109, 109, 1, 'In Bloom', '0:4:27');
INSERT INTO tracks (artist_id, album_id, release_id, number, title, length) VALUES (22, 109, 109, 2, 'Breed', '0:3:8');
INSERT INTO tracks (artist_id, album_id, release_id, number, title, length) VALUES (22, 109, 109, 3, 'Stay Away', '0:3:25');
INSERT INTO tracks (artist_id, album_id, release_id, number, title, length) VALUES (22, 109, 109, 4, 'Polly', '0:2:50');
INSERT INTO tracks (artist_id, album_id, release_id, number, title, length) VALUES (22, 109, 109, 5, 'Dive', '0:3:47');
INSERT INTO tracks (artist_id, album_id, release_id, number, title, length) VALUES (22, 109, 109, 6, 'Lithium', '0:4:21');
INSERT INTO tracks (artist_id, album_id, release_id, number, title, length) VALUES (22, 109, 109, 7, 'Sappy', '0:3:25');
INSERT INTO tracks (artist_id, album_id, release_id, number, title, length) VALUES (22, 109, 109, 8, 'Here She Comes Now', '0:5:1');
INSERT INTO tracks (artist_id, album_id, release_id, number, title, length) VALUES (22, 109, 109, 9, 'Aneurysm', '0:4:34');
INSERT INTO tracks (artist_id, album_id, release_id, number, title, length) VALUES (22, 109, 109, 10, 'Drain You', '0:4:1');
INSERT INTO tracks (artist_id, album_id, release_id, number, title, length) VALUES (22, 109, 109, 11, 'Endless Nameless', '0:8:0');
INSERT INTO albums (artist_id, title, year) VALUES (22, 'Lithium', '1992-01-01');
INSERT INTO releases (album_id, description, year) VALUES (110, 'Standard CD', '1992-01-01');
INSERT INTO tracks (artist_id, album_id, release_id, number, title, length) VALUES (22, 110, 110, 1, 'Lithium', '0:4:19');
INSERT INTO tracks (artist_id, album_id, release_id, number, title, length) VALUES (22, 110, 110, 2, 'Been A Son (live)', '0:2:33');
INSERT INTO tracks (artist_id, album_id, release_id, number, title, length) VALUES (22, 110, 110, 3, 'Curmudgeon', '0:2:59');
INSERT INTO albums (artist_id, title, year) VALUES (22, 'Hormoaning EP', '1992-01-01');
INSERT INTO releases (album_id, description, year) VALUES (111, 'Standard CD', '1992-01-01');
INSERT INTO tracks (artist_id, album_id, release_id, number, title, length) VALUES (22, 111, 111, 1, 'Turnaround', '0:2:20');
INSERT INTO tracks (artist_id, album_id, release_id, number, title, length) VALUES (22, 111, 111, 2, 'Aneurysm', '0:4:49');
INSERT INTO tracks (artist_id, album_id, release_id, number, title, length) VALUES (22, 111, 111, 3, 'D-7', '0:3:48');
INSERT INTO tracks (artist_id, album_id, release_id, number, title, length) VALUES (22, 111, 111, 4, 'Son of a Gun', '0:2:50');
INSERT INTO tracks (artist_id, album_id, release_id, number, title, length) VALUES (22, 111, 111, 5, 'Even in His Youth', '0:3:7');
INSERT INTO tracks (artist_id, album_id, release_id, number, title, length) VALUES (22, 111, 111, 6, 'Molly''s Lips', '0:1:52');
INSERT INTO albums (artist_id, title, year) VALUES (22, 'From The Muddy Banks Of The Wishkah', '1996-01-01');
INSERT INTO releases (album_id, description, year) VALUES (112, 'Standard CD', '1996-01-01');
INSERT INTO tracks (artist_id, album_id, release_id, number, title, length) VALUES (22, 112, 112, 1, 'Intro', '0:0:52');
INSERT INTO tracks (artist_id, album_id, release_id, number, title, length) VALUES (22, 112, 112, 2, 'School', '0:2:40');
INSERT INTO tracks (artist_id, album_id, release_id, number, title, length) VALUES (22, 112, 112, 3, 'Drain You', '0:3:35');
INSERT INTO tracks (artist_id, album_id, release_id, number, title, length) VALUES (22, 112, 112, 4, 'Aneurysm', '0:4:31');
INSERT INTO tracks (artist_id, album_id, release_id, number, title, length) VALUES (22, 112, 112, 5, 'Smells Like Teen Spirit', '0:4:47');
INSERT INTO tracks (artist_id, album_id, release_id, number, title, length) VALUES (22, 112, 112, 6, 'Been A Son', '0:2:7');
INSERT INTO tracks (artist_id, album_id, release_id, number, title, length) VALUES (22, 112, 112, 7, 'Lithium', '0:4:9');
INSERT INTO tracks (artist_id, album_id, release_id, number, title, length) VALUES (22, 112, 112, 8, 'Sliver', '0:1:56');
INSERT INTO tracks (artist_id, album_id, release_id, number, title, length) VALUES (22, 112, 112, 9, 'Spank Thru', '0:3:10');
INSERT INTO tracks (artist_id, album_id, release_id, number, title, length) VALUES (22, 112, 112, 10, 'Scentless Apprentice', '0:3:31');
INSERT INTO tracks (artist_id, album_id, release_id, number, title, length) VALUES (22, 112, 112, 11, 'Heart-Shaped Box', '0:4:41');
INSERT INTO tracks (artist_id, album_id, release_id, number, title, length) VALUES (22, 112, 112, 12, 'Milk It', '0:3:45');
INSERT INTO tracks (artist_id, album_id, release_id, number, title, length) VALUES (22, 112, 112, 13, 'Negative Creep', '0:2:43');
INSERT INTO tracks (artist_id, album_id, release_id, number, title, length) VALUES (22, 112, 112, 14, 'Polly', '0:2:29');
INSERT INTO tracks (artist_id, album_id, release_id, number, title, length) VALUES (22, 112, 112, 15, 'Breed', '0:3:28');
INSERT INTO tracks (artist_id, album_id, release_id, number, title, length) VALUES (22, 112, 112, 16, 'Tourette''s', '0:1:55');
INSERT INTO tracks (artist_id, album_id, release_id, number, title, length) VALUES (22, 112, 112, 17, 'Blew', '0:3:36');
INSERT INTO albums (artist_id, title, year) VALUES (22, 'Bleach Sessions', '1900-01-01');
INSERT INTO releases (album_id, description, year) VALUES (113, 'Standard CD', '1900-01-01');
INSERT INTO tracks (artist_id, album_id, release_id, number, title, length) VALUES (22, 113, 113, 1, 'Beeswax', '0:2:40');
INSERT INTO tracks (artist_id, album_id, release_id, number, title, length) VALUES (22, 113, 113, 2, 'Mexican Seafood', '0:1:48');
INSERT INTO tracks (artist_id, album_id, release_id, number, title, length) VALUES (22, 113, 113, 3, 'Pen Cap Chew', '0:2:54');
INSERT INTO tracks (artist_id, album_id, release_id, number, title, length) VALUES (22, 113, 113, 4, 'Mr Moustache', '0:3:34');
INSERT INTO tracks (artist_id, album_id, release_id, number, title, length) VALUES (22, 113, 113, 5, 'Blandest', '0:3:52');
INSERT INTO tracks (artist_id, album_id, release_id, number, title, length) VALUES (22, 113, 113, 6, 'Downer', '0:1:40');
INSERT INTO tracks (artist_id, album_id, release_id, number, title, length) VALUES (22, 113, 113, 7, 'Floyd The Barber', '0:2:12');
INSERT INTO tracks (artist_id, album_id, release_id, number, title, length) VALUES (22, 113, 113, 8, 'Paper Cuts', '0:4:0');
INSERT INTO tracks (artist_id, album_id, release_id, number, title, length) VALUES (22, 113, 113, 9, 'Spanks Thru', '0:3:25');
INSERT INTO tracks (artist_id, album_id, release_id, number, title, length) VALUES (22, 113, 113, 10, 'Sifting', '0:5:20');
INSERT INTO tracks (artist_id, album_id, release_id, number, title, length) VALUES (22, 113, 113, 11, 'Aero Zepplin', '0:4:27');
INSERT INTO tracks (artist_id, album_id, release_id, number, title, length) VALUES (22, 113, 113, 12, 'If You Must', '0:3:47');
INSERT INTO tracks (artist_id, album_id, release_id, number, title, length) VALUES (22, 113, 113, 13, 'Hairspray Queen', '0:4:5');
INSERT INTO tracks (artist_id, album_id, release_id, number, title, length) VALUES (22, 113, 113, 14, 'Blew', '0:2:55');
INSERT INTO albums (artist_id, title, year) VALUES (22, 'Come As You Are', '1992-01-01');
INSERT INTO releases (album_id, description, year) VALUES (114, 'Standard CD', '1992-01-01');
INSERT INTO tracks (artist_id, album_id, release_id, number, title, length) VALUES (22, 114, 114, 1, 'Come As You Are (LP Version)', '0:3:42');
INSERT INTO tracks (artist_id, album_id, release_id, number, title, length) VALUES (22, 114, 114, 2, 'Endless, Nameless', '0:6:46');
INSERT INTO tracks (artist_id, album_id, release_id, number, title, length) VALUES (22, 114, 114, 3, 'School (Live)', '0:2:37');
INSERT INTO tracks (artist_id, album_id, release_id, number, title, length) VALUES (22, 114, 114, 4, 'Drain You (Live)', '0:3:50');
INSERT INTO albums (artist_id, title, year) VALUES (22, 'In Utero', '1993-01-01');
INSERT INTO releases (album_id, description, year) VALUES (115, 'Standard CD', '1993-01-01');
INSERT INTO tracks (artist_id, album_id, release_id, number, title, length) VALUES (22, 115, 115, 1, 'Serve The Servants', '0:3:36');
INSERT INTO tracks (artist_id, album_id, release_id, number, title, length) VALUES (22, 115, 115, 2, 'Scentless Apprentice', '0:3:47');
INSERT INTO tracks (artist_id, album_id, release_id, number, title, length) VALUES (22, 115, 115, 3, 'Heart-Shaped Box', '0:4:41');
INSERT INTO tracks (artist_id, album_id, release_id, number, title, length) VALUES (22, 115, 115, 4, 'Rape Me', '0:2:49');
INSERT INTO tracks (artist_id, album_id, release_id, number, title, length) VALUES (22, 115, 115, 5, 'Frances Farmer Will Have Her Revenge On Seattle', '0:4:9');
INSERT INTO tracks (artist_id, album_id, release_id, number, title, length) VALUES (22, 115, 115, 6, 'Dumb', '0:2:32');
INSERT INTO tracks (artist_id, album_id, release_id, number, title, length) VALUES (22, 115, 115, 7, 'Very Ape', '0:1:55');
INSERT INTO tracks (artist_id, album_id, release_id, number, title, length) VALUES (22, 115, 115, 8, 'Milk It', '0:3:54');
INSERT INTO tracks (artist_id, album_id, release_id, number, title, length) VALUES (22, 115, 115, 9, 'Pennyroyal Tea', '0:3:37');
INSERT INTO tracks (artist_id, album_id, release_id, number, title, length) VALUES (22, 115, 115, 10, 'Radio Friendly Unit Shifter', '0:4:51');
INSERT INTO tracks (artist_id, album_id, release_id, number, title, length) VALUES (22, 115, 115, 11, 'Tourette''s', '0:1:35');
INSERT INTO tracks (artist_id, album_id, release_id, number, title, length) VALUES (22, 115, 115, 12, 'All Apologies', '0:3:50');
INSERT INTO albums (artist_id, title, year) VALUES (22, 'Nevermind', '1991-01-01');
INSERT INTO releases (album_id, description, year) VALUES (116, 'Standard CD', '1991-01-01');
INSERT INTO tracks (artist_id, album_id, release_id, number, title, length) VALUES (22, 116, 116, 1, 'Smells Like Teen Spirit', '0:5:1');
INSERT INTO tracks (artist_id, album_id, release_id, number, title, length) VALUES (22, 116, 116, 2, 'In Bloom', '0:4:14');
INSERT INTO tracks (artist_id, album_id, release_id, number, title, length) VALUES (22, 116, 116, 3, 'Come As You Are', '0:3:39');
INSERT INTO tracks (artist_id, album_id, release_id, number, title, length) VALUES (22, 116, 116, 4, 'Breed', '0:3:3');
INSERT INTO tracks (artist_id, album_id, release_id, number, title, length) VALUES (22, 116, 116, 5, 'Lithium', '0:4:16');
INSERT INTO tracks (artist_id, album_id, release_id, number, title, length) VALUES (22, 116, 116, 6, 'Polly', '0:2:57');
INSERT INTO tracks (artist_id, album_id, release_id, number, title, length) VALUES (22, 116, 116, 7, 'Territorial Pissings', '0:2:23');
INSERT INTO tracks (artist_id, album_id, release_id, number, title, length) VALUES (22, 116, 116, 8, 'Drain You', '0:3:43');
INSERT INTO tracks (artist_id, album_id, release_id, number, title, length) VALUES (22, 116, 116, 9, 'Lounge Act', '0:2:36');
INSERT INTO tracks (artist_id, album_id, release_id, number, title, length) VALUES (22, 116, 116, 10, 'Stay Away', '0:3:32');
INSERT INTO tracks (artist_id, album_id, release_id, number, title, length) VALUES (22, 116, 116, 11, 'On A Plain', '0:3:16');
INSERT INTO tracks (artist_id, album_id, release_id, number, title, length) VALUES (22, 116, 116, 12, 'Something In The Way', '0:3:48');
INSERT INTO tracks (artist_id, album_id, release_id, number, title, length) VALUES (22, 116, 116, 13, 'Endless, Nameless', '0:6:44');
INSERT INTO albums (artist_id, title, year) VALUES (22, 'Smells Like Teen Spirit', '1991-01-01');
INSERT INTO releases (album_id, description, year) VALUES (117, 'Standard CD', '1991-01-01');
INSERT INTO tracks (artist_id, album_id, release_id, number, title, length) VALUES (22, 117, 117, 1, 'Smells Like Teen Spirit', '0:4:39');
INSERT INTO tracks (artist_id, album_id, release_id, number, title, length) VALUES (22, 117, 117, 2, 'Even In His Youth', '0:3:5');
INSERT INTO tracks (artist_id, album_id, release_id, number, title, length) VALUES (22, 117, 117, 3, 'Aneurysm', '0:4:46');
INSERT INTO artists (name) VALUES ('Noise Unit');
INSERT INTO albums (artist_id, title, year) VALUES (23, 'Decoder', '1996-01-01');
INSERT INTO releases (album_id, description, year) VALUES (118, 'Standard CD', '1996-01-01');
INSERT INTO tracks (artist_id, album_id, release_id, number, title, length) VALUES (23, 118, 118, 1, 'Bahnhof', '0:5:59');
INSERT INTO tracks (artist_id, album_id, release_id, number, title, length) VALUES (23, 118, 118, 2, 'Innerchaos', '0:7:54');
INSERT INTO tracks (artist_id, album_id, release_id, number, title, length) VALUES (23, 118, 118, 3, 'Protector', '0:6:12');
INSERT INTO tracks (artist_id, album_id, release_id, number, title, length) VALUES (23, 118, 118, 4, 'Paradise (dis)', '0:8:39');
INSERT INTO tracks (artist_id, album_id, release_id, number, title, length) VALUES (23, 118, 118, 5, 'Firing Line', '0:5:17');
INSERT INTO tracks (artist_id, album_id, release_id, number, title, length) VALUES (23, 118, 118, 6, 'Escape', '0:8:35');
INSERT INTO tracks (artist_id, album_id, release_id, number, title, length) VALUES (23, 118, 118, 7, 'Elixure', '0:7:10');
INSERT INTO tracks (artist_id, album_id, release_id, number, title, length) VALUES (23, 118, 118, 8, 'Biosphere', '0:9:37');
INSERT INTO tracks (artist_id, album_id, release_id, number, title, length) VALUES (23, 118, 118, 9, 'Ascent', '0:6:21');
INSERT INTO tracks (artist_id, album_id, release_id, number, title, length) VALUES (23, 118, 118, 10, 'Falling', '0:6:5');
INSERT INTO albums (artist_id, title, year) VALUES (23, 'Strategy Of Violence', '1992-01-01');
INSERT INTO releases (album_id, description, year) VALUES (119, 'Standard CD', '1992-01-01');
INSERT INTO tracks (artist_id, album_id, release_id, number, title, length) VALUES (23, 119, 119, 1, 'Corroded Decay', '0:5:26');
INSERT INTO tracks (artist_id, album_id, release_id, number, title, length) VALUES (23, 119, 119, 2, 'Hollow Ground', '0:6:33');
INSERT INTO tracks (artist_id, album_id, release_id, number, title, length) VALUES (23, 119, 119, 3, 'Hate You Feel', '0:5:29');
INSERT INTO tracks (artist_id, album_id, release_id, number, title, length) VALUES (23, 119, 119, 4, 'Assualt', '0:5:46');
INSERT INTO tracks (artist_id, album_id, release_id, number, title, length) VALUES (23, 119, 119, 5, 'Carnage', '0:5:19');
INSERT INTO tracks (artist_id, album_id, release_id, number, title, length) VALUES (23, 119, 119, 6, 'Kick To Kill', '0:4:8');
INSERT INTO tracks (artist_id, album_id, release_id, number, title, length) VALUES (23, 119, 119, 7, 'Alle Gegen Alles', '0:4:34');
INSERT INTO tracks (artist_id, album_id, release_id, number, title, length) VALUES (23, 119, 119, 8, 'The Passage', '0:5:18');
INSERT INTO tracks (artist_id, album_id, release_id, number, title, length) VALUES (23, 119, 119, 9, 'No Soul, No Fear', '0:6:26');
INSERT INTO albums (artist_id, title, year) VALUES (23, 'Drill', '1997-01-01');
INSERT INTO releases (album_id, description, year) VALUES (120, 'Standard CD', '1997-01-01');
INSERT INTO tracks (artist_id, album_id, release_id, number, title, length) VALUES (23, 120, 120, 1, 'The Drain', '0:6:51');
INSERT INTO tracks (artist_id, album_id, release_id, number, title, length) VALUES (23, 120, 120, 2, 'Dominator', '0:5:43');
INSERT INTO tracks (artist_id, album_id, release_id, number, title, length) VALUES (23, 120, 120, 3, 'Prostitute', '0:6:40');
INSERT INTO tracks (artist_id, album_id, release_id, number, title, length) VALUES (23, 120, 120, 4, 'Miracle', '0:6:49');
INSERT INTO tracks (artist_id, album_id, release_id, number, title, length) VALUES (23, 120, 120, 5, 'Eye Burner', '0:7:17');
INSERT INTO tracks (artist_id, album_id, release_id, number, title, length) VALUES (23, 120, 120, 6, 'Sloth', '0:6:46');
INSERT INTO tracks (artist_id, album_id, release_id, number, title, length) VALUES (23, 120, 120, 7, 'Neuron', '0:5:31');
INSERT INTO tracks (artist_id, album_id, release_id, number, title, length) VALUES (23, 120, 120, 8, 'Other World', '0:6:7');
INSERT INTO tracks (artist_id, album_id, release_id, number, title, length) VALUES (23, 120, 120, 9, 'Penance', '0:6:4');
INSERT INTO albums (artist_id, title, year) VALUES (23, 'Voyeur', '2005-01-01');
INSERT INTO releases (album_id, description, year) VALUES (121, 'Standard CD', '2005-01-01');
INSERT INTO tracks (artist_id, album_id, release_id, number, title, length) VALUES (23, 121, 121, 1, 'Illicit Dreams', '0:7:50');
INSERT INTO tracks (artist_id, album_id, release_id, number, title, length) VALUES (23, 121, 121, 2, 'Seclusion', '0:5:38');
INSERT INTO tracks (artist_id, album_id, release_id, number, title, length) VALUES (23, 121, 121, 3, 'Surveillance', '0:7:1');
INSERT INTO tracks (artist_id, album_id, release_id, number, title, length) VALUES (23, 121, 121, 4, 'Paranoid', '0:5:48');
INSERT INTO tracks (artist_id, album_id, release_id, number, title, length) VALUES (23, 121, 121, 5, 'Liberation', '0:4:15');
INSERT INTO tracks (artist_id, album_id, release_id, number, title, length) VALUES (23, 121, 121, 6, 'Strapdown', '0:5:16');
INSERT INTO tracks (artist_id, album_id, release_id, number, title, length) VALUES (23, 121, 121, 7, 'Submerged', '0:6:58');
INSERT INTO tracks (artist_id, album_id, release_id, number, title, length) VALUES (23, 121, 121, 8, 'Tighten Up', '0:4:21');
INSERT INTO tracks (artist_id, album_id, release_id, number, title, length) VALUES (23, 121, 121, 10, 'Submission', '0:4:57');
INSERT INTO tracks (artist_id, album_id, release_id, number, title, length) VALUES (23, 121, 121, 9, 'Monolith', '0:6:59');
INSERT INTO artists (name) VALUES ('Obituary');
INSERT INTO albums (artist_id, title, year) VALUES (24, 'Slowly We Rot', '1989-01-01');
INSERT INTO releases (album_id, description, year) VALUES (122, 'Standard CD', '1989-01-01');
INSERT INTO tracks (artist_id, album_id, release_id, number, title, length) VALUES (24, 122, 122, 1, 'Internal Bleeding', '0:3:1');
INSERT INTO tracks (artist_id, album_id, release_id, number, title, length) VALUES (24, 122, 122, 2, 'Godly Beings', '0:1:55');
INSERT INTO tracks (artist_id, album_id, release_id, number, title, length) VALUES (24, 122, 122, 3, '''Til Death', '0:3:56');
INSERT INTO tracks (artist_id, album_id, release_id, number, title, length) VALUES (24, 122, 122, 4, 'Slowly We Rot', '0:3:36');
INSERT INTO tracks (artist_id, album_id, release_id, number, title, length) VALUES (24, 122, 122, 5, 'Immortal Visions', '0:2:25');
INSERT INTO tracks (artist_id, album_id, release_id, number, title, length) VALUES (24, 122, 122, 6, 'Gates To Hell', '0:2:48');
INSERT INTO tracks (artist_id, album_id, release_id, number, title, length) VALUES (24, 122, 122, 7, 'Words Of Evil', '0:1:55');
INSERT INTO tracks (artist_id, album_id, release_id, number, title, length) VALUES (24, 122, 122, 8, 'Suffocation', '0:2:35');
INSERT INTO tracks (artist_id, album_id, release_id, number, title, length) VALUES (24, 122, 122, 9, 'Intoxicated', '0:4:40');
INSERT INTO tracks (artist_id, album_id, release_id, number, title, length) VALUES (24, 122, 122, 10, 'Deadly Intentions', '0:2:9');
INSERT INTO tracks (artist_id, album_id, release_id, number, title, length) VALUES (24, 122, 122, 11, 'Bloodsoaked', '0:3:11');
INSERT INTO tracks (artist_id, album_id, release_id, number, title, length) VALUES (24, 122, 122, 12, 'Stinkupuss', '0:2:59');
INSERT INTO tracks (artist_id, album_id, release_id, number, title, length) VALUES (24, 122, 122, 13, 'Find The Arise [Demo]', '0:2:39');
INSERT INTO tracks (artist_id, album_id, release_id, number, title, length) VALUES (24, 122, 122, 14, 'Like The Dead [Demo]', '0:2:34');
INSERT INTO albums (artist_id, title, year) VALUES (24, 'World Demise', '1994-01-01');
INSERT INTO releases (album_id, description, year) VALUES (123, 'Standard CD', '1994-01-01');
INSERT INTO tracks (artist_id, album_id, release_id, number, title, length) VALUES (24, 123, 123, 1, 'Don''t Care', '0:3:9');
INSERT INTO tracks (artist_id, album_id, release_id, number, title, length) VALUES (24, 123, 123, 2, 'World Demise', '0:3:43');
INSERT INTO tracks (artist_id, album_id, release_id, number, title, length) VALUES (24, 123, 123, 3, 'Burned In', '0:3:32');
INSERT INTO tracks (artist_id, album_id, release_id, number, title, length) VALUES (24, 123, 123, 4, 'Redefine', '0:4:39');
INSERT INTO tracks (artist_id, album_id, release_id, number, title, length) VALUES (24, 123, 123, 5, 'Paralyzing', '0:4:57');
INSERT INTO tracks (artist_id, album_id, release_id, number, title, length) VALUES (24, 123, 123, 6, 'Lost', '0:3:59');
INSERT INTO tracks (artist_id, album_id, release_id, number, title, length) VALUES (24, 123, 123, 7, 'Solid State', '0:4:38');
INSERT INTO tracks (artist_id, album_id, release_id, number, title, length) VALUES (24, 123, 123, 8, 'Splattered', '0:4:15');
INSERT INTO tracks (artist_id, album_id, release_id, number, title, length) VALUES (24, 123, 123, 9, 'Final Thoughts', '0:4:8');
INSERT INTO tracks (artist_id, album_id, release_id, number, title, length) VALUES (24, 123, 123, 10, 'Boiling Point', '0:3:10');
INSERT INTO tracks (artist_id, album_id, release_id, number, title, length) VALUES (24, 123, 123, 11, 'Set In Stone', '0:4:52');
INSERT INTO tracks (artist_id, album_id, release_id, number, title, length) VALUES (24, 123, 123, 12, 'Kill For Me', '0:5:59');
INSERT INTO artists (name) VALUES ('ohGr');
INSERT INTO albums (artist_id, title, year) VALUES (25, 'Welt', '2001-01-01');
INSERT INTO releases (album_id, description, year) VALUES (124, 'Standard CD', '2001-01-01');
INSERT INTO tracks (artist_id, album_id, release_id, number, title, length) VALUES (25, 124, 124, 1, 'Water', '0:4:27');
INSERT INTO tracks (artist_id, album_id, release_id, number, title, length) VALUES (25, 124, 124, 2, 'Devil', '0:4:37');
INSERT INTO tracks (artist_id, album_id, release_id, number, title, length) VALUES (25, 124, 124, 3, 'Kettle', '0:3:50');
INSERT INTO tracks (artist_id, album_id, release_id, number, title, length) VALUES (25, 124, 124, 4, 'Earthworm', '0:3:21');
INSERT INTO tracks (artist_id, album_id, release_id, number, title, length) VALUES (25, 124, 124, 5, 'Lusid', '0:3:50');
INSERT INTO tracks (artist_id, album_id, release_id, number, title, length) VALUES (25, 124, 124, 6, 'Pore', '0:3:57');
INSERT INTO tracks (artist_id, album_id, release_id, number, title, length) VALUES (25, 124, 124, 7, 'Chaos', '0:4:8');
INSERT INTO tracks (artist_id, album_id, release_id, number, title, length) VALUES (25, 124, 124, 8, 'Cracker', '0:3:31');
INSERT INTO tracks (artist_id, album_id, release_id, number, title, length) VALUES (25, 124, 124, 9, 'Solow', '0:4:47');
INSERT INTO tracks (artist_id, album_id, release_id, number, title, length) VALUES (25, 124, 124, 10, 'Suhleap', '0:3:16');
INSERT INTO tracks (artist_id, album_id, release_id, number, title, length) VALUES (25, 124, 124, 11, 'Minus', '0:4:19');
INSERT INTO artists (name) VALUES ('Outcast');
INSERT INTO albums (artist_id, title, year) VALUES (26, 'Hate Injected', '2003-01-01');
INSERT INTO releases (album_id, description, year) VALUES (125, 'Standard CD', '2003-01-01');
INSERT INTO tracks (artist_id, album_id, release_id, number, title, length) VALUES (26, 125, 125, 1, 'Desecrated Dreams', '0:2:43');
INSERT INTO tracks (artist_id, album_id, release_id, number, title, length) VALUES (26, 125, 125, 2, 'Near the Mouth of Madness', '0:3:25');
INSERT INTO artists (name) VALUES ('Paw');
INSERT INTO albums (artist_id, title, year) VALUES (27, 'Death To Traitors', '1995-01-01');
INSERT INTO releases (album_id, description, year) VALUES (126, 'Standard CD', '1995-01-01');
INSERT INTO tracks (artist_id, album_id, release_id, number, title, length) VALUES (27, 126, 126, 1, 'No Such Luck', '0:4:26');
INSERT INTO tracks (artist_id, album_id, release_id, number, title, length) VALUES (27, 126, 126, 2, 'Seasoned Glove', '0:4:0');
INSERT INTO tracks (artist_id, album_id, release_id, number, title, length) VALUES (27, 126, 126, 3, 'Hope I Die Tonight', '0:4:49');
INSERT INTO tracks (artist_id, album_id, release_id, number, title, length) VALUES (27, 126, 126, 4, 'Swollen', '0:3:1');
INSERT INTO tracks (artist_id, album_id, release_id, number, title, length) VALUES (27, 126, 126, 5, 'Last One', '0:3:49');
INSERT INTO tracks (artist_id, album_id, release_id, number, title, length) VALUES (27, 126, 126, 6, 'Death To Traitors', '0:4:44');
INSERT INTO tracks (artist_id, album_id, release_id, number, title, length) VALUES (27, 126, 126, 7, 'Built Low', '0:5:52');
INSERT INTO tracks (artist_id, album_id, release_id, number, title, length) VALUES (27, 126, 126, 8, 'Glue Mouth Kid', '0:3:30');
INSERT INTO tracks (artist_id, album_id, release_id, number, title, length) VALUES (27, 126, 126, 9, 'Texas', '0:3:31');
INSERT INTO tracks (artist_id, album_id, release_id, number, title, length) VALUES (27, 126, 126, 10, 'Max the Silent', '0:3:52');
INSERT INTO tracks (artist_id, album_id, release_id, number, title, length) VALUES (27, 126, 126, 11, 'Sweet Sally Brown', '0:5:52');
INSERT INTO tracks (artist_id, album_id, release_id, number, title, length) VALUES (27, 126, 126, 12, 'Badger', '0:4:27');
INSERT INTO tracks (artist_id, album_id, release_id, number, title, length) VALUES (27, 126, 126, 13, 'Peach', '0:2:27');
INSERT INTO tracks (artist_id, album_id, release_id, number, title, length) VALUES (27, 126, 126, 14, 'Sunflower', '0:4:3');
INSERT INTO albums (artist_id, title, year) VALUES (27, 'Dragline', '1993-01-01');
INSERT INTO releases (album_id, description, year) VALUES (127, 'Standard CD', '1993-01-01');
INSERT INTO tracks (artist_id, album_id, release_id, number, title, length) VALUES (27, 127, 127, 1, 'Gasoline', '0:4:48');
INSERT INTO tracks (artist_id, album_id, release_id, number, title, length) VALUES (27, 127, 127, 2, 'Sleeping Bag', '0:4:7');
INSERT INTO tracks (artist_id, album_id, release_id, number, title, length) VALUES (27, 127, 127, 3, 'Jessie', '0:3:15');
INSERT INTO tracks (artist_id, album_id, release_id, number, title, length) VALUES (27, 127, 127, 4, 'The Bridge', '0:3:34');
INSERT INTO tracks (artist_id, album_id, release_id, number, title, length) VALUES (27, 127, 127, 5, 'Couldn''t Know', '0:4:13');
INSERT INTO tracks (artist_id, album_id, release_id, number, title, length) VALUES (27, 127, 127, 6, 'Pansy', '0:3:29');
INSERT INTO tracks (artist_id, album_id, release_id, number, title, length) VALUES (27, 127, 127, 7, 'Lolita', '0:4:56');
INSERT INTO tracks (artist_id, album_id, release_id, number, title, length) VALUES (27, 127, 127, 8, 'Dragline', '0:5:8');
INSERT INTO tracks (artist_id, album_id, release_id, number, title, length) VALUES (27, 127, 127, 9, 'Veronica', '0:3:58');
INSERT INTO tracks (artist_id, album_id, release_id, number, title, length) VALUES (27, 127, 127, 10, 'One More Bottle', '0:4:3');
INSERT INTO tracks (artist_id, album_id, release_id, number, title, length) VALUES (27, 127, 127, 11, 'Sugarcane', '0:3:45');
INSERT INTO tracks (artist_id, album_id, release_id, number, title, length) VALUES (27, 127, 127, 12, 'Hard Pig', '0:5:7');
INSERT INTO artists (name) VALUES ('Placebo Effect');
INSERT INTO albums (artist_id, title, year) VALUES (28, 'Gargoyles & Galleries', '1992-01-01');
INSERT INTO releases (album_id, description, year) VALUES (128, 'Standard CD', '1992-01-01');
INSERT INTO tracks (artist_id, album_id, release_id, number, title, length) VALUES (28, 128, 128, 1, 'Mystress', '0:3:36');
INSERT INTO tracks (artist_id, album_id, release_id, number, title, length) VALUES (28, 128, 128, 2, 'Intoxication', '0:2:0');
INSERT INTO tracks (artist_id, album_id, release_id, number, title, length) VALUES (28, 128, 128, 3, 'Psychotrauma', '0:4:40');
INSERT INTO tracks (artist_id, album_id, release_id, number, title, length) VALUES (28, 128, 128, 4, 'Poison Tree', '0:2:59');
INSERT INTO tracks (artist_id, album_id, release_id, number, title, length) VALUES (28, 128, 128, 5, 'Brain Entrophy', '0:2:9');
INSERT INTO tracks (artist_id, album_id, release_id, number, title, length) VALUES (28, 128, 128, 6, 'Galleries Of Pain (Bloody Pain Remix)', '0:7:41');
INSERT INTO tracks (artist_id, album_id, release_id, number, title, length) VALUES (28, 128, 128, 7, 'Intersection', '0:1:2');
INSERT INTO tracks (artist_id, album_id, release_id, number, title, length) VALUES (28, 128, 128, 8, 'Move (Animation Remix)', '0:4:10');
INSERT INTO tracks (artist_id, album_id, release_id, number, title, length) VALUES (28, 128, 128, 9, 'Psychological Drama', '0:3:7');
INSERT INTO tracks (artist_id, album_id, release_id, number, title, length) VALUES (28, 128, 128, 10, 'Devoid Of Soul (Salvitation Remix)', '0:5:14');
INSERT INTO tracks (artist_id, album_id, release_id, number, title, length) VALUES (28, 128, 128, 11, 'Autopsia', '0:1:44');
INSERT INTO tracks (artist_id, album_id, release_id, number, title, length) VALUES (28, 128, 128, 12, 'Agony Of Mind', '0:5:34');
INSERT INTO tracks (artist_id, album_id, release_id, number, title, length) VALUES (28, 128, 128, 13, 'Dawn And Death', '0:3:49');
INSERT INTO tracks (artist_id, album_id, release_id, number, title, length) VALUES (28, 128, 128, 14, 'Lumph', '0:3:51');
INSERT INTO tracks (artist_id, album_id, release_id, number, title, length) VALUES (28, 128, 128, 15, 'Move', '0:3:46');
INSERT INTO tracks (artist_id, album_id, release_id, number, title, length) VALUES (28, 128, 128, 16, 'Gallery Of Pain', '0:5:6');
INSERT INTO tracks (artist_id, album_id, release_id, number, title, length) VALUES (28, 128, 128, 17, 'Last Day', '0:4:25');
INSERT INTO tracks (artist_id, album_id, release_id, number, title, length) VALUES (28, 128, 128, 18, 'Hard Work', '0:4:48');
INSERT INTO artists (name) VALUES ('Portion Control');
INSERT INTO albums (artist_id, title, year) VALUES (29, 'Crop', '2009-01-01');
INSERT INTO releases (album_id, description, year) VALUES (129, 'Standard CD', '2009-01-01');
INSERT INTO tracks (artist_id, album_id, release_id, number, title, length) VALUES (29, 129, 129, 1, 'Hardman', '0:6:31');
INSERT INTO tracks (artist_id, album_id, release_id, number, title, length) VALUES (29, 129, 129, 2, 'Global', '0:5:6');
INSERT INTO tracks (artist_id, album_id, release_id, number, title, length) VALUES (29, 129, 129, 3, 'Pure Menace', '0:4:32');
INSERT INTO tracks (artist_id, album_id, release_id, number, title, length) VALUES (29, 129, 129, 4, 'Blood Rushed To Head', '0:3:46');
INSERT INTO tracks (artist_id, album_id, release_id, number, title, length) VALUES (29, 129, 129, 5, 'Blind Eyes', '0:4:19');
INSERT INTO tracks (artist_id, album_id, release_id, number, title, length) VALUES (29, 129, 129, 6, 'Too Much Damage', '0:4:39');
INSERT INTO tracks (artist_id, album_id, release_id, number, title, length) VALUES (29, 129, 129, 7, 'Onion Jack II Segue', '0:15:47');
INSERT INTO tracks (artist_id, album_id, release_id, number, title, length) VALUES (29, 129, 129, 8, 'Chew You To Bits Rebuild', '0:4:1');
INSERT INTO tracks (artist_id, album_id, release_id, number, title, length) VALUES (29, 129, 129, 9, 'Sickman', '0:4:10');
INSERT INTO tracks (artist_id, album_id, release_id, number, title, length) VALUES (29, 129, 129, 10, 'Onion Jack IV Segue', '0:17:54');
INSERT INTO tracks (artist_id, album_id, release_id, number, title, length) VALUES (29, 129, 129, 1, 'Brain Scraper Death Dive (Rebuild)', '0:3:52');
INSERT INTO tracks (artist_id, album_id, release_id, number, title, length) VALUES (29, 129, 129, 2, 'Defend (NTRSN Version)', '0:3:6');
INSERT INTO tracks (artist_id, album_id, release_id, number, title, length) VALUES (29, 129, 129, 3, 'Witness/Transmission Intro 01', '0:2:43');
INSERT INTO tracks (artist_id, album_id, release_id, number, title, length) VALUES (29, 129, 129, 4, 'Amnesia09_Beta01', '0:5:51');
INSERT INTO artists (name) VALUES ('Pro-Tech');
INSERT INTO albums (artist_id, title, year) VALUES (30, 'Orbiting Cathedrals', '1997-01-01');
INSERT INTO releases (album_id, description, year) VALUES (130, 'Standard CD', '1997-01-01');
INSERT INTO tracks (artist_id, album_id, release_id, number, title, length) VALUES (30, 130, 130, 1, 'Pheromne', '0:10:29');
INSERT INTO tracks (artist_id, album_id, release_id, number, title, length) VALUES (30, 130, 130, 2, 'Erotic Ontology', '0:8:15');
INSERT INTO tracks (artist_id, album_id, release_id, number, title, length) VALUES (30, 130, 130, 3, 'Thread Four', '0:8:45');
INSERT INTO tracks (artist_id, album_id, release_id, number, title, length) VALUES (30, 130, 130, 4, 'Walls Of Ice', '0:5:41');
INSERT INTO tracks (artist_id, album_id, release_id, number, title, length) VALUES (30, 130, 130, 5, 'Recalcitrant', '0:6:32');
INSERT INTO tracks (artist_id, album_id, release_id, number, title, length) VALUES (30, 130, 130, 6, 'Eros', '0:6:45');
INSERT INTO tracks (artist_id, album_id, release_id, number, title, length) VALUES (30, 130, 130, 7, 'Communication', '0:4:24');
INSERT INTO tracks (artist_id, album_id, release_id, number, title, length) VALUES (30, 130, 130, 8, 'Re-thread', '0:7:43');
INSERT INTO artists (name) VALUES ('Red Tape');
INSERT INTO albums (artist_id, title, year) VALUES (31, 'Radioactivist', '2003-01-01');
INSERT INTO releases (album_id, description, year) VALUES (131, 'Standard CD', '2003-01-01');
INSERT INTO tracks (artist_id, album_id, release_id, number, title, length) VALUES (31, 131, 131, 1, 'A3Xe4Bcr', '0:0:38');
INSERT INTO tracks (artist_id, album_id, release_id, number, title, length) VALUES (31, 131, 131, 2, 'Damage Control', '0:2:57');
INSERT INTO tracks (artist_id, album_id, release_id, number, title, length) VALUES (31, 131, 131, 3, 'High Revoltage', '0:0:46');
INSERT INTO tracks (artist_id, album_id, release_id, number, title, length) VALUES (31, 131, 131, 4, 'Stalingrad', '0:2:59');
INSERT INTO tracks (artist_id, album_id, release_id, number, title, length) VALUES (31, 131, 131, 5, 'Radioactivist', '0:3:1');
INSERT INTO tracks (artist_id, album_id, release_id, number, title, length) VALUES (31, 131, 131, 6, 'Divebomb', '0:3:16');
INSERT INTO tracks (artist_id, album_id, release_id, number, title, length) VALUES (31, 131, 131, 7, 'Droppin'' Bombs On Your Moms', '0:1:56');
INSERT INTO tracks (artist_id, album_id, release_id, number, title, length) VALUES (31, 131, 131, 8, 'Reactor', '0:2:38');
INSERT INTO tracks (artist_id, album_id, release_id, number, title, length) VALUES (31, 131, 131, 9, 'Strike Tonight', '0:3:23');
INSERT INTO tracks (artist_id, album_id, release_id, number, title, length) VALUES (31, 131, 131, 10, 'El Salvador', '0:2:28');
INSERT INTO tracks (artist_id, album_id, release_id, number, title, length) VALUES (31, 131, 131, 11, 'Social Meltdown', '0:2:42');
INSERT INTO tracks (artist_id, album_id, release_id, number, title, length) VALUES (31, 131, 131, 12, 'Golden', '0:1:41');
INSERT INTO tracks (artist_id, album_id, release_id, number, title, length) VALUES (31, 131, 131, 13, 'The Waltz', '0:3:10');
INSERT INTO tracks (artist_id, album_id, release_id, number, title, length) VALUES (31, 131, 131, 14, 'Shoot! Move! Communicate', '0:2:56');
INSERT INTO tracks (artist_id, album_id, release_id, number, title, length) VALUES (31, 131, 131, 15, 'Bl''ast The System!', '0:2:3');
INSERT INTO artists (name) VALUES ('Retaliate');
INSERT INTO albums (artist_id, title, year) VALUES (32, 'Hate Injected', '2003-01-01');
INSERT INTO releases (album_id, description, year) VALUES (132, 'Standard CD', '2003-01-01');
INSERT INTO tracks (artist_id, album_id, release_id, number, title, length) VALUES (32, 132, 132, 3, 'Claim your Price', '0:4:23');
INSERT INTO tracks (artist_id, album_id, release_id, number, title, length) VALUES (32, 132, 132, 4, 'Chain of Hatred', '0:2:44');
INSERT INTO artists (name) VALUES ('Rosetta Stone');
INSERT INTO albums (artist_id, title, year) VALUES (33, 'Hiding In Waiting', '1996-01-01');
INSERT INTO releases (album_id, description, year) VALUES (133, 'Standard CD', '1996-01-01');
INSERT INTO tracks (artist_id, album_id, release_id, number, title, length) VALUES (33, 133, 133, 1, 'Hiding In Waiting <Carrier>', '0:6:36');
INSERT INTO tracks (artist_id, album_id, release_id, number, title, length) VALUES (33, 133, 133, 2, 'Hiding In Waiting <Receiver>', '0:4:18');
INSERT INTO tracks (artist_id, album_id, release_id, number, title, length) VALUES (33, 133, 133, 3, '96.6 Before Dawn', '0:4:30');
INSERT INTO tracks (artist_id, album_id, release_id, number, title, length) VALUES (33, 133, 133, 4, 'Keeping Secrets Telling Lies', '0:5:35');
INSERT INTO tracks (artist_id, album_id, release_id, number, title, length) VALUES (33, 133, 133, 5, 'Living On The Ceiling', '0:4:26');
INSERT INTO tracks (artist_id, album_id, release_id, number, title, length) VALUES (33, 133, 133, 6, 'Venus In Furs', '0:5:36');
INSERT INTO tracks (artist_id, album_id, release_id, number, title, length) VALUES (33, 133, 133, 7, 'Nothing <Special>', '0:4:42');
INSERT INTO tracks (artist_id, album_id, release_id, number, title, length) VALUES (33, 133, 133, 8, 'Adrenaline <Again>', '0:4:58');
INSERT INTO tracks (artist_id, album_id, release_id, number, title, length) VALUES (33, 133, 133, 9, 'Friends & Executioners <E.Scape>', '0:11:45');
INSERT INTO artists (name) VALUES ('Skinny Puppy');
INSERT INTO albums (artist_id, title, year) VALUES (34, 'The Process', '1996-01-01');
INSERT INTO releases (album_id, description, year) VALUES (134, 'Standard CD', '1996-01-01');
INSERT INTO tracks (artist_id, album_id, release_id, number, title, length) VALUES (34, 134, 134, 1, 'Jahya', '0:3:34');
INSERT INTO tracks (artist_id, album_id, release_id, number, title, length) VALUES (34, 134, 134, 2, 'Death', '0:3:56');
INSERT INTO tracks (artist_id, album_id, release_id, number, title, length) VALUES (34, 134, 134, 3, 'Candle', '0:4:58');
INSERT INTO tracks (artist_id, album_id, release_id, number, title, length) VALUES (34, 134, 134, 4, 'Hardset Head', '0:4:6');
INSERT INTO tracks (artist_id, album_id, release_id, number, title, length) VALUES (34, 134, 134, 5, 'Cult', '0:3:3');
INSERT INTO tracks (artist_id, album_id, release_id, number, title, length) VALUES (34, 134, 134, 6, 'Process', '0:5:2');
INSERT INTO tracks (artist_id, album_id, release_id, number, title, length) VALUES (34, 134, 134, 7, 'Curcible', '0:3:28');
INSERT INTO tracks (artist_id, album_id, release_id, number, title, length) VALUES (34, 134, 134, 8, 'Blue Serge', '0:5:13');
INSERT INTO tracks (artist_id, album_id, release_id, number, title, length) VALUES (34, 134, 134, 9, 'Morter', '0:4:39');
INSERT INTO tracks (artist_id, album_id, release_id, number, title, length) VALUES (34, 134, 134, 10, 'Amnesia', '0:4:20');
INSERT INTO tracks (artist_id, album_id, release_id, number, title, length) VALUES (34, 134, 134, 11, 'Cellar Heat', '0:0:49');
INSERT INTO albums (artist_id, title, year) VALUES (34, 'Mythmaker', '2007-01-01');
INSERT INTO releases (album_id, description, year) VALUES (135, 'Standard CD', '2007-01-01');
INSERT INTO tracks (artist_id, album_id, release_id, number, title, length) VALUES (34, 135, 135, 1, 'Magnifishit', '0:4:31');
INSERT INTO tracks (artist_id, album_id, release_id, number, title, length) VALUES (34, 135, 135, 2, 'Dal', '0:4:45');
INSERT INTO tracks (artist_id, album_id, release_id, number, title, length) VALUES (34, 135, 135, 3, 'Haze', '0:5:28');
INSERT INTO tracks (artist_id, album_id, release_id, number, title, length) VALUES (34, 135, 135, 4, 'Pedafly', '0:5:37');
INSERT INTO tracks (artist_id, album_id, release_id, number, title, length) VALUES (34, 135, 135, 5, 'Jaher', '0:5:14');
INSERT INTO tracks (artist_id, album_id, release_id, number, title, length) VALUES (34, 135, 135, 6, 'Politikil', '0:4:21');
INSERT INTO tracks (artist_id, album_id, release_id, number, title, length) VALUES (34, 135, 135, 7, 'Lestiduz', '0:4:11');
INSERT INTO tracks (artist_id, album_id, release_id, number, title, length) VALUES (34, 135, 135, 8, 'Pasturn', '0:3:48');
INSERT INTO tracks (artist_id, album_id, release_id, number, title, length) VALUES (34, 135, 135, 9, 'Ambiantz', '0:4:27');
INSERT INTO tracks (artist_id, album_id, release_id, number, title, length) VALUES (34, 135, 135, 10, 'Ugli', '0:6:33');
INSERT INTO albums (artist_id, title, year) VALUES (34, 'Cleanse Fold and Manipulate', '1987-01-01');
INSERT INTO releases (album_id, description, year) VALUES (136, 'Standard CD', '1987-01-01');
INSERT INTO tracks (artist_id, album_id, release_id, number, title, length) VALUES (34, 136, 136, 1, 'First Aid', '0:4:29');
INSERT INTO tracks (artist_id, album_id, release_id, number, title, length) VALUES (34, 136, 136, 2, 'Addiction', '0:6:1');
INSERT INTO tracks (artist_id, album_id, release_id, number, title, length) VALUES (34, 136, 136, 3, 'Shadowcast', '0:4:18');
INSERT INTO tracks (artist_id, album_id, release_id, number, title, length) VALUES (34, 136, 136, 4, 'Draining Faces', '0:5:12');
INSERT INTO tracks (artist_id, album_id, release_id, number, title, length) VALUES (34, 136, 136, 5, 'The Mourn', '0:2:41');
INSERT INTO tracks (artist_id, album_id, release_id, number, title, length) VALUES (34, 136, 136, 6, 'Second Tooth', '0:4:6');
INSERT INTO tracks (artist_id, album_id, release_id, number, title, length) VALUES (34, 136, 136, 7, 'Tear or Beat', '0:4:42');
INSERT INTO tracks (artist_id, album_id, release_id, number, title, length) VALUES (34, 136, 136, 8, 'Deep Down Trauma Hounds', '0:4:41');
INSERT INTO tracks (artist_id, album_id, release_id, number, title, length) VALUES (34, 136, 136, 9, 'Anger', '0:4:53');
INSERT INTO tracks (artist_id, album_id, release_id, number, title, length) VALUES (34, 136, 136, 10, 'Epilogue', '0:1:10');
INSERT INTO albums (artist_id, title, year) VALUES (34, 'Last Rights', '1992-01-01');
INSERT INTO releases (album_id, description, year) VALUES (137, 'Standard CD', '1992-01-01');
INSERT INTO tracks (artist_id, album_id, release_id, number, title, length) VALUES (34, 137, 137, 1, 'Love in Vein', '0:5:35');
INSERT INTO tracks (artist_id, album_id, release_id, number, title, length) VALUES (34, 137, 137, 2, 'Killing Game', '0:3:49');
INSERT INTO tracks (artist_id, album_id, release_id, number, title, length) VALUES (34, 137, 137, 3, 'Knowhere?', '0:4:19');
INSERT INTO tracks (artist_id, album_id, release_id, number, title, length) VALUES (34, 137, 137, 4, 'Mirror Saw', '0:3:49');
INSERT INTO tracks (artist_id, album_id, release_id, number, title, length) VALUES (34, 137, 137, 5, 'Inquisition', '0:5:17');
INSERT INTO tracks (artist_id, album_id, release_id, number, title, length) VALUES (34, 137, 137, 6, 'Scrapyard', '0:3:52');
INSERT INTO tracks (artist_id, album_id, release_id, number, title, length) VALUES (34, 137, 137, 7, 'Riverz End', '0:6:40');
INSERT INTO tracks (artist_id, album_id, release_id, number, title, length) VALUES (34, 137, 137, 8, 'Lust Chance', '0:3:54');
INSERT INTO tracks (artist_id, album_id, release_id, number, title, length) VALUES (34, 137, 137, 9, 'Circustance', '0:4:37');
INSERT INTO tracks (artist_id, album_id, release_id, number, title, length) VALUES (34, 137, 137, 10, 'Left Hand Shake (missing)', '0:0:0');
INSERT INTO tracks (artist_id, album_id, release_id, number, title, length) VALUES (34, 137, 137, 11, 'Download', '0:11:1');
INSERT INTO albums (artist_id, title, year) VALUES (34, 'Rabies', '1989-01-01');
INSERT INTO releases (album_id, description, year) VALUES (138, 'Standard CD', '1989-01-01');
INSERT INTO tracks (artist_id, album_id, release_id, number, title, length) VALUES (34, 138, 138, 1, 'Rodent', '0:5:49');
INSERT INTO tracks (artist_id, album_id, release_id, number, title, length) VALUES (34, 138, 138, 2, 'Hexonxonx', '0:5:25');
INSERT INTO tracks (artist_id, album_id, release_id, number, title, length) VALUES (34, 138, 138, 3, 'Two Time Grime', '0:5:39');
INSERT INTO tracks (artist_id, album_id, release_id, number, title, length) VALUES (34, 138, 138, 4, 'Fascist Jock Itch', '0:4:57');
INSERT INTO tracks (artist_id, album_id, release_id, number, title, length) VALUES (34, 138, 138, 5, 'Worlock', '0:5:30');
INSERT INTO tracks (artist_id, album_id, release_id, number, title, length) VALUES (34, 138, 138, 6, 'Rain', '0:1:26');
INSERT INTO tracks (artist_id, album_id, release_id, number, title, length) VALUES (34, 138, 138, 7, 'Tin Omen', '0:4:37');
INSERT INTO tracks (artist_id, album_id, release_id, number, title, length) VALUES (34, 138, 138, 8, 'Rivers', '0:4:49');
INSERT INTO tracks (artist_id, album_id, release_id, number, title, length) VALUES (34, 138, 138, 9, 'Choralone', '0:3:2');
INSERT INTO tracks (artist_id, album_id, release_id, number, title, length) VALUES (34, 138, 138, 10, 'Amputate', '0:3:15');
INSERT INTO tracks (artist_id, album_id, release_id, number, title, length) VALUES (34, 138, 138, 11, 'Spahn Dirge [live]', '0:16:22');
INSERT INTO albums (artist_id, title, year) VALUES (34, 'Too Dark Park', '1990-01-01');
INSERT INTO releases (album_id, description, year) VALUES (139, 'Standard CD', '1990-01-01');
INSERT INTO tracks (artist_id, album_id, release_id, number, title, length) VALUES (34, 139, 139, 1, 'Convulsion', '0:3:20');
INSERT INTO tracks (artist_id, album_id, release_id, number, title, length) VALUES (34, 139, 139, 2, 'Tormentor', '0:4:33');
INSERT INTO tracks (artist_id, album_id, release_id, number, title, length) VALUES (34, 139, 139, 3, 'Spasmolytic', '0:3:53');
INSERT INTO tracks (artist_id, album_id, release_id, number, title, length) VALUES (34, 139, 139, 4, 'Rash Reflection', '0:3:28');
INSERT INTO tracks (artist_id, album_id, release_id, number, title, length) VALUES (34, 139, 139, 5, 'Nature''s Revenge', '0:3:57');
INSERT INTO tracks (artist_id, album_id, release_id, number, title, length) VALUES (34, 139, 139, 6, 'Shore Lined Poison', '0:4:49');
INSERT INTO tracks (artist_id, album_id, release_id, number, title, length) VALUES (34, 139, 139, 7, 'Grave Wisdom', '0:3:45');
INSERT INTO tracks (artist_id, album_id, release_id, number, title, length) VALUES (34, 139, 139, 8, 'T.F.W.O.', '0:3:47');
INSERT INTO tracks (artist_id, album_id, release_id, number, title, length) VALUES (34, 139, 139, 9, 'Morpheus Laughing', '0:3:59');
INSERT INTO tracks (artist_id, album_id, release_id, number, title, length) VALUES (34, 139, 139, 10, 'Reclamation', '0:3:0');
INSERT INTO albums (artist_id, title, year) VALUES (34, 'VIVIsectVI', '1988-01-01');
INSERT INTO releases (album_id, description, year) VALUES (140, 'Standard CD', '1988-01-01');
INSERT INTO tracks (artist_id, album_id, release_id, number, title, length) VALUES (34, 140, 140, 1, 'Dogshit ', '0:3:54');
INSERT INTO tracks (artist_id, album_id, release_id, number, title, length) VALUES (34, 140, 140, 2, 'VX Gas Attack', '0:5:36');
INSERT INTO tracks (artist_id, album_id, release_id, number, title, length) VALUES (34, 140, 140, 3, 'Harsh Stone White', '0:4:29');
INSERT INTO tracks (artist_id, album_id, release_id, number, title, length) VALUES (34, 140, 140, 4, 'Human Disease (S.K.U.M.M)', '0:6:18');
INSERT INTO tracks (artist_id, album_id, release_id, number, title, length) VALUES (34, 140, 140, 5, 'Who''s Laughing Now?', '0:5:29');
INSERT INTO tracks (artist_id, album_id, release_id, number, title, length) VALUES (34, 140, 140, 6, 'Testure', '0:5:6');
INSERT INTO tracks (artist_id, album_id, release_id, number, title, length) VALUES (34, 140, 140, 7, 'State Aid', '0:3:54');
INSERT INTO tracks (artist_id, album_id, release_id, number, title, length) VALUES (34, 140, 140, 8, 'Hospital Waste', '0:4:37');
INSERT INTO tracks (artist_id, album_id, release_id, number, title, length) VALUES (34, 140, 140, 9, 'Fritter (Stella''s Home)', '0:3:31');
INSERT INTO tracks (artist_id, album_id, release_id, number, title, length) VALUES (34, 140, 140, 10, 'Yes he Ran', '0:6:28');
INSERT INTO tracks (artist_id, album_id, release_id, number, title, length) VALUES (34, 140, 140, 11, 'Punk in Park Zoo''s', '0:2:31');
INSERT INTO tracks (artist_id, album_id, release_id, number, title, length) VALUES (34, 140, 140, 12, 'The Second Opinion', '0:4:59');
INSERT INTO tracks (artist_id, album_id, release_id, number, title, length) VALUES (34, 140, 140, 13, 'Funguss', '0:4:4');
INSERT INTO albums (artist_id, title, year) VALUES (34, 'Back and Forth Series Two', '1992-01-01');
INSERT INTO releases (album_id, description, year) VALUES (141, 'Standard CD', '1992-01-01');
INSERT INTO tracks (artist_id, album_id, release_id, number, title, length) VALUES (34, 141, 141, 1, 'Intro (Live in Winnipeg)', '0:2:6');
INSERT INTO tracks (artist_id, album_id, release_id, number, title, length) VALUES (34, 141, 141, 2, 'Sleeping Beast', '0:5:57');
INSERT INTO tracks (artist_id, album_id, release_id, number, title, length) VALUES (34, 141, 141, 3, 'K-9', '0:3:40');
INSERT INTO tracks (artist_id, album_id, release_id, number, title, length) VALUES (34, 141, 141, 4, 'Monster Radio Man', '0:2:22');
INSERT INTO tracks (artist_id, album_id, release_id, number, title, length) VALUES (34, 141, 141, 5, 'Quiet Solitude', '0:4:44');
INSERT INTO tracks (artist_id, album_id, release_id, number, title, length) VALUES (34, 141, 141, 6, 'The Pit', '0:3:32');
INSERT INTO tracks (artist_id, album_id, release_id, number, title, length) VALUES (34, 141, 141, 7, 'Sore in a Masterpiece - Dead of Winter', '0:13:44');
INSERT INTO tracks (artist_id, album_id, release_id, number, title, length) VALUES (34, 141, 141, 8, 'Unovis on a Stick', '0:2:40');
INSERT INTO tracks (artist_id, album_id, release_id, number, title, length) VALUES (34, 141, 141, 9, 'To a Baser Nature', '0:2:52');
INSERT INTO tracks (artist_id, album_id, release_id, number, title, length) VALUES (34, 141, 141, 10, 'AM - Meat Flavour', '0:1:48');
INSERT INTO tracks (artist_id, album_id, release_id, number, title, length) VALUES (34, 141, 141, 11, 'My Voice Sounds Like Shit', '0:2:29');
INSERT INTO tracks (artist_id, album_id, release_id, number, title, length) VALUES (34, 141, 141, 12, 'Smothered Hope (demo)', '0:7:21');
INSERT INTO tracks (artist_id, album_id, release_id, number, title, length) VALUES (34, 141, 141, 13, 'Explode the PA (live brap)', '0:10:5');
INSERT INTO tracks (artist_id, album_id, release_id, number, title, length) VALUES (34, 141, 141, 14, 'Assimilate (original inst demo)', '0:3:4');
INSERT INTO tracks (artist_id, album_id, release_id, number, title, length) VALUES (34, 141, 141, 15, 'Edge Of Insanity', '0:4:50');
INSERT INTO albums (artist_id, title, year) VALUES (34, 'Censor', '1991-01-01');
INSERT INTO releases (album_id, description, year) VALUES (142, 'Standard CD', '1991-01-01');
INSERT INTO tracks (artist_id, album_id, release_id, number, title, length) VALUES (34, 142, 142, 1, 'Censor (Extended Mix)', '0:9:42');
INSERT INTO tracks (artist_id, album_id, release_id, number, title, length) VALUES (34, 142, 142, 2, 'Punk In Park Zoo''s', '0:2:28');
INSERT INTO tracks (artist_id, album_id, release_id, number, title, length) VALUES (34, 142, 142, 3, 'Yes He Ran', '0:6:28');
INSERT INTO tracks (artist_id, album_id, release_id, number, title, length) VALUES (34, 142, 142, 4, 'Censor', '0:3:57');
INSERT INTO albums (artist_id, title, year) VALUES (34, 'The Greater Wrong Of The Right', '2004-01-01');
INSERT INTO releases (album_id, description, year) VALUES (143, 'Standard CD', '2004-01-01');
INSERT INTO tracks (artist_id, album_id, release_id, number, title, length) VALUES (34, 143, 143, 1, 'I''mmortal', '0:4:16');
INSERT INTO tracks (artist_id, album_id, release_id, number, title, length) VALUES (34, 143, 143, 2, 'Pro-test', '0:5:28');
INSERT INTO tracks (artist_id, album_id, release_id, number, title, length) VALUES (34, 143, 143, 3, 'EmpTe', '0:4:11');
INSERT INTO tracks (artist_id, album_id, release_id, number, title, length) VALUES (34, 143, 143, 4, 'Neuwerld', '0:5:29');
INSERT INTO tracks (artist_id, album_id, release_id, number, title, length) VALUES (34, 143, 143, 5, 'Ghostman', '0:4:55');
INSERT INTO tracks (artist_id, album_id, release_id, number, title, length) VALUES (34, 143, 143, 6, 'd0wnsizer', '0:4:20');
INSERT INTO tracks (artist_id, album_id, release_id, number, title, length) VALUES (34, 143, 143, 7, 'Past Present', '0:6:27');
INSERT INTO tracks (artist_id, album_id, release_id, number, title, length) VALUES (34, 143, 143, 8, 'Use Less', '0:4:47');
INSERT INTO tracks (artist_id, album_id, release_id, number, title, length) VALUES (34, 143, 143, 9, 'Goneja', '0:5:25');
INSERT INTO tracks (artist_id, album_id, release_id, number, title, length) VALUES (34, 143, 143, 10, 'DaddyuWarbash', '0:3:18');
INSERT INTO albums (artist_id, title, year) VALUES (34, 'Remission', '1995-01-01');
INSERT INTO releases (album_id, description, year) VALUES (144, 'Standard CD', '1995-01-01');
INSERT INTO tracks (artist_id, album_id, release_id, number, title, length) VALUES (34, 144, 144, 1, 'Smothered Hope', '0:5:14');
INSERT INTO tracks (artist_id, album_id, release_id, number, title, length) VALUES (34, 144, 144, 2, 'Glass Houses', '0:3:21');
INSERT INTO tracks (artist_id, album_id, release_id, number, title, length) VALUES (34, 144, 144, 3, 'Incision', '0:4:41');
INSERT INTO tracks (artist_id, album_id, release_id, number, title, length) VALUES (34, 144, 144, 4, 'Far Too Frail', '0:3:43');
INSERT INTO tracks (artist_id, album_id, release_id, number, title, length) VALUES (34, 144, 144, 5, 'Film', '0:2:51');
INSERT INTO tracks (artist_id, album_id, release_id, number, title, length) VALUES (34, 144, 144, 6, 'Manwhole', '0:1:44');
INSERT INTO tracks (artist_id, album_id, release_id, number, title, length) VALUES (34, 144, 144, 7, 'Ice Breaker', '0:2:46');
INSERT INTO tracks (artist_id, album_id, release_id, number, title, length) VALUES (34, 144, 144, 8, 'Solvent', '0:4:38');
INSERT INTO tracks (artist_id, album_id, release_id, number, title, length) VALUES (34, 144, 144, 9, 'Sleeping Beast', '0:6:1');
INSERT INTO tracks (artist_id, album_id, release_id, number, title, length) VALUES (34, 144, 144, 10, 'Glass Out', '0:3:25');
INSERT INTO tracks (artist_id, album_id, release_id, number, title, length) VALUES (34, 144, 144, 11, 'Brap', '0:1:9');
INSERT INTO albums (artist_id, title, year) VALUES (34, 'Mind The Perpetual Intercourse', '1986-01-01');
INSERT INTO releases (album_id, description, year) VALUES (145, 'Standard CD', '1986-01-01');
INSERT INTO tracks (artist_id, album_id, release_id, number, title, length) VALUES (34, 145, 145, 1, 'One Time One Place', '0:5:41');
INSERT INTO tracks (artist_id, album_id, release_id, number, title, length) VALUES (34, 145, 145, 2, 'God''s Gift (Maggot)', '0:4:46');
INSERT INTO tracks (artist_id, album_id, release_id, number, title, length) VALUES (34, 145, 145, 3, 'Three Blind Mice', '0:3:8');
INSERT INTO tracks (artist_id, album_id, release_id, number, title, length) VALUES (34, 145, 145, 4, 'Love', '0:1:43');
INSERT INTO tracks (artist_id, album_id, release_id, number, title, length) VALUES (34, 145, 145, 5, 'Stairs And Flowers', '0:5:17');
INSERT INTO tracks (artist_id, album_id, release_id, number, title, length) VALUES (34, 145, 145, 6, 'Antagonism', '0:5:3');
INSERT INTO tracks (artist_id, album_id, release_id, number, title, length) VALUES (34, 145, 145, 7, '200 Years', '0:4:45');
INSERT INTO tracks (artist_id, album_id, release_id, number, title, length) VALUES (34, 145, 145, 8, 'Dig It', '0:7:25');
INSERT INTO tracks (artist_id, album_id, release_id, number, title, length) VALUES (34, 145, 145, 9, 'Burnt With Water', '0:7:41');
INSERT INTO tracks (artist_id, album_id, release_id, number, title, length) VALUES (34, 145, 145, 10, 'Chainsaw', '0:5:55');
INSERT INTO tracks (artist_id, album_id, release_id, number, title, length) VALUES (34, 145, 145, 11, 'Addiction', '0:6:1');
INSERT INTO tracks (artist_id, album_id, release_id, number, title, length) VALUES (34, 145, 145, 12, 'Stairs And Flowers (Dub)', '0:6:35');
INSERT INTO tracks (artist_id, album_id, release_id, number, title, length) VALUES (34, 145, 145, 13, 'Deepdown Trauma Hounds', '0:7:32');
INSERT INTO albums (artist_id, title, year) VALUES (34, 'Bites', '1993-01-01');
INSERT INTO releases (album_id, description, year) VALUES (146, 'Standard CD', '1993-01-01');
INSERT INTO tracks (artist_id, album_id, release_id, number, title, length) VALUES (34, 146, 146, 1, 'Assimilate', '0:6:56');
INSERT INTO tracks (artist_id, album_id, release_id, number, title, length) VALUES (34, 146, 146, 2, 'Blood on the Wall', '0:2:58');
INSERT INTO tracks (artist_id, album_id, release_id, number, title, length) VALUES (34, 146, 146, 3, 'Dead Lines', '0:6:13');
INSERT INTO tracks (artist_id, album_id, release_id, number, title, length) VALUES (34, 146, 146, 4, 'Church', '0:3:16');
INSERT INTO tracks (artist_id, album_id, release_id, number, title, length) VALUES (34, 146, 146, 5, 'Icebreaker', '0:3:14');
INSERT INTO tracks (artist_id, album_id, release_id, number, title, length) VALUES (34, 146, 146, 6, 'Tomorrow', '0:4:53');
INSERT INTO tracks (artist_id, album_id, release_id, number, title, length) VALUES (34, 146, 146, 7, 'Dead Doll', '0:2:28');
INSERT INTO tracks (artist_id, album_id, release_id, number, title, length) VALUES (34, 146, 146, 8, 'Film', '0:2:18');
INSERT INTO tracks (artist_id, album_id, release_id, number, title, length) VALUES (34, 146, 146, 9, 'Love', '0:1:51');
INSERT INTO tracks (artist_id, album_id, release_id, number, title, length) VALUES (34, 146, 146, 10, 'The Choke', '0:6:29');
INSERT INTO tracks (artist_id, album_id, release_id, number, title, length) VALUES (34, 146, 146, 11, 'Social Deception', '0:2:57');
INSERT INTO tracks (artist_id, album_id, release_id, number, title, length) VALUES (34, 146, 146, 12, 'Christianity', '0:1:32');
INSERT INTO tracks (artist_id, album_id, release_id, number, title, length) VALUES (34, 146, 146, 13, 'Basement', '0:3:25');
INSERT INTO tracks (artist_id, album_id, release_id, number, title, length) VALUES (34, 146, 146, 14, 'Last Call', '0:5:54');
INSERT INTO tracks (artist_id, album_id, release_id, number, title, length) VALUES (34, 146, 146, 15, 'Falling', '0:4:20');
INSERT INTO tracks (artist_id, album_id, release_id, number, title, length) VALUES (34, 146, 146, 16, 'The Centre Bullet', '0:9:42');
INSERT INTO tracks (artist_id, album_id, release_id, number, title, length) VALUES (34, 146, 146, 17, 'One Day', '0:4:20');
INSERT INTO albums (artist_id, title, year) VALUES (34, 'Twelve Inch Anthology', '1990-01-01');
INSERT INTO releases (album_id, description, year) VALUES (147, 'Standard CD', '1990-01-01');
INSERT INTO tracks (artist_id, album_id, release_id, number, title, length) VALUES (34, 147, 147, 1, 'Dig It', '0:7:28');
INSERT INTO tracks (artist_id, album_id, release_id, number, title, length) VALUES (34, 147, 147, 2, 'The Choke (Re-grip)', '0:6:15');
INSERT INTO tracks (artist_id, album_id, release_id, number, title, length) VALUES (34, 147, 147, 3, 'Addiction (First Dose)', '0:8:30');
INSERT INTO tracks (artist_id, album_id, release_id, number, title, length) VALUES (34, 147, 147, 4, 'Deep Down Trauma Hounds (Remix)', '0:7:27');
INSERT INTO tracks (artist_id, album_id, release_id, number, title, length) VALUES (34, 147, 147, 5, 'Serpants', '0:5:57');
INSERT INTO tracks (artist_id, album_id, release_id, number, title, length) VALUES (34, 147, 147, 6, 'Chainsaw', '0:5:55');
INSERT INTO tracks (artist_id, album_id, release_id, number, title, length) VALUES (34, 147, 147, 7, 'Assimilate (R23 remix)', '0:6:34');
INSERT INTO tracks (artist_id, album_id, release_id, number, title, length) VALUES (34, 147, 147, 8, 'Stairs And Flowers (Def Wish Mix)', '0:6:5');
INSERT INTO tracks (artist_id, album_id, release_id, number, title, length) VALUES (34, 147, 147, 9, 'Stairs And Flowers (Too Far Gone)', '0:6:37');
INSERT INTO tracks (artist_id, album_id, release_id, number, title, length) VALUES (34, 147, 147, 10, 'Testure (12 Inch Mix)', '0:8:30');
INSERT INTO artists (name) VALUES ('Slaughter');
INSERT INTO albums (artist_id, title, year) VALUES (35, 'Strappado', '1987-01-01');
INSERT INTO releases (album_id, description, year) VALUES (148, 'Standard CD', '1987-01-01');
INSERT INTO tracks (artist_id, album_id, release_id, number, title, length) VALUES (35, 148, 148, 1, 'Disintegrator/Incinerator', '0:3:58');
INSERT INTO tracks (artist_id, album_id, release_id, number, title, length) VALUES (35, 148, 148, 2, 'Nocturnal Hell', '0:3:28');
INSERT INTO tracks (artist_id, album_id, release_id, number, title, length) VALUES (35, 148, 148, 3, 'F.O.D. (Fuck of Death)', '0:3:54');
INSERT INTO tracks (artist_id, album_id, release_id, number, title, length) VALUES (35, 148, 148, 4, 'Tortured Souls', '0:2:51');
INSERT INTO tracks (artist_id, album_id, release_id, number, title, length) VALUES (35, 148, 148, 5, 'Parasites', '0:2:4');
INSERT INTO tracks (artist_id, album_id, release_id, number, title, length) VALUES (35, 148, 148, 6, 'The Curse', '0:1:45');
INSERT INTO tracks (artist_id, album_id, release_id, number, title, length) VALUES (35, 148, 148, 7, 'Strappado', '0:1:29');
INSERT INTO tracks (artist_id, album_id, release_id, number, title, length) VALUES (35, 148, 148, 8, 'Maim to Please', '0:2:23');
INSERT INTO tracks (artist_id, album_id, release_id, number, title, length) VALUES (35, 148, 148, 9, 'One Foot in the Grave', '0:1:6');
INSERT INTO tracks (artist_id, album_id, release_id, number, title, length) VALUES (35, 148, 148, 10, 'Tyrant of Hell', '0:2:21');
INSERT INTO tracks (artist_id, album_id, release_id, number, title, length) VALUES (35, 148, 148, 11, 'Death Dealer', '0:1:58');
INSERT INTO tracks (artist_id, album_id, release_id, number, title, length) VALUES (35, 148, 148, 12, 'Tales of the Macabre', '0:4:5');
INSERT INTO tracks (artist_id, album_id, release_id, number, title, length) VALUES (35, 148, 148, 13, 'Disintegrator/Incinerator [Live]', '0:4:51');
INSERT INTO tracks (artist_id, album_id, release_id, number, title, length) VALUES (35, 148, 148, 14, 'One Foot in the Grave [Live]', '0:1:59');
INSERT INTO tracks (artist_id, album_id, release_id, number, title, length) VALUES (35, 148, 148, 15, 'Shadow of Death [Live]', '0:3:22');
INSERT INTO tracks (artist_id, album_id, release_id, number, title, length) VALUES (35, 148, 148, 16, 'Massacra [Live]', '0:2:53');
INSERT INTO tracks (artist_id, album_id, release_id, number, title, length) VALUES (35, 148, 148, 17, 'Death Dealer [Live]', '0:1:31');
INSERT INTO tracks (artist_id, album_id, release_id, number, title, length) VALUES (35, 148, 148, 18, 'Tales of the Macabre [Live]', '0:4:7');
INSERT INTO tracks (artist_id, album_id, release_id, number, title, length) VALUES (35, 148, 148, 19, 'Maim to Please [Live]', '0:3:4');
INSERT INTO tracks (artist_id, album_id, release_id, number, title, length) VALUES (35, 148, 148, 20, 'Strappado [Live]', '0:2:14');
INSERT INTO tracks (artist_id, album_id, release_id, number, title, length) VALUES (35, 148, 148, 21, 'Eve of Darkness [Live]', '0:2:27');
INSERT INTO tracks (artist_id, album_id, release_id, number, title, length) VALUES (35, 148, 148, 22, 'Tyrants of Hell [Live]', '0:2:49');
INSERT INTO tracks (artist_id, album_id, release_id, number, title, length) VALUES (35, 148, 148, 23, 'Witching Hour [Live]', '0:2:46');
INSERT INTO tracks (artist_id, album_id, release_id, number, title, length) VALUES (35, 148, 148, 24, 'Bloody Karnage [Live]', '0:7:12');
INSERT INTO artists (name) VALUES ('Something Corporate');
INSERT INTO albums (artist_id, title, year) VALUES (36, 'Leaving Through The Window', '2002-01-01');
INSERT INTO releases (album_id, description, year) VALUES (149, 'Standard CD', '2002-01-01');
INSERT INTO tracks (artist_id, album_id, release_id, number, title, length) VALUES (36, 149, 149, 1, 'I Want To Save You', '0:4:22');
INSERT INTO tracks (artist_id, album_id, release_id, number, title, length) VALUES (36, 149, 149, 2, 'Punk Rock Princess', '0:3:52');
INSERT INTO tracks (artist_id, album_id, release_id, number, title, length) VALUES (36, 149, 149, 3, 'I Woke Up In A Car', '0:4:13');
INSERT INTO tracks (artist_id, album_id, release_id, number, title, length) VALUES (36, 149, 149, 4, 'If You C Jordan', '0:4:15');
INSERT INTO tracks (artist_id, album_id, release_id, number, title, length) VALUES (36, 149, 149, 5, 'The Astronaut', '0:4:28');
INSERT INTO tracks (artist_id, album_id, release_id, number, title, length) VALUES (36, 149, 149, 6, 'Hurricane', '0:3:50');
INSERT INTO tracks (artist_id, album_id, release_id, number, title, length) VALUES (36, 149, 149, 7, 'Cavanaugh Park', '0:4:18');
INSERT INTO tracks (artist_id, album_id, release_id, number, title, length) VALUES (36, 149, 149, 8, 'Fall', '0:3:40');
INSERT INTO tracks (artist_id, album_id, release_id, number, title, length) VALUES (36, 149, 149, 9, 'Straw Dog', '0:3:49');
INSERT INTO tracks (artist_id, album_id, release_id, number, title, length) VALUES (36, 149, 149, 10, 'Good News', '0:3:51');
INSERT INTO tracks (artist_id, album_id, release_id, number, title, length) VALUES (36, 149, 149, 11, 'Drunk Girl', '0:4:7');
INSERT INTO tracks (artist_id, album_id, release_id, number, title, length) VALUES (36, 149, 149, 12, 'Not What It Seems', '0:3:18');
INSERT INTO tracks (artist_id, album_id, release_id, number, title, length) VALUES (36, 149, 149, 13, 'You''re Gone', '0:4:37');
INSERT INTO tracks (artist_id, album_id, release_id, number, title, length) VALUES (36, 149, 149, 14, 'Globes & Maps', '0:4:48');
INSERT INTO artists (name) VALUES ('SPK');
INSERT INTO albums (artist_id, title, year) VALUES (37, 'Auto da fe', '1979-01-01');
INSERT INTO releases (album_id, description, year) VALUES (150, 'Standard CD', '1979-01-01');
INSERT INTO tracks (artist_id, album_id, release_id, number, title, length) VALUES (37, 150, 150, 1, 'Contact', '0:4:26');
INSERT INTO tracks (artist_id, album_id, release_id, number, title, length) VALUES (37, 150, 150, 2, 'Germanik', '0:6:12');
INSERT INTO tracks (artist_id, album_id, release_id, number, title, length) VALUES (37, 150, 150, 3, 'Mekano', '0:2:15');
INSERT INTO tracks (artist_id, album_id, release_id, number, title, length) VALUES (37, 150, 150, 4, 'Retard', '0:3:4');
INSERT INTO tracks (artist_id, album_id, release_id, number, title, length) VALUES (37, 150, 150, 5, 'Slogun', '0:6:16');
INSERT INTO tracks (artist_id, album_id, release_id, number, title, length) VALUES (37, 150, 150, 6, 'Metal Field', '0:5:58');
INSERT INTO tracks (artist_id, album_id, release_id, number, title, length) VALUES (37, 150, 150, 7, 'Walking on Dead Steps', '0:6:17');
INSERT INTO tracks (artist_id, album_id, release_id, number, title, length) VALUES (37, 150, 150, 8, 'A Heart that Breaks (In no Time or Place)', '0:4:33');
INSERT INTO tracks (artist_id, album_id, release_id, number, title, length) VALUES (37, 150, 150, 9, 'Another Dark Age', '0:7:2');
INSERT INTO tracks (artist_id, album_id, release_id, number, title, length) VALUES (37, 150, 150, 10, 'Twilight of the Idols', '0:4:24');
INSERT INTO tracks (artist_id, album_id, release_id, number, title, length) VALUES (37, 150, 150, 11, 'Culturecide', '0:4:49');
INSERT INTO albums (artist_id, title, year) VALUES (37, 'Gold And Poison', '1987-01-01');
INSERT INTO releases (album_id, description, year) VALUES (151, 'Standard CD', '1987-01-01');
INSERT INTO tracks (artist_id, album_id, release_id, number, title, length) VALUES (37, 151, 151, 1, 'Breathless', '0:4:51');
INSERT INTO tracks (artist_id, album_id, release_id, number, title, length) VALUES (37, 151, 151, 2, 'Mouth To Mouth', '0:5:57');
INSERT INTO tracks (artist_id, album_id, release_id, number, title, length) VALUES (37, 151, 151, 3, 'Sheer Naked Aggression', '0:4:16');
INSERT INTO tracks (artist_id, album_id, release_id, number, title, length) VALUES (37, 151, 151, 4, 'Crack!', '0:5:33');
INSERT INTO tracks (artist_id, album_id, release_id, number, title, length) VALUES (37, 151, 151, 5, 'The Doctrine Of Eternal Ice', '0:4:28');
INSERT INTO tracks (artist_id, album_id, release_id, number, title, length) VALUES (37, 151, 151, 6, 'Invocation', '0:5:12');
INSERT INTO tracks (artist_id, album_id, release_id, number, title, length) VALUES (37, 151, 151, 7, 'White Island', '0:5:33');
INSERT INTO tracks (artist_id, album_id, release_id, number, title, length) VALUES (37, 151, 151, 8, 'Palms Crossed In Sorrow', '0:5:4');
INSERT INTO tracks (artist_id, album_id, release_id, number, title, length) VALUES (37, 151, 151, 9, 'Alocasia Metallica', '0:5:53');
INSERT INTO tracks (artist_id, album_id, release_id, number, title, length) VALUES (37, 151, 151, 10, 'The Garden Of Earthly Delights', '0:3:16');
INSERT INTO albums (artist_id, title, year) VALUES (37, 'Leichenschrei', '1982-01-01');
INSERT INTO releases (album_id, description, year) VALUES (152, 'Standard CD', '1982-01-01');
INSERT INTO tracks (artist_id, album_id, release_id, number, title, length) VALUES (37, 152, 152, 1, 'Genetic Tranmission', '0:3:17');
INSERT INTO tracks (artist_id, album_id, release_id, number, title, length) VALUES (37, 152, 152, 2, 'Post - Mortem', '0:2:24');
INSERT INTO tracks (artist_id, album_id, release_id, number, title, length) VALUES (37, 152, 152, 3, 'Desolation', '0:1:18');
INSERT INTO tracks (artist_id, album_id, release_id, number, title, length) VALUES (37, 152, 152, 4, 'Napalm (Terminal Patient)', '0:2:39');
INSERT INTO tracks (artist_id, album_id, release_id, number, title, length) VALUES (37, 152, 152, 5, 'Cry from the Sanatorium', '0:2:26');
INSERT INTO tracks (artist_id, album_id, release_id, number, title, length) VALUES (37, 152, 152, 6, 'Baby Blue Eyes', '0:2:38');
INSERT INTO tracks (artist_id, album_id, release_id, number, title, length) VALUES (37, 152, 152, 7, 'Israel', '0:2:46');
INSERT INTO tracks (artist_id, album_id, release_id, number, title, length) VALUES (37, 152, 152, 8, 'Internal Bleeding', '0:1:46');
INSERT INTO tracks (artist_id, album_id, release_id, number, title, length) VALUES (37, 152, 152, 9, 'Chamber Music', '0:3:27');
INSERT INTO tracks (artist_id, album_id, release_id, number, title, length) VALUES (37, 152, 152, 10, 'Despair', '0:4:45');
INSERT INTO tracks (artist_id, album_id, release_id, number, title, length) VALUES (37, 152, 152, 11, 'The Agony of the Plasma', '0:3:3');
INSERT INTO tracks (artist_id, album_id, release_id, number, title, length) VALUES (37, 152, 152, 12, 'Day of Pigs', '0:4:18');
INSERT INTO tracks (artist_id, album_id, release_id, number, title, length) VALUES (37, 152, 152, 13, 'Wars of Islam', '0:4:32');
INSERT INTO tracks (artist_id, album_id, release_id, number, title, length) VALUES (37, 152, 152, 14, 'Maladia Europa (The European Sickness)', '0:3:50');
INSERT INTO artists (name) VALUES ('SR-71');
INSERT INTO albums (artist_id, title, year) VALUES (38, 'Now You See Inside', '2000-01-01');
INSERT INTO releases (album_id, description, year) VALUES (153, 'Standard CD', '2000-01-01');
INSERT INTO tracks (artist_id, album_id, release_id, number, title, length) VALUES (38, 153, 153, 1, 'Politically Correct', '0:3:19');
INSERT INTO tracks (artist_id, album_id, release_id, number, title, length) VALUES (38, 153, 153, 2, 'Right Now', '0:2:47');
INSERT INTO tracks (artist_id, album_id, release_id, number, title, length) VALUES (38, 153, 153, 3, 'What A Mess', '0:3:42');
INSERT INTO tracks (artist_id, album_id, release_id, number, title, length) VALUES (38, 153, 153, 4, 'Last Man On The Moon', '0:3:47');
INSERT INTO tracks (artist_id, album_id, release_id, number, title, length) VALUES (38, 153, 153, 5, 'Empty Spaces', '0:4:28');
INSERT INTO tracks (artist_id, album_id, release_id, number, title, length) VALUES (38, 153, 153, 6, 'Another Night Alone', '0:3:33');
INSERT INTO tracks (artist_id, album_id, release_id, number, title, length) VALUES (38, 153, 153, 7, 'Alive', '0:4:12');
INSERT INTO tracks (artist_id, album_id, release_id, number, title, length) VALUES (38, 153, 153, 8, 'Fame (What She''s Wanting)', '0:2:46');
INSERT INTO tracks (artist_id, album_id, release_id, number, title, length) VALUES (38, 153, 153, 9, 'Go Away', '0:4:20');
INSERT INTO tracks (artist_id, album_id, release_id, number, title, length) VALUES (38, 153, 153, 10, 'Non-Toxic', '0:4:4');
INSERT INTO tracks (artist_id, album_id, release_id, number, title, length) VALUES (38, 153, 153, 11, 'Paul McCartney', '0:5:25');
INSERT INTO albums (artist_id, title, year) VALUES (38, 'Tomorrow', '2002-01-01');
INSERT INTO releases (album_id, description, year) VALUES (154, 'Standard CD', '2002-01-01');
INSERT INTO tracks (artist_id, album_id, release_id, number, title, length) VALUES (38, 154, 154, 1, 'They All Fall Down', '0:3:24');
INSERT INTO tracks (artist_id, album_id, release_id, number, title, length) VALUES (38, 154, 154, 2, 'Tomorrow', '0:3:48');
INSERT INTO tracks (artist_id, album_id, release_id, number, title, length) VALUES (38, 154, 154, 3, 'My World', '0:3:35');
INSERT INTO tracks (artist_id, album_id, release_id, number, title, length) VALUES (38, 154, 154, 4, 'Hello Hello', '0:4:2');
INSERT INTO tracks (artist_id, album_id, release_id, number, title, length) VALUES (38, 154, 154, 5, 'Truth', '0:3:48');
INSERT INTO tracks (artist_id, album_id, release_id, number, title, length) VALUES (38, 154, 154, 6, 'Goodbye', '0:3:40');
INSERT INTO tracks (artist_id, album_id, release_id, number, title, length) VALUES (38, 154, 154, 7, 'She Was Dead', '0:2:31');
INSERT INTO tracks (artist_id, album_id, release_id, number, title, length) VALUES (38, 154, 154, 8, 'The Best Is Yet To Come', '0:4:33');
INSERT INTO tracks (artist_id, album_id, release_id, number, title, length) VALUES (38, 154, 154, 9, 'Broken Handed', '0:3:48');
INSERT INTO tracks (artist_id, album_id, release_id, number, title, length) VALUES (38, 154, 154, 10, 'Lucky', '0:3:17');
INSERT INTO tracks (artist_id, album_id, release_id, number, title, length) VALUES (38, 154, 154, 11, 'In My Mind', '0:5:24');
INSERT INTO tracks (artist_id, album_id, release_id, number, title, length) VALUES (38, 154, 154, 12, 'Non-Toxic', '0:4:17');
INSERT INTO artists (name) VALUES ('Star Fucking Hipsters');
INSERT INTO albums (artist_id, title, year) VALUES (39, 'Until We''re Dead', '2008-01-01');
INSERT INTO releases (album_id, description, year) VALUES (155, 'Standard CD', '2008-01-01');
INSERT INTO tracks (artist_id, album_id, release_id, number, title, length) VALUES (39, 155, 155, 1, 'Introducción a los Hipsters', '0:0:17');
INSERT INTO tracks (artist_id, album_id, release_id, number, title, length) VALUES (39, 155, 155, 2, 'Until We''re Dead', '0:3:57');
INSERT INTO tracks (artist_id, album_id, release_id, number, title, length) VALUES (39, 155, 155, 3, 'Immigrants & Hypocrites', '0:2:42');
INSERT INTO tracks (artist_id, album_id, release_id, number, title, length) VALUES (39, 155, 155, 4, 'Two Cups of Tea', '0:3:34');
INSERT INTO tracks (artist_id, album_id, release_id, number, title, length) VALUES (39, 155, 155, 5, 'Empty Lives', '0:2:50');
INSERT INTO tracks (artist_id, album_id, release_id, number, title, length) VALUES (39, 155, 155, 6, 'Snitch To The Suture', '0:2:37');
INSERT INTO tracks (artist_id, album_id, release_id, number, title, length) VALUES (39, 155, 155, 7, 'Only Sleep', '0:5:11');
INSERT INTO tracks (artist_id, album_id, release_id, number, title, length) VALUES (39, 155, 155, 8, '9/11 Was (An Inside Joke)', '0:3:10');
INSERT INTO tracks (artist_id, album_id, release_id, number, title, length) VALUES (39, 155, 155, 9, 'The Path is Paved', '0:2:20');
INSERT INTO tracks (artist_id, album_id, release_id, number, title, length) VALUES (39, 155, 155, 10, 'Zombie Christ', '0:2:59');
INSERT INTO tracks (artist_id, album_id, release_id, number, title, length) VALUES (39, 155, 155, 11, 'This Wal-Mart Life', '0:2:25');
INSERT INTO tracks (artist_id, album_id, release_id, number, title, length) VALUES (39, 155, 155, 12, 'Broken', '0:4:32');
INSERT INTO tracks (artist_id, album_id, release_id, number, title, length) VALUES (39, 155, 155, 13, 'Death or Fight', '0:8:7');
INSERT INTO artists (name) VALUES ('Stone Temple Pilots');
INSERT INTO albums (artist_id, title, year) VALUES (40, 'Core', '1992-01-01');
INSERT INTO releases (album_id, description, year) VALUES (156, 'Standard CD', '1992-01-01');
INSERT INTO tracks (artist_id, album_id, release_id, number, title, length) VALUES (40, 156, 156, 1, 'Dead & Bloated', '0:5:10');
INSERT INTO tracks (artist_id, album_id, release_id, number, title, length) VALUES (40, 156, 156, 2, 'Sex Type Thing', '0:3:38');
INSERT INTO tracks (artist_id, album_id, release_id, number, title, length) VALUES (40, 156, 156, 3, 'Wicked Garden', '0:4:5');
INSERT INTO tracks (artist_id, album_id, release_id, number, title, length) VALUES (40, 156, 156, 4, 'No Memory', '0:1:20');
INSERT INTO tracks (artist_id, album_id, release_id, number, title, length) VALUES (40, 156, 156, 5, 'Sin', '0:6:5');
INSERT INTO tracks (artist_id, album_id, release_id, number, title, length) VALUES (40, 156, 156, 6, 'Naked Sunday', '0:3:49');
INSERT INTO tracks (artist_id, album_id, release_id, number, title, length) VALUES (40, 156, 156, 7, 'Creep', '0:5:33');
INSERT INTO tracks (artist_id, album_id, release_id, number, title, length) VALUES (40, 156, 156, 8, 'Piece Of Pie', '0:5:24');
INSERT INTO tracks (artist_id, album_id, release_id, number, title, length) VALUES (40, 156, 156, 9, 'Plush', '0:5:14');
INSERT INTO tracks (artist_id, album_id, release_id, number, title, length) VALUES (40, 156, 156, 10, 'Wet My Bed', '0:1:36');
INSERT INTO tracks (artist_id, album_id, release_id, number, title, length) VALUES (40, 156, 156, 11, 'Crackerman', '0:3:14');
INSERT INTO tracks (artist_id, album_id, release_id, number, title, length) VALUES (40, 156, 156, 12, 'Where The River Goes', '0:8:25');
INSERT INTO artists (name) VALUES ('Stuck Mojo');
INSERT INTO albums (artist_id, title, year) VALUES (41, 'Pigwalk', '1996-01-01');
INSERT INTO releases (album_id, description, year) VALUES (157, 'Standard CD', '1996-01-01');
INSERT INTO tracks (artist_id, album_id, release_id, number, title, length) VALUES (41, 157, 157, 1, 'Pigwalk', '0:3:48');
INSERT INTO tracks (artist_id, album_id, release_id, number, title, length) VALUES (41, 157, 157, 2, 'Mental Meltdown', '0:4:41');
INSERT INTO tracks (artist_id, album_id, release_id, number, title, length) VALUES (41, 157, 157, 3, '(Here Comes) The Monster', '0:3:39');
INSERT INTO tracks (artist_id, album_id, release_id, number, title, length) VALUES (41, 157, 157, 4, 'Twisted', '0:3:39');
INSERT INTO tracks (artist_id, album_id, release_id, number, title, length) VALUES (41, 157, 157, 5, 'The Sermon', '0:1:43');
INSERT INTO tracks (artist_id, album_id, release_id, number, title, length) VALUES (41, 157, 157, 6, 'Despise', '0:3:12');
INSERT INTO tracks (artist_id, album_id, release_id, number, title, length) VALUES (41, 157, 157, 7, 'Animal', '0:3:48');
INSERT INTO tracks (artist_id, album_id, release_id, number, title, length) VALUES (41, 157, 157, 8, 'Only The Strong Survive', '0:4:54');
INSERT INTO tracks (artist_id, album_id, release_id, number, title, length) VALUES (41, 157, 157, 9, 'Violated', '0:3:23');
INSERT INTO tracks (artist_id, album_id, release_id, number, title, length) VALUES (41, 157, 157, 10, 'Inside My Head', '0:4:13');
INSERT INTO tracks (artist_id, album_id, release_id, number, title, length) VALUES (41, 157, 157, 11, 'Down Breeding', '0:3:56');
INSERT INTO albums (artist_id, title, year) VALUES (41, 'Rising', '1998-01-01');
INSERT INTO releases (album_id, description, year) VALUES (158, 'Standard CD', '1998-01-01');
INSERT INTO tracks (artist_id, album_id, release_id, number, title, length) VALUES (41, 158, 158, 1, 'Intro', '0:0:30');
INSERT INTO tracks (artist_id, album_id, release_id, number, title, length) VALUES (41, 158, 158, 2, 'Crooked Figurehead', '0:2:28');
INSERT INTO tracks (artist_id, album_id, release_id, number, title, length) VALUES (41, 158, 158, 3, 'Trick', '0:4:5');
INSERT INTO tracks (artist_id, album_id, release_id, number, title, length) VALUES (41, 158, 158, 4, 'Assassination of a Pop Star', '0:3:29');
INSERT INTO tracks (artist_id, album_id, release_id, number, title, length) VALUES (41, 158, 158, 5, 'Rising', '0:3:52');
INSERT INTO tracks (artist_id, album_id, release_id, number, title, length) VALUES (41, 158, 158, 6, 'Southern Pride', '0:3:29');
INSERT INTO tracks (artist_id, album_id, release_id, number, title, length) VALUES (41, 158, 158, 7, 'Enemy Territory', '0:3:39');
INSERT INTO tracks (artist_id, album_id, release_id, number, title, length) VALUES (41, 158, 158, 8, 'Back in the Saddle', '0:4:43');
INSERT INTO tracks (artist_id, album_id, release_id, number, title, length) VALUES (41, 158, 158, 9, 'Dry', '0:3:16');
INSERT INTO tracks (artist_id, album_id, release_id, number, title, length) VALUES (41, 158, 158, 10, 'Throw the Switch', '0:3:25');
INSERT INTO tracks (artist_id, album_id, release_id, number, title, length) VALUES (41, 158, 158, 11, 'Hang''Em High (Loser''s Theme)', '0:3:7');
INSERT INTO tracks (artist_id, album_id, release_id, number, title, length) VALUES (41, 158, 158, 12, 'Tears', '0:3:14');
INSERT INTO tracks (artist_id, album_id, release_id, number, title, length) VALUES (41, 158, 158, 13, 'Pipebomb', '0:3:49');
INSERT INTO tracks (artist_id, album_id, release_id, number, title, length) VALUES (41, 158, 158, 14, 'Suburban Ranger', '0:3:28');
INSERT INTO artists (name) VALUES ('Tad');
INSERT INTO albums (artist_id, title, year) VALUES (42, '8-Way Santa', '1991-01-01');
INSERT INTO releases (album_id, description, year) VALUES (159, 'Standard CD', '1991-01-01');
INSERT INTO tracks (artist_id, album_id, release_id, number, title, length) VALUES (42, 159, 159, 1, 'Jinx', '0:3:3');
INSERT INTO tracks (artist_id, album_id, release_id, number, title, length) VALUES (42, 159, 159, 2, 'Giant Killer', '0:3:3');
INSERT INTO tracks (artist_id, album_id, release_id, number, title, length) VALUES (42, 159, 159, 3, 'Wired God', '0:3:3');
INSERT INTO tracks (artist_id, album_id, release_id, number, title, length) VALUES (42, 159, 159, 4, 'Delinquent', '0:2:57');
INSERT INTO tracks (artist_id, album_id, release_id, number, title, length) VALUES (42, 159, 159, 5, 'Hedge Hog', '0:0:39');
INSERT INTO tracks (artist_id, album_id, release_id, number, title, length) VALUES (42, 159, 159, 6, 'Flame Tavern', '0:3:19');
INSERT INTO tracks (artist_id, album_id, release_id, number, title, length) VALUES (42, 159, 159, 7, 'Trash Truck', '0:3:25');
INSERT INTO tracks (artist_id, album_id, release_id, number, title, length) VALUES (42, 159, 159, 8, 'Stumblin'' Man', '0:3:35');
INSERT INTO tracks (artist_id, album_id, release_id, number, title, length) VALUES (42, 159, 159, 9, 'Jack Pepsi', '0:3:10');
INSERT INTO tracks (artist_id, album_id, release_id, number, title, length) VALUES (42, 159, 159, 10, 'Candi', '0:4:29');
INSERT INTO tracks (artist_id, album_id, release_id, number, title, length) VALUES (42, 159, 159, 11, '3-D Witch Hunt', '0:3:34');
INSERT INTO tracks (artist_id, album_id, release_id, number, title, length) VALUES (42, 159, 159, 12, 'Crane''s Cafe', '0:2:47');
INSERT INTO tracks (artist_id, album_id, release_id, number, title, length) VALUES (42, 159, 159, 13, 'Plague Years', '0:2:30');
INSERT INTO albums (artist_id, title, year) VALUES (42, 'Infrared Riding Hood', '1995-01-01');
INSERT INTO releases (album_id, description, year) VALUES (160, 'Standard CD', '1995-01-01');
INSERT INTO tracks (artist_id, album_id, release_id, number, title, length) VALUES (42, 160, 160, 1, 'Ictus', '0:3:17');
INSERT INTO tracks (artist_id, album_id, release_id, number, title, length) VALUES (42, 160, 160, 2, 'Bullhorn', '0:3:17');
INSERT INTO tracks (artist_id, album_id, release_id, number, title, length) VALUES (42, 160, 160, 3, 'Thistle Suit', '0:4:51');
INSERT INTO tracks (artist_id, album_id, release_id, number, title, length) VALUES (42, 160, 160, 4, 'Emotional Cockroach', '0:3:46');
INSERT INTO tracks (artist_id, album_id, release_id, number, title, length) VALUES (42, 160, 160, 5, 'Red Eye Angel', '0:2:17');
INSERT INTO tracks (artist_id, album_id, release_id, number, title, length) VALUES (42, 160, 160, 6, 'Bludge', '0:2:35');
INSERT INTO tracks (artist_id, album_id, release_id, number, title, length) VALUES (42, 160, 160, 7, 'Dementia', '0:3:27');
INSERT INTO tracks (artist_id, album_id, release_id, number, title, length) VALUES (42, 160, 160, 8, 'Weakling', '0:3:28');
INSERT INTO tracks (artist_id, album_id, release_id, number, title, length) VALUES (42, 160, 160, 9, 'Halcyon Nights', '0:3:19');
INSERT INTO tracks (artist_id, album_id, release_id, number, title, length) VALUES (42, 160, 160, 10, 'Particle Accelerator', '0:3:5');
INSERT INTO tracks (artist_id, album_id, release_id, number, title, length) VALUES (42, 160, 160, 11, 'Tool Marks', '0:2:59');
INSERT INTO tracks (artist_id, album_id, release_id, number, title, length) VALUES (42, 160, 160, 12, 'Mystery Copter', '0:27:7');
INSERT INTO albums (artist_id, title, year) VALUES (42, 'Inhaler', '1993-01-01');
INSERT INTO releases (album_id, description, year) VALUES (161, 'Standard CD', '1993-01-01');
INSERT INTO tracks (artist_id, album_id, release_id, number, title, length) VALUES (42, 161, 161, 1, 'Grease Box', '0:3:53');
INSERT INTO tracks (artist_id, album_id, release_id, number, title, length) VALUES (42, 161, 161, 2, 'Throat Locust', '0:4:4');
INSERT INTO tracks (artist_id, album_id, release_id, number, title, length) VALUES (42, 161, 161, 3, 'Leafy Incline', '0:3:30');
INSERT INTO tracks (artist_id, album_id, release_id, number, title, length) VALUES (42, 161, 161, 4, 'Luminol', '0:4:42');
INSERT INTO tracks (artist_id, album_id, release_id, number, title, length) VALUES (42, 161, 161, 5, 'Ulcer', '0:4:36');
INSERT INTO tracks (artist_id, album_id, release_id, number, title, length) VALUES (42, 161, 161, 6, 'Lycanthrope', '0:3:34');
INSERT INTO tracks (artist_id, album_id, release_id, number, title, length) VALUES (42, 161, 161, 7, 'Just Bought The Farm', '0:4:15');
INSERT INTO tracks (artist_id, album_id, release_id, number, title, length) VALUES (42, 161, 161, 8, 'Rotor', '0:4:3');
INSERT INTO tracks (artist_id, album_id, release_id, number, title, length) VALUES (42, 161, 161, 9, 'Paregoric', '0:4:12');
INSERT INTO tracks (artist_id, album_id, release_id, number, title, length) VALUES (42, 161, 161, 10, 'Pansy', '0:2:48');
INSERT INTO tracks (artist_id, album_id, release_id, number, title, length) VALUES (42, 161, 161, 11, 'Gouge', '0:3:20');
INSERT INTO artists (name) VALUES ('Test Dept');
INSERT INTO albums (artist_id, title, year) VALUES (43, 'Pax Britannica', '1990-01-01');
INSERT INTO releases (album_id, description, year) VALUES (162, 'Standard CD', '1990-01-01');
INSERT INTO tracks (artist_id, album_id, release_id, number, title, length) VALUES (43, 162, 162, 1, 'Movement I: Pledge', '0:0:27');
INSERT INTO tracks (artist_id, album_id, release_id, number, title, length) VALUES (43, 162, 162, 2, 'Movement I: Jerusalem', '0:2:45');
INSERT INTO tracks (artist_id, album_id, release_id, number, title, length) VALUES (43, 162, 162, 3, 'Movement I: Heaven''s Command', '0:0:57');
INSERT INTO tracks (artist_id, album_id, release_id, number, title, length) VALUES (43, 162, 162, 4, 'Movement I: Characters of Light', '0:1:5');
INSERT INTO tracks (artist_id, album_id, release_id, number, title, length) VALUES (43, 162, 162, 5, 'Movement I: Agincourt', '0:3:2');
INSERT INTO tracks (artist_id, album_id, release_id, number, title, length) VALUES (43, 162, 162, 6, 'Movement I: Accusation', '0:1:53');
INSERT INTO tracks (artist_id, album_id, release_id, number, title, length) VALUES (43, 162, 162, 7, 'Movement II: Territory (The Epic of The Race)', '0:6:30');
INSERT INTO tracks (artist_id, album_id, release_id, number, title, length) VALUES (43, 162, 162, 8, 'Movement III: From the Land (As An Fhearann)', '0:5:42');
INSERT INTO tracks (artist_id, album_id, release_id, number, title, length) VALUES (43, 162, 162, 9, 'Movement IV: God, King, and Law', '0:5:40');
INSERT INTO tracks (artist_id, album_id, release_id, number, title, length) VALUES (43, 162, 162, 10, 'Movement IV: The Cracked Facade', '0:5:35');
INSERT INTO tracks (artist_id, album_id, release_id, number, title, length) VALUES (43, 162, 162, 11, 'Movement IV: Farewell the Trumpets', '0:3:2');
INSERT INTO tracks (artist_id, album_id, release_id, number, title, length) VALUES (43, 162, 162, 12, 'Movement V: The Legacy (A Lasting Presence)', '0:4:15');
INSERT INTO artists (name) VALUES ('The Quintet');
INSERT INTO albums (artist_id, title, year) VALUES (44, 'Jazz at Massey Hall', '1953-01-01');
INSERT INTO releases (album_id, description, year) VALUES (163, 'Standard CD', '1953-01-01');
INSERT INTO tracks (artist_id, album_id, release_id, number, title, length) VALUES (44, 163, 163, 1, 'Perdido', '0:7:45');
INSERT INTO tracks (artist_id, album_id, release_id, number, title, length) VALUES (44, 163, 163, 2, 'Salt Peanuts', '0:7:41');
INSERT INTO tracks (artist_id, album_id, release_id, number, title, length) VALUES (44, 163, 163, 3, 'All the Things You Are', '0:7:52');
INSERT INTO tracks (artist_id, album_id, release_id, number, title, length) VALUES (44, 163, 163, 4, 'Wee', '0:6:42');
INSERT INTO tracks (artist_id, album_id, release_id, number, title, length) VALUES (44, 163, 163, 5, 'Hot House', '0:9:14');
INSERT INTO tracks (artist_id, album_id, release_id, number, title, length) VALUES (44, 163, 163, 6, 'A Night in Tunisia', '0:7:38');
INSERT INTO artists (name) VALUES ('Throbbing Gristle');
INSERT INTO albums (artist_id, title, year) VALUES (45, 'Greatest Hits', '1978-01-01');
INSERT INTO releases (album_id, description, year) VALUES (164, 'Standard CD', '1978-01-01');
INSERT INTO tracks (artist_id, album_id, release_id, number, title, length) VALUES (45, 164, 164, 1, 'Hamburger Lady', '0:4:11');
INSERT INTO tracks (artist_id, album_id, release_id, number, title, length) VALUES (45, 164, 164, 2, 'Hot On The Heels Of Love', '0:4:21');
INSERT INTO tracks (artist_id, album_id, release_id, number, title, length) VALUES (45, 164, 164, 3, 'Subhuman', '0:2:58');
INSERT INTO tracks (artist_id, album_id, release_id, number, title, length) VALUES (45, 164, 164, 4, 'AB/7A', '0:4:29');
INSERT INTO tracks (artist_id, album_id, release_id, number, title, length) VALUES (45, 164, 164, 5, 'Six Six Sixties', '0:2:7');
INSERT INTO tracks (artist_id, album_id, release_id, number, title, length) VALUES (45, 164, 164, 6, 'Blood On The Floor', '0:1:16');
INSERT INTO tracks (artist_id, album_id, release_id, number, title, length) VALUES (45, 164, 164, 7, '20 Jazz Funk Greats', '0:2:42');
INSERT INTO tracks (artist_id, album_id, release_id, number, title, length) VALUES (45, 164, 164, 8, 'Tiab Guls', '0:4:19');
INSERT INTO tracks (artist_id, album_id, release_id, number, title, length) VALUES (45, 164, 164, 9, 'United', '0:4:5');
INSERT INTO tracks (artist_id, album_id, release_id, number, title, length) VALUES (45, 164, 164, 10, 'What A Day', '0:4:36');
INSERT INTO tracks (artist_id, album_id, release_id, number, title, length) VALUES (45, 164, 164, 11, 'Adrenalin', '0:4:1');
INSERT INTO tracks (artist_id, album_id, release_id, number, title, length) VALUES (45, 164, 164, 12, '[play it again]', '0:0:39');
INSERT INTO albums (artist_id, title, year) VALUES (45, 'Heathen Earth', '1980-01-01');
INSERT INTO releases (album_id, description, year) VALUES (165, 'Standard CD', '1980-01-01');
INSERT INTO tracks (artist_id, album_id, release_id, number, title, length) VALUES (45, 165, 165, 1, 'Cornets', '0:4:38');
INSERT INTO tracks (artist_id, album_id, release_id, number, title, length) VALUES (45, 165, 165, 2, 'The Old Man Smiled', '0:6:39');
INSERT INTO tracks (artist_id, album_id, release_id, number, title, length) VALUES (45, 165, 165, 3, 'After Cease to Exist', '0:7:17');
INSERT INTO tracks (artist_id, album_id, release_id, number, title, length) VALUES (45, 165, 165, 4, 'The World is a War Film', '0:7:46');
INSERT INTO tracks (artist_id, album_id, release_id, number, title, length) VALUES (45, 165, 165, 5, 'Dreammachine', '0:7:44');
INSERT INTO tracks (artist_id, album_id, release_id, number, title, length) VALUES (45, 165, 165, 6, 'Still Walking', '0:4:56');
INSERT INTO tracks (artist_id, album_id, release_id, number, title, length) VALUES (45, 165, 165, 7, 'Don''t Do As You''re Told', '0:7:33');
INSERT INTO tracks (artist_id, album_id, release_id, number, title, length) VALUES (45, 165, 165, 8, 'Painless Childbirth', '0:1:5');
INSERT INTO tracks (artist_id, album_id, release_id, number, title, length) VALUES (45, 165, 165, 9, 'Adrenalin', '0:3:59');
INSERT INTO tracks (artist_id, album_id, release_id, number, title, length) VALUES (45, 165, 165, 10, 'Subhuman', '0:2:53');
INSERT INTO artists (name) VALUES ('Torture Killer');
INSERT INTO albums (artist_id, title, year) VALUES (46, 'Swarm!', '2006-01-01');
INSERT INTO releases (album_id, description, year) VALUES (166, 'Standard CD', '2006-01-01');
INSERT INTO tracks (artist_id, album_id, release_id, number, title, length) VALUES (46, 166, 166, 1, 'Swarm!', '0:2:49');
INSERT INTO tracks (artist_id, album_id, release_id, number, title, length) VALUES (46, 166, 166, 2, 'Forever Dead', '0:5:44');
INSERT INTO tracks (artist_id, album_id, release_id, number, title, length) VALUES (46, 166, 166, 3, 'A Funeral for the Masses', '0:3:8');
INSERT INTO tracks (artist_id, album_id, release_id, number, title, length) VALUES (46, 166, 166, 4, 'Multiple Counts of Murder', '0:3:40');
INSERT INTO tracks (artist_id, album_id, release_id, number, title, length) VALUES (46, 166, 166, 5, 'Obsessed with Homicide', '0:2:23');
INSERT INTO tracks (artist_id, album_id, release_id, number, title, length) VALUES (46, 166, 166, 6, 'Sadistic', '0:3:23');
INSERT INTO tracks (artist_id, album_id, release_id, number, title, length) VALUES (46, 166, 166, 7, 'Cannibal Gluttony', '0:3:33');
INSERT INTO tracks (artist_id, album_id, release_id, number, title, length) VALUES (46, 166, 166, 8, 'I Killed You', '0:3:18');
INSERT INTO tracks (artist_id, album_id, release_id, number, title, length) VALUES (46, 166, 166, 9, 'Heading Towards the Butchery', '0:2:52');
INSERT INTO tracks (artist_id, album_id, release_id, number, title, length) VALUES (46, 166, 166, 10, 'A Violent Scene of Death', '0:3:46');
INSERT INTO artists (name) VALUES ('Trivium');
INSERT INTO albums (artist_id, title, year) VALUES (47, 'Ascendancy', '2005-01-01');
INSERT INTO releases (album_id, description, year) VALUES (167, 'Standard CD', '2005-01-01');
INSERT INTO tracks (artist_id, album_id, release_id, number, title, length) VALUES (47, 167, 167, 1, 'The End Of Everything', '0:1:20');
INSERT INTO tracks (artist_id, album_id, release_id, number, title, length) VALUES (47, 167, 167, 2, 'Rain', '0:4:11');
INSERT INTO tracks (artist_id, album_id, release_id, number, title, length) VALUES (47, 167, 167, 3, 'Pull Harder On The Strings Of Your Martyr', '0:4:51');
INSERT INTO tracks (artist_id, album_id, release_id, number, title, length) VALUES (47, 167, 167, 4, 'Drowned And Torn Asunder', '0:4:17');
INSERT INTO tracks (artist_id, album_id, release_id, number, title, length) VALUES (47, 167, 167, 5, 'Ascendancy', '0:4:25');
INSERT INTO tracks (artist_id, album_id, release_id, number, title, length) VALUES (47, 167, 167, 6, 'A Gunshot To The Head Of Trepidation', '0:5:55');
INSERT INTO tracks (artist_id, album_id, release_id, number, title, length) VALUES (47, 167, 167, 7, 'Like Light To The Flies', '0:5:40');
INSERT INTO tracks (artist_id, album_id, release_id, number, title, length) VALUES (47, 167, 167, 8, 'Dying In Your Arms', '0:2:53');
INSERT INTO tracks (artist_id, album_id, release_id, number, title, length) VALUES (47, 167, 167, 9, 'The Deceived', '0:5:11');
INSERT INTO tracks (artist_id, album_id, release_id, number, title, length) VALUES (47, 167, 167, 10, 'Suffocating Sight', '0:3:47');
INSERT INTO tracks (artist_id, album_id, release_id, number, title, length) VALUES (47, 167, 167, 11, 'Departure', '0:5:41');
INSERT INTO tracks (artist_id, album_id, release_id, number, title, length) VALUES (47, 167, 167, 12, 'Declaration', '0:7:0');
INSERT INTO artists (name) VALUES ('Unit:187');
INSERT INTO albums (artist_id, title, year) VALUES (48, 'Capital Punishment', '2003-01-01');
INSERT INTO releases (album_id, description, year) VALUES (168, 'Standard CD', '2003-01-01');
INSERT INTO tracks (artist_id, album_id, release_id, number, title, length) VALUES (48, 168, 168, 1, 'Capital Punishment', '0:5:5');
INSERT INTO tracks (artist_id, album_id, release_id, number, title, length) VALUES (48, 168, 168, 2, 'Lust Poison #9', '0:5:11');
INSERT INTO tracks (artist_id, album_id, release_id, number, title, length) VALUES (48, 168, 168, 3, 'Anger Management (part 1)', '0:4:22');
INSERT INTO tracks (artist_id, album_id, release_id, number, title, length) VALUES (48, 168, 168, 4, 'Angels', '0:5:16');
INSERT INTO tracks (artist_id, album_id, release_id, number, title, length) VALUES (48, 168, 168, 5, 'Second Class Citizen', '0:5:19');
INSERT INTO tracks (artist_id, album_id, release_id, number, title, length) VALUES (48, 168, 168, 6, 'Anger Management (part2)', '0:6:30');
INSERT INTO tracks (artist_id, album_id, release_id, number, title, length) VALUES (48, 168, 168, 7, 'Infested', '0:7:34');
INSERT INTO tracks (artist_id, album_id, release_id, number, title, length) VALUES (48, 168, 168, 8, 'Euphoria', '0:6:30');
INSERT INTO tracks (artist_id, album_id, release_id, number, title, length) VALUES (48, 168, 168, 9, 'Second Class Citizen (Decreemix)', '0:4:5');
INSERT INTO artists (name) VALUES ('Van Halen');
INSERT INTO albums (artist_id, title, year) VALUES (49, '1984', '1983-01-01');
INSERT INTO releases (album_id, description, year) VALUES (169, 'Standard CD', '1983-01-01');
INSERT INTO tracks (artist_id, album_id, release_id, number, title, length) VALUES (49, 169, 169, 1, '1984', '0:1:7');
INSERT INTO tracks (artist_id, album_id, release_id, number, title, length) VALUES (49, 169, 169, 2, 'Jump', '0:4:3');
INSERT INTO tracks (artist_id, album_id, release_id, number, title, length) VALUES (49, 169, 169, 3, 'Panama', '0:3:32');
INSERT INTO tracks (artist_id, album_id, release_id, number, title, length) VALUES (49, 169, 169, 4, 'Top Jimmy', '0:3:2');
INSERT INTO tracks (artist_id, album_id, release_id, number, title, length) VALUES (49, 169, 169, 5, 'Drop Dead Legs', '0:4:13');
INSERT INTO tracks (artist_id, album_id, release_id, number, title, length) VALUES (49, 169, 169, 6, 'Hot For Teacher', '0:4:44');
INSERT INTO tracks (artist_id, album_id, release_id, number, title, length) VALUES (49, 169, 169, 7, 'I''ll Wait', '0:4:44');
INSERT INTO tracks (artist_id, album_id, release_id, number, title, length) VALUES (49, 169, 169, 8, 'Girl Gone Bad', '0:4:35');
INSERT INTO tracks (artist_id, album_id, release_id, number, title, length) VALUES (49, 169, 169, 9, 'House Of Pain', '0:3:18');
INSERT INTO albums (artist_id, title, year) VALUES (49, 'Van Halen', '1978-01-01');
INSERT INTO releases (album_id, description, year) VALUES (170, 'Standard CD', '1978-01-01');
INSERT INTO tracks (artist_id, album_id, release_id, number, title, length) VALUES (49, 170, 170, 1, 'Runnin'' With The Devil', '0:3:36');
INSERT INTO tracks (artist_id, album_id, release_id, number, title, length) VALUES (49, 170, 170, 2, 'Eruption', '0:1:42');
INSERT INTO tracks (artist_id, album_id, release_id, number, title, length) VALUES (49, 170, 170, 3, 'You Really Got Me', '0:2:38');
INSERT INTO tracks (artist_id, album_id, release_id, number, title, length) VALUES (49, 170, 170, 4, 'Ain''t Talkin'' ''Bout Love', '0:3:49');
INSERT INTO tracks (artist_id, album_id, release_id, number, title, length) VALUES (49, 170, 170, 5, 'I''m The One', '0:3:46');
INSERT INTO tracks (artist_id, album_id, release_id, number, title, length) VALUES (49, 170, 170, 6, 'Jamie''s Cryin''', '0:3:30');
INSERT INTO tracks (artist_id, album_id, release_id, number, title, length) VALUES (49, 170, 170, 7, 'Atomic Punk', '0:3:1');
INSERT INTO tracks (artist_id, album_id, release_id, number, title, length) VALUES (49, 170, 170, 8, 'Feel Your Love Tonight', '0:3:42');
INSERT INTO tracks (artist_id, album_id, release_id, number, title, length) VALUES (49, 170, 170, 9, 'Little Dreamer', '0:3:23');
INSERT INTO tracks (artist_id, album_id, release_id, number, title, length) VALUES (49, 170, 170, 10, 'Ice Cream Man', '0:3:20');
INSERT INTO tracks (artist_id, album_id, release_id, number, title, length) VALUES (49, 170, 170, 11, 'On Fire', '0:3:0');
INSERT INTO albums (artist_id, title, year) VALUES (49, 'OU812', '1988-01-01');
INSERT INTO releases (album_id, description, year) VALUES (171, 'Standard CD', '1988-01-01');
INSERT INTO tracks (artist_id, album_id, release_id, number, title, length) VALUES (49, 171, 171, 1, 'Mine All Mine', '0:5:14');
INSERT INTO tracks (artist_id, album_id, release_id, number, title, length) VALUES (49, 171, 171, 2, 'When It''s Love', '0:5:39');
INSERT INTO tracks (artist_id, album_id, release_id, number, title, length) VALUES (49, 171, 171, 3, 'A.F.U. (Naturally Wired)', '0:4:30');
INSERT INTO tracks (artist_id, album_id, release_id, number, title, length) VALUES (49, 171, 171, 4, 'Cabo Wabo', '0:7:4');
INSERT INTO tracks (artist_id, album_id, release_id, number, title, length) VALUES (49, 171, 171, 5, 'Source Of Infection', '0:4:1');
INSERT INTO tracks (artist_id, album_id, release_id, number, title, length) VALUES (49, 171, 171, 6, 'Feels So Good', '0:4:31');
INSERT INTO tracks (artist_id, album_id, release_id, number, title, length) VALUES (49, 171, 171, 7, 'Finish What Ya Started', '0:4:24');
INSERT INTO tracks (artist_id, album_id, release_id, number, title, length) VALUES (49, 171, 171, 8, 'Black And Blue', '0:5:26');
INSERT INTO tracks (artist_id, album_id, release_id, number, title, length) VALUES (49, 171, 171, 9, 'Sucker In A 3 Piece', '0:5:55');
INSERT INTO tracks (artist_id, album_id, release_id, number, title, length) VALUES (49, 171, 171, 10, 'Apolitical Blues', '0:3:51');
INSERT INTO artists (name) VALUES ('Vaughn Monroe');
INSERT INTO albums (artist_id, title, year) VALUES (50, 'The Golden Voice Of Vaughn Monroe', '1983-01-01');
INSERT INTO releases (album_id, description, year) VALUES (172, 'Standard CD', '1983-01-01');
INSERT INTO tracks (artist_id, album_id, release_id, number, title, length) VALUES (50, 172, 172, 1, 'There! I''ve Said It Again', '0:3:12');
INSERT INTO tracks (artist_id, album_id, release_id, number, title, length) VALUES (50, 172, 172, 2, 'Kiss Me Again', '0:3:7');
INSERT INTO tracks (artist_id, album_id, release_id, number, title, length) VALUES (50, 172, 172, 3, 'Carolina Moon', '0:2:56');
INSERT INTO tracks (artist_id, album_id, release_id, number, title, length) VALUES (50, 172, 172, 4, 'I Wish I Didn''t Love You So', '0:2:48');
INSERT INTO tracks (artist_id, album_id, release_id, number, title, length) VALUES (50, 172, 172, 5, 'Let It Snow! Let It Snow! Let It Snow!', '0:3:11');
INSERT INTO tracks (artist_id, album_id, release_id, number, title, length) VALUES (50, 172, 172, 6, 'The Night Is So Young and You''re So Beautiful', '0:3:0');
INSERT INTO tracks (artist_id, album_id, release_id, number, title, length) VALUES (50, 172, 172, 7, 'Red Roses For A Blue Lady', '0:2:57');
INSERT INTO tracks (artist_id, album_id, release_id, number, title, length) VALUES (50, 172, 172, 8, 'Ballerina', '0:3:26');
INSERT INTO tracks (artist_id, album_id, release_id, number, title, length) VALUES (50, 172, 172, 9, 'Racing With The Moon', '0:3:14');
INSERT INTO tracks (artist_id, album_id, release_id, number, title, length) VALUES (50, 172, 172, 10, 'Mooonlight And Roses', '0:3:14');
INSERT INTO tracks (artist_id, album_id, release_id, number, title, length) VALUES (50, 172, 172, 11, 'Did You Ever See A Dream Walking', '0:3:17');
INSERT INTO tracks (artist_id, album_id, release_id, number, title, length) VALUES (50, 172, 172, 12, 'Charmaine', '0:2:29');
INSERT INTO tracks (artist_id, album_id, release_id, number, title, length) VALUES (50, 172, 172, 13, 'Dream A Little Dream Of Me', '0:3:23');
INSERT INTO tracks (artist_id, album_id, release_id, number, title, length) VALUES (50, 172, 172, 14, 'Someday (You''ll Want Me To Want You)', '0:3:4');
INSERT INTO tracks (artist_id, album_id, release_id, number, title, length) VALUES (50, 172, 172, 15, 'Look For The Silver Lining', '0:2:53');
INSERT INTO tracks (artist_id, album_id, release_id, number, title, length) VALUES (50, 172, 172, 16, 'Cool Water', '0:3:7');
INSERT INTO tracks (artist_id, album_id, release_id, number, title, length) VALUES (50, 172, 172, 17, 'Riders In The Sky (A Cowboy Legend)', '0:3:2');
INSERT INTO tracks (artist_id, album_id, release_id, number, title, length) VALUES (50, 172, 172, 18, 'I''ll See You In My Dreams', '0:3:9');
INSERT INTO artists (name) VALUES ('Violent Soho');
INSERT INTO albums (artist_id, title, year) VALUES (51, 'Violent Soho', '2010-01-01');
INSERT INTO releases (album_id, description, year) VALUES (173, 'Standard CD', '2010-01-01');
INSERT INTO tracks (artist_id, album_id, release_id, number, title, length) VALUES (51, 173, 173, 1, 'Here Be Dragons', '0:3:14');
INSERT INTO tracks (artist_id, album_id, release_id, number, title, length) VALUES (51, 173, 173, 2, 'Jesus Stole My Girlfriend', '0:2:57');
INSERT INTO tracks (artist_id, album_id, release_id, number, title, length) VALUES (51, 173, 173, 3, 'Son of Sam', '0:3:0');
INSERT INTO tracks (artist_id, album_id, release_id, number, title, length) VALUES (51, 173, 173, 4, 'My Generation', '0:3:2');
INSERT INTO tracks (artist_id, album_id, release_id, number, title, length) VALUES (51, 173, 173, 5, 'Muscle Junkie', '0:3:16');
INSERT INTO tracks (artist_id, album_id, release_id, number, title, length) VALUES (51, 173, 173, 6, 'Outsider', '0:3:0');
INSERT INTO tracks (artist_id, album_id, release_id, number, title, length) VALUES (51, 173, 173, 7, 'Slippery Tongue', '0:3:2');
INSERT INTO tracks (artist_id, album_id, release_id, number, title, length) VALUES (51, 173, 173, 8, 'Love is a Heavy Word', '0:3:5');
INSERT INTO tracks (artist_id, album_id, release_id, number, title, length) VALUES (51, 173, 173, 9, 'Bombs Over Broadway', '0:3:9');
INSERT INTO tracks (artist_id, album_id, release_id, number, title, length) VALUES (51, 173, 173, 10, 'Narrow Ways', '0:3:36');
INSERT INTO artists (name) VALUES ('yelworC');
INSERT INTO albums (artist_id, title, year) VALUES (52, 'Icolatoin', '2007-01-01');
INSERT INTO releases (album_id, description, year) VALUES (174, 'Standard CD', '2007-01-01');
INSERT INTO tracks (artist_id, album_id, release_id, number, title, length) VALUES (52, 174, 174, 1, 'Lord of the Three', '0:3:18');
INSERT INTO tracks (artist_id, album_id, release_id, number, title, length) VALUES (52, 174, 174, 2, 'In the Purgatory', '0:4:10');
INSERT INTO tracks (artist_id, album_id, release_id, number, title, length) VALUES (52, 174, 174, 3, 'Without Remorse - Remix', '0:4:50');
INSERT INTO tracks (artist_id, album_id, release_id, number, title, length) VALUES (52, 174, 174, 4, 'Icolation', '0:4:19');
INSERT INTO tracks (artist_id, album_id, release_id, number, title, length) VALUES (52, 174, 174, 5, 'Lost Futile', '0:5:47');
INSERT INTO tracks (artist_id, album_id, release_id, number, title, length) VALUES (52, 174, 174, 6, 'Phantoms of Conscience', '0:5:17');
INSERT INTO tracks (artist_id, album_id, release_id, number, title, length) VALUES (52, 174, 174, 7, 'Inner Monologue', '0:3:39');
INSERT INTO tracks (artist_id, album_id, release_id, number, title, length) VALUES (52, 174, 174, 8, 'Ecce Mundo - Version 2', '0:4:9');
INSERT INTO tracks (artist_id, album_id, release_id, number, title, length) VALUES (52, 174, 174, 9, 'Personal Hell', '0:3:11');
INSERT INTO tracks (artist_id, album_id, release_id, number, title, length) VALUES (52, 174, 174, 10, 'The Bells of Waiting', '0:4:44');
INSERT INTO tracks (artist_id, album_id, release_id, number, title, length) VALUES (52, 174, 174, 11, 'Dark Thorn - Version 2', '0:6:20');
INSERT INTO tracks (artist_id, album_id, release_id, number, title, length) VALUES (52, 174, 174, 12, 'The Shrine of Illusion - Version 2', '0:5:7');
INSERT INTO tracks (artist_id, album_id, release_id, number, title, length) VALUES (52, 174, 174, 13, 'Masks Off!', '0:4:24');
INSERT INTO tracks (artist_id, album_id, release_id, number, title, length) VALUES (52, 174, 174, 14, 'Purple Blood', '0:5:37');
INSERT INTO tracks (artist_id, album_id, release_id, number, title, length) VALUES (52, 174, 174, 15, 'Reason and Refusal', '0:4:0');
INSERT INTO tracks (artist_id, album_id, release_id, number, title, length) VALUES (52, 174, 174, 16, 'Essence Awake!', '0:4:14');
INSERT INTO tracks (artist_id, album_id, release_id, number, title, length) VALUES (52, 174, 174, 17, 'Secret''s Trace', '0:4:38');
INSERT INTO albums (artist_id, title, year) VALUES (52, 'Trinity', '2004-01-01');
INSERT INTO releases (album_id, description, year) VALUES (175, 'Standard CD', '2004-01-01');
INSERT INTO tracks (artist_id, album_id, release_id, number, title, length) VALUES (52, 175, 175, 1, 'Blaze of Downfall', '0:3:56');
INSERT INTO tracks (artist_id, album_id, release_id, number, title, length) VALUES (52, 175, 175, 2, 'Doom of Choronzon', '0:5:14');
INSERT INTO tracks (artist_id, album_id, release_id, number, title, length) VALUES (52, 175, 175, 3, 'Triune Junction', '0:5:48');
INSERT INTO tracks (artist_id, album_id, release_id, number, title, length) VALUES (52, 175, 175, 4, 'Prodigies of Black', '0:3:41');
INSERT INTO tracks (artist_id, album_id, release_id, number, title, length) VALUES (52, 175, 175, 5, 'Vexilla Regis Inferni', '0:4:13');
INSERT INTO tracks (artist_id, album_id, release_id, number, title, length) VALUES (52, 175, 175, 6, 'Trinity', '0:5:26');
INSERT INTO tracks (artist_id, album_id, release_id, number, title, length) VALUES (52, 175, 175, 7, 'After Laughter', '0:6:7');
INSERT INTO tracks (artist_id, album_id, release_id, number, title, length) VALUES (52, 175, 175, 8, 'Bloodwhited', '0:5:53');
INSERT INTO tracks (artist_id, album_id, release_id, number, title, length) VALUES (52, 175, 175, 9, 'Caina''s Curse', '0:4:51');
INSERT INTO tracks (artist_id, album_id, release_id, number, title, length) VALUES (52, 175, 175, 10, 'Revelation', '0:5:16');
INSERT INTO tracks (artist_id, album_id, release_id, number, title, length) VALUES (52, 175, 175, 11, 'D-Mask', '0:1:34');
INSERT INTO tracks (artist_id, album_id, release_id, number, title, length) VALUES (52, 175, 175, 12, 'Beast Tamer', '0:6:9');
INSERT INTO tracks (artist_id, album_id, release_id, number, title, length) VALUES (52, 175, 175, 13, 'Almighty Din', '0:4:48');
INSERT INTO tracks (artist_id, album_id, release_id, number, title, length) VALUES (52, 175, 175, 14, 'Thru Me', '0:6:26');
INSERT INTO tracks (artist_id, album_id, release_id, number, title, length) VALUES (52, 175, 175, 15, 'Pan-Demonium', '0:5:31');
INSERT INTO tracks (artist_id, album_id, release_id, number, title, length) VALUES (52, 175, 175, 16, 'Hellfaction', '0:2:6');
INSERT INTO artists (name) VALUES ('Yes');
INSERT INTO albums (artist_id, title, year) VALUES (53, 'Fragile', '1972-01-01');
INSERT INTO releases (album_id, description, year) VALUES (176, 'Standard CD', '1972-01-01');
INSERT INTO tracks (artist_id, album_id, release_id, number, title, length) VALUES (53, 176, 176, 1, 'Roundabout', '0:8:35');
INSERT INTO tracks (artist_id, album_id, release_id, number, title, length) VALUES (53, 176, 176, 2, 'Cans And Brahms', '0:1:42');
INSERT INTO tracks (artist_id, album_id, release_id, number, title, length) VALUES (53, 176, 176, 3, 'We Have Heaven', '0:1:39');
INSERT INTO tracks (artist_id, album_id, release_id, number, title, length) VALUES (53, 176, 176, 4, 'South Side Of The Sky', '0:7:56');
INSERT INTO tracks (artist_id, album_id, release_id, number, title, length) VALUES (53, 176, 176, 5, 'Five Per Cent For Nothing', '0:0:37');
INSERT INTO tracks (artist_id, album_id, release_id, number, title, length) VALUES (53, 176, 176, 6, 'Long Distance Runaround', '0:3:29');
INSERT INTO tracks (artist_id, album_id, release_id, number, title, length) VALUES (53, 176, 176, 7, 'The Fish (Shindleria Praematurus)', '0:2:42');
INSERT INTO tracks (artist_id, album_id, release_id, number, title, length) VALUES (53, 176, 176, 8, 'Mood For A Day', '0:3:2');
INSERT INTO tracks (artist_id, album_id, release_id, number, title, length) VALUES (53, 176, 176, 9, 'Heart Of The Sunrise', '0:11:24');
INSERT INTO albums (artist_id, title, year) VALUES (53, 'Big Generator', '1987-01-01');
INSERT INTO releases (album_id, description, year) VALUES (177, 'Standard CD', '1987-01-01');
INSERT INTO tracks (artist_id, album_id, release_id, number, title, length) VALUES (53, 177, 177, 1, 'Rhythm Of Love', '0:4:48');
INSERT INTO tracks (artist_id, album_id, release_id, number, title, length) VALUES (53, 177, 177, 2, 'Big Generator', '0:4:33');
INSERT INTO tracks (artist_id, album_id, release_id, number, title, length) VALUES (53, 177, 177, 3, 'Shoot High Aim Low', '0:7:3');
INSERT INTO tracks (artist_id, album_id, release_id, number, title, length) VALUES (53, 177, 177, 4, 'Almost Like Love', '0:5:0');
INSERT INTO tracks (artist_id, album_id, release_id, number, title, length) VALUES (53, 177, 177, 5, 'Love Will Find A Way', '0:4:49');
INSERT INTO tracks (artist_id, album_id, release_id, number, title, length) VALUES (53, 177, 177, 6, 'Final Eyes', '0:6:26');
INSERT INTO tracks (artist_id, album_id, release_id, number, title, length) VALUES (53, 177, 177, 7, 'I''m Running', '0:7:37');
INSERT INTO tracks (artist_id, album_id, release_id, number, title, length) VALUES (53, 177, 177, 8, 'Holy Lamb', '0:3:19');
INSERT INTO albums (artist_id, title, year) VALUES (53, 'Talk', '1994-01-01');
INSERT INTO releases (album_id, description, year) VALUES (178, 'Standard CD', '1994-01-01');
INSERT INTO tracks (artist_id, album_id, release_id, number, title, length) VALUES (53, 178, 178, 1, 'The Calling', '0:6:56');
INSERT INTO tracks (artist_id, album_id, release_id, number, title, length) VALUES (53, 178, 178, 2, 'I Am Waiting', '0:7:25');
INSERT INTO tracks (artist_id, album_id, release_id, number, title, length) VALUES (53, 178, 178, 3, 'Real Love', '0:8:48');
INSERT INTO tracks (artist_id, album_id, release_id, number, title, length) VALUES (53, 178, 178, 4, 'State Of Play', '0:5:0');
INSERT INTO tracks (artist_id, album_id, release_id, number, title, length) VALUES (53, 178, 178, 5, 'Walls', '0:4:57');
INSERT INTO tracks (artist_id, album_id, release_id, number, title, length) VALUES (53, 178, 178, 6, 'Where Will You Be', '0:6:9');
INSERT INTO tracks (artist_id, album_id, release_id, number, title, length) VALUES (53, 178, 178, 7, 'Endless Dream - Silent Spring (instrumental)', '0:1:55');
INSERT INTO tracks (artist_id, album_id, release_id, number, title, length) VALUES (53, 178, 178, 8, 'Endless Dream - Talk', '0:11:54');
INSERT INTO tracks (artist_id, album_id, release_id, number, title, length) VALUES (53, 178, 178, 9, 'Endless Dream - Endless Dream', '0:1:53');
INSERT INTO albums (artist_id, title, year) VALUES (53, 'Union', '1991-01-01');
INSERT INTO releases (album_id, description, year) VALUES (179, 'Standard CD', '1991-01-01');
INSERT INTO tracks (artist_id, album_id, release_id, number, title, length) VALUES (53, 179, 179, 1, 'I Would Have Waited Forever', '0:6:32');
INSERT INTO tracks (artist_id, album_id, release_id, number, title, length) VALUES (53, 179, 179, 2, 'Shock to the System', '0:5:9');
INSERT INTO tracks (artist_id, album_id, release_id, number, title, length) VALUES (53, 179, 179, 3, 'Masquerade', '0:2:17');
INSERT INTO tracks (artist_id, album_id, release_id, number, title, length) VALUES (53, 179, 179, 4, 'Lift Me Up', '0:6:30');
INSERT INTO tracks (artist_id, album_id, release_id, number, title, length) VALUES (53, 179, 179, 5, 'Without Hope You Cannot Start the Day', '0:5:18');
INSERT INTO tracks (artist_id, album_id, release_id, number, title, length) VALUES (53, 179, 179, 6, 'Saving My Heart', '0:4:42');
INSERT INTO tracks (artist_id, album_id, release_id, number, title, length) VALUES (53, 179, 179, 7, 'Miracle of Life', '0:7:29');
INSERT INTO tracks (artist_id, album_id, release_id, number, title, length) VALUES (53, 179, 179, 8, 'Silent Talking', '0:4:1');
INSERT INTO tracks (artist_id, album_id, release_id, number, title, length) VALUES (53, 179, 179, 9, 'The More We Live - Let Go', '0:4:53');
INSERT INTO tracks (artist_id, album_id, release_id, number, title, length) VALUES (53, 179, 179, 10, 'Angkor Wat', '0:5:23');
INSERT INTO tracks (artist_id, album_id, release_id, number, title, length) VALUES (53, 179, 179, 11, 'Dangerous (Look in the Light of What You''re Searching For)', '0:3:38');
INSERT INTO tracks (artist_id, album_id, release_id, number, title, length) VALUES (53, 179, 179, 12, 'Holding On', '0:5:24');
INSERT INTO tracks (artist_id, album_id, release_id, number, title, length) VALUES (53, 179, 179, 13, 'Evensong', '0:0:51');
INSERT INTO tracks (artist_id, album_id, release_id, number, title, length) VALUES (53, 179, 179, 14, 'Take the Water to the Mountain', '0:3:10');
INSERT INTO artists (name) VALUES ('2 Unlimited');
INSERT INTO albums (artist_id, title, year) VALUES (54, 'Hits Unlimited', '1995-01-01');
INSERT INTO releases (album_id, description, year) VALUES (180, 'Standard CD', '1995-01-01');
INSERT INTO tracks (artist_id, album_id, release_id, number, title, length) VALUES (54, 180, 180, 1, 'Do What''s Good For Me', '0:3:51');
INSERT INTO tracks (artist_id, album_id, release_id, number, title, length) VALUES (54, 180, 180, 2, 'No Limit', '0:3:30');
INSERT INTO tracks (artist_id, album_id, release_id, number, title, length) VALUES (54, 180, 180, 3, 'Get Ready For This', '0:3:43');
INSERT INTO tracks (artist_id, album_id, release_id, number, title, length) VALUES (54, 180, 180, 4, 'Twilight Zone', '0:4:9');
INSERT INTO tracks (artist_id, album_id, release_id, number, title, length) VALUES (54, 180, 180, 5, 'No One', '0:3:27');
INSERT INTO tracks (artist_id, album_id, release_id, number, title, length) VALUES (54, 180, 180, 6, 'Jump For Joy', '0:3:43');
INSERT INTO tracks (artist_id, album_id, release_id, number, title, length) VALUES (54, 180, 180, 7, 'Tribal Dance', '0:3:41');
INSERT INTO tracks (artist_id, album_id, release_id, number, title, length) VALUES (54, 180, 180, 8, 'The Magic Friend', '0:3:46');
INSERT INTO tracks (artist_id, album_id, release_id, number, title, length) VALUES (54, 180, 180, 9, 'Workaholic', '0:3:36');
INSERT INTO tracks (artist_id, album_id, release_id, number, title, length) VALUES (54, 180, 180, 10, 'Let The Beat Control  Your Body', '0:3:40');
INSERT INTO tracks (artist_id, album_id, release_id, number, title, length) VALUES (54, 180, 180, 11, 'Nothing Like The Rain', '0:4:2');
INSERT INTO tracks (artist_id, album_id, release_id, number, title, length) VALUES (54, 180, 180, 12, 'Spread Your Love', '0:4:45');
INSERT INTO tracks (artist_id, album_id, release_id, number, title, length) VALUES (54, 180, 180, 13, 'The Real Thing', '0:3:41');
INSERT INTO tracks (artist_id, album_id, release_id, number, title, length) VALUES (54, 180, 180, 14, 'Here I Go', '0:3:18');
INSERT INTO tracks (artist_id, album_id, release_id, number, title, length) VALUES (54, 180, 180, 15, 'Maximum Overdrive', '0:3:43');
INSERT INTO tracks (artist_id, album_id, release_id, number, title, length) VALUES (54, 180, 180, 16, 'Faces', '0:3:32');
INSERT INTO albums (artist_id, title, year) VALUES (54, 'Get Ready', '1992-01-01');
INSERT INTO releases (album_id, description, year) VALUES (181, 'Standard CD', '1992-01-01');
INSERT INTO tracks (artist_id, album_id, release_id, number, title, length) VALUES (54, 181, 181, 1, 'Get Ready for This (Orchestral Mix)', '0:5:27');
INSERT INTO tracks (artist_id, album_id, release_id, number, title, length) VALUES (54, 181, 181, 2, 'Twilight Zone (Club Mix)', '0:5:55');
INSERT INTO tracks (artist_id, album_id, release_id, number, title, length) VALUES (54, 181, 181, 3, 'The Magic Friend', '0:4:31');
INSERT INTO tracks (artist_id, album_id, release_id, number, title, length) VALUES (54, 181, 181, 4, 'Contrast', '0:3:42');
INSERT INTO tracks (artist_id, album_id, release_id, number, title, length) VALUES (54, 181, 181, 5, 'Desire', '0:4:24');
INSERT INTO tracks (artist_id, album_id, release_id, number, title, length) VALUES (54, 181, 181, 6, 'Pacific Walk', '0:3:7');
INSERT INTO tracks (artist_id, album_id, release_id, number, title, length) VALUES (54, 181, 181, 7, 'Workaholic', '0:4:12');
INSERT INTO tracks (artist_id, album_id, release_id, number, title, length) VALUES (54, 181, 181, 8, 'Rougher Than The Average', '0:4:8');
INSERT INTO tracks (artist_id, album_id, release_id, number, title, length) VALUES (54, 181, 181, 9, 'Delight', '0:3:43');
INSERT INTO tracks (artist_id, album_id, release_id, number, title, length) VALUES (54, 181, 181, 10, 'Eternally Yours', '0:4:23');
INSERT INTO tracks (artist_id, album_id, release_id, number, title, length) VALUES (54, 181, 181, 11, 'Twilight Zone (Rave Version Edit)', '0:4:8');
INSERT INTO tracks (artist_id, album_id, release_id, number, title, length) VALUES (54, 181, 181, 12, 'Get Ready For This (Vocal Version)', '0:3:44');
INSERT INTO tracks (artist_id, album_id, release_id, number, title, length) VALUES (54, 181, 181, 13, 'The Magic Friend (Instrumental)', '0:3:31');
INSERT INTO tracks (artist_id, album_id, release_id, number, title, length) VALUES (54, 181, 181, 14, 'Workaholic (Instrumental)', '0:4:12');
INSERT INTO albums (artist_id, title, year) VALUES (54, 'Real Things', '1994-01-01');
INSERT INTO releases (album_id, description, year) VALUES (182, 'Standard CD', '1994-01-01');
INSERT INTO tracks (artist_id, album_id, release_id, number, title, length) VALUES (54, 182, 182, 1, 'The Real Thing', '0:3:41');
INSERT INTO tracks (artist_id, album_id, release_id, number, title, length) VALUES (54, 182, 182, 2, 'Do What I Like', '0:4:10');
INSERT INTO tracks (artist_id, album_id, release_id, number, title, length) VALUES (54, 182, 182, 3, 'Here I Go', '0:5:13');
INSERT INTO tracks (artist_id, album_id, release_id, number, title, length) VALUES (54, 182, 182, 4, 'Burning Like The Fire', '0:4:58');
INSERT INTO tracks (artist_id, album_id, release_id, number, title, length) VALUES (54, 182, 182, 5, 'Info Superhighway', '0:4:37');
INSERT INTO tracks (artist_id, album_id, release_id, number, title, length) VALUES (54, 182, 182, 6, 'Hypnotised', '0:4:25');
INSERT INTO tracks (artist_id, album_id, release_id, number, title, length) VALUES (54, 182, 182, 7, 'Turning Into Something Wild', '0:4:11');
INSERT INTO tracks (artist_id, album_id, release_id, number, title, length) VALUES (54, 182, 182, 8, 'Escape In Music', '0:3:54');
INSERT INTO tracks (artist_id, album_id, release_id, number, title, length) VALUES (54, 182, 182, 9, 'Sensuality', '0:4:30');
INSERT INTO tracks (artist_id, album_id, release_id, number, title, length) VALUES (54, 182, 182, 10, 'No One', '0:3:28');
INSERT INTO tracks (artist_id, album_id, release_id, number, title, length) VALUES (54, 182, 182, 11, 'Face To Face', '0:4:6');
INSERT INTO tracks (artist_id, album_id, release_id, number, title, length) VALUES (54, 182, 182, 12, 'What''s Mine Is Mine', '0:5:0');
INSERT INTO tracks (artist_id, album_id, release_id, number, title, length) VALUES (54, 182, 182, 13, 'Nothing Like The Rain', '0:4:42');
INSERT INTO tracks (artist_id, album_id, release_id, number, title, length) VALUES (54, 182, 182, 14, 'The Real Thing (U.S. Remix )', '0:3:51');
INSERT INTO artists (name) VALUES ('7 Year Bitch');
INSERT INTO albums (artist_id, title, year) VALUES (55, 'Gato Negro', '1996-01-01');
INSERT INTO releases (album_id, description, year) VALUES (183, 'Standard CD', '1996-01-01');
INSERT INTO tracks (artist_id, album_id, release_id, number, title, length) VALUES (55, 183, 183, 1, 'The History of My Future', '0:2:14');
INSERT INTO tracks (artist_id, album_id, release_id, number, title, length) VALUES (55, 183, 183, 2, 'Crying Shame', '0:4:9');
INSERT INTO tracks (artist_id, album_id, release_id, number, title, length) VALUES (55, 183, 183, 3, 'Disillusion', '0:3:5');
INSERT INTO tracks (artist_id, album_id, release_id, number, title, length) VALUES (55, 183, 183, 4, 'Deep in the Heart', '0:3:2');
INSERT INTO tracks (artist_id, album_id, release_id, number, title, length) VALUES (55, 183, 183, 5, 'The Midst', '0:3:29');
INSERT INTO tracks (artist_id, album_id, release_id, number, title, length) VALUES (55, 183, 183, 6, '24,900 Miles Per Hour', '0:3:27');
INSERT INTO tracks (artist_id, album_id, release_id, number, title, length) VALUES (55, 183, 183, 7, 'Whoopie Cat', '0:3:2');
INSERT INTO tracks (artist_id, album_id, release_id, number, title, length) VALUES (55, 183, 183, 8, 'Miss Understood', '0:3:7');
INSERT INTO tracks (artist_id, album_id, release_id, number, title, length) VALUES (55, 183, 183, 9, 'Sore Subject', '0:2:6');
INSERT INTO tracks (artist_id, album_id, release_id, number, title, length) VALUES (55, 183, 183, 10, 'Rest My Head', '0:2:57');
INSERT INTO tracks (artist_id, album_id, release_id, number, title, length) VALUES (55, 183, 183, 11, '2nd Hand', '0:1:44');
INSERT INTO tracks (artist_id, album_id, release_id, number, title, length) VALUES (55, 183, 183, 12, 'Jack', '0:2:36');
INSERT INTO artists (name) VALUES ('Amebix');
INSERT INTO albums (artist_id, title, year) VALUES (56, 'Arise!', '1985-01-01');
INSERT INTO releases (album_id, description, year) VALUES (184, 'Standard CD', '1985-01-01');
INSERT INTO tracks (artist_id, album_id, release_id, number, title, length) VALUES (56, 184, 184, 1, 'The Moor', '0:3:10');
INSERT INTO tracks (artist_id, album_id, release_id, number, title, length) VALUES (56, 184, 184, 2, 'Axeman', '0:3:33');
INSERT INTO tracks (artist_id, album_id, release_id, number, title, length) VALUES (56, 184, 184, 3, 'Fear of God', '0:3:13');
INSERT INTO tracks (artist_id, album_id, release_id, number, title, length) VALUES (56, 184, 184, 4, 'Largactyl', '0:3:47');
INSERT INTO tracks (artist_id, album_id, release_id, number, title, length) VALUES (56, 184, 184, 5, 'Drink+Be Merry', '0:6:8');
INSERT INTO tracks (artist_id, album_id, release_id, number, title, length) VALUES (56, 184, 184, 6, 'Spoils of Victory', '0:4:17');
INSERT INTO tracks (artist_id, album_id, release_id, number, title, length) VALUES (56, 184, 184, 7, 'Arise!', '0:5:23');
INSERT INTO tracks (artist_id, album_id, release_id, number, title, length) VALUES (56, 184, 184, 8, 'Slave', '0:3:55');
INSERT INTO tracks (artist_id, album_id, release_id, number, title, length) VALUES (56, 184, 184, 9, 'The Darkest Hour', '0:4:55');
INSERT INTO albums (artist_id, title, year) VALUES (56, 'Monolith', '1987-01-01');
INSERT INTO releases (album_id, description, year) VALUES (185, 'Standard CD', '1987-01-01');
INSERT INTO tracks (artist_id, album_id, release_id, number, title, length) VALUES (56, 185, 185, 1, 'Monolith', '0:3:27');
INSERT INTO tracks (artist_id, album_id, release_id, number, title, length) VALUES (56, 185, 185, 2, 'Nobodys Driving', '0:5:3');
INSERT INTO tracks (artist_id, album_id, release_id, number, title, length) VALUES (56, 185, 185, 3, 'The Power Remains', '0:4:33');
INSERT INTO tracks (artist_id, album_id, release_id, number, title, length) VALUES (56, 185, 185, 4, 'Time Bomb', '0:4:27');
INSERT INTO tracks (artist_id, album_id, release_id, number, title, length) VALUES (56, 185, 185, 5, 'Last Will And Testament', '0:5:0');
INSERT INTO tracks (artist_id, album_id, release_id, number, title, length) VALUES (56, 185, 185, 6, 'I.C.B.M.', '0:6:5');
INSERT INTO tracks (artist_id, album_id, release_id, number, title, length) VALUES (56, 185, 185, 7, 'Chain Reaction', '0:5:27');
INSERT INTO tracks (artist_id, album_id, release_id, number, title, length) VALUES (56, 185, 185, 8, 'Fallen From Grace', '0:4:14');
INSERT INTO tracks (artist_id, album_id, release_id, number, title, length) VALUES (56, 185, 185, 9, 'Coming Home', '0:5:44');
INSERT INTO artists (name) VALUES ('Architecture In Helsinki');
INSERT INTO albums (artist_id, title, year) VALUES (57, 'Places Like This', '2007-01-01');
INSERT INTO releases (album_id, description, year) VALUES (186, 'Standard CD', '2007-01-01');
INSERT INTO tracks (artist_id, album_id, release_id, number, title, length) VALUES (57, 186, 186, 1, 'Red Turned White', '0:2:46');
INSERT INTO tracks (artist_id, album_id, release_id, number, title, length) VALUES (57, 186, 186, 2, 'Heart It Races', '0:3:15');
INSERT INTO tracks (artist_id, album_id, release_id, number, title, length) VALUES (57, 186, 186, 3, 'Hold Music', '0:3:54');
INSERT INTO tracks (artist_id, album_id, release_id, number, title, length) VALUES (57, 186, 186, 4, 'Feather In A Baseball Cap', '0:2:27');
INSERT INTO tracks (artist_id, album_id, release_id, number, title, length) VALUES (57, 186, 186, 5, 'Underwater', '0:3:30');
INSERT INTO tracks (artist_id, album_id, release_id, number, title, length) VALUES (57, 186, 186, 6, 'Like It Or Not', '0:3:2');
INSERT INTO tracks (artist_id, album_id, release_id, number, title, length) VALUES (57, 186, 186, 7, 'Debbie', '0:2:53');
INSERT INTO tracks (artist_id, album_id, release_id, number, title, length) VALUES (57, 186, 186, 8, 'Lazy (Lazy)', '0:2:55');
INSERT INTO tracks (artist_id, album_id, release_id, number, title, length) VALUES (57, 186, 186, 9, 'Nothing''s Wrong', '0:3:23');
INSERT INTO tracks (artist_id, album_id, release_id, number, title, length) VALUES (57, 186, 186, 10, 'Same Old Innocence', '0:3:30');
INSERT INTO artists (name) VALUES ('Ayreon');
INSERT INTO albums (artist_id, title, year) VALUES (58, 'Universal Migrator', '2000-01-01');
INSERT INTO releases (album_id, description, year) VALUES (187, 'Standard CD', '2000-01-01');
INSERT INTO tracks (artist_id, album_id, release_id, number, title, length) VALUES (58, 187, 187, 1, 'Chaos', '0:5:11');
INSERT INTO tracks (artist_id, album_id, release_id, number, title, length) VALUES (58, 187, 187, 1, 'The Dream Sequencer', '0:5:9');
INSERT INTO tracks (artist_id, album_id, release_id, number, title, length) VALUES (58, 187, 187, 2, 'Dawn Of A Million Souls', '0:7:45');
INSERT INTO tracks (artist_id, album_id, release_id, number, title, length) VALUES (58, 187, 187, 2, 'My House On Mars', '0:7:48');
INSERT INTO tracks (artist_id, album_id, release_id, number, title, length) VALUES (58, 187, 187, 3, '2084', '0:7:41');
INSERT INTO tracks (artist_id, album_id, release_id, number, title, length) VALUES (58, 187, 187, 3, 'Journey On The Waves Of Time', '0:5:47');
INSERT INTO tracks (artist_id, album_id, release_id, number, title, length) VALUES (58, 187, 187, 4, 'One Small Step', '0:8:45');
INSERT INTO tracks (artist_id, album_id, release_id, number, title, length) VALUES (58, 187, 187, 4, 'To The Quasar', '0:8:42');
INSERT INTO tracks (artist_id, album_id, release_id, number, title, length) VALUES (58, 187, 187, 5, 'Into The Black Hole', '0:10:25');
INSERT INTO tracks (artist_id, album_id, release_id, number, title, length) VALUES (58, 187, 187, 5, 'The Shooting Company Of Captain Frans B. Cocq', '0:7:57');
INSERT INTO tracks (artist_id, album_id, release_id, number, title, length) VALUES (58, 187, 187, 6, 'Dragon On The Sea', '0:7:8');
INSERT INTO tracks (artist_id, album_id, release_id, number, title, length) VALUES (58, 187, 187, 6, 'Through The Wormhole', '0:6:5');
INSERT INTO tracks (artist_id, album_id, release_id, number, title, length) VALUES (58, 187, 187, 7, 'Out Of The White Hole', '0:7:10');
INSERT INTO tracks (artist_id, album_id, release_id, number, title, length) VALUES (58, 187, 187, 7, 'Temple Of The Cat', '0:4:10');
INSERT INTO tracks (artist_id, album_id, release_id, number, title, length) VALUES (58, 187, 187, 8, 'Carried By The Wind', '0:3:58');
INSERT INTO tracks (artist_id, album_id, release_id, number, title, length) VALUES (58, 187, 187, 8, 'To The Solar System', '0:6:12');
INSERT INTO tracks (artist_id, album_id, release_id, number, title, length) VALUES (58, 187, 187, 9, 'And The Druids Turn To Stone', '0:6:36');
INSERT INTO tracks (artist_id, album_id, release_id, number, title, length) VALUES (58, 187, 187, 9, 'The New Migrator', '0:8:17');
INSERT INTO tracks (artist_id, album_id, release_id, number, title, length) VALUES (58, 187, 187, 10, 'The First Man On Earth', '0:7:19');
INSERT INTO tracks (artist_id, album_id, release_id, number, title, length) VALUES (58, 187, 187, 11, 'The Dream Sequencer Reprise', '0:3:38');
INSERT INTO artists (name) VALUES ('Behind Enemy Lines');
INSERT INTO albums (artist_id, title, year) VALUES (59, 'One Nation Under The Iron First Of God', '2006-01-01');
INSERT INTO releases (album_id, description, year) VALUES (188, 'Standard CD', '2006-01-01');
INSERT INTO tracks (artist_id, album_id, release_id, number, title, length) VALUES (59, 188, 188, 1, 'George''s Vision', '0:0:53');
INSERT INTO tracks (artist_id, album_id, release_id, number, title, length) VALUES (59, 188, 188, 2, 'Faceless', '0:4:34');
INSERT INTO tracks (artist_id, album_id, release_id, number, title, length) VALUES (59, 188, 188, 3, 'Retribution', '0:3:32');
INSERT INTO tracks (artist_id, album_id, release_id, number, title, length) VALUES (59, 188, 188, 4, 'Gluttons Of Privilege', '0:2:36');
INSERT INTO tracks (artist_id, album_id, release_id, number, title, length) VALUES (59, 188, 188, 5, 'Turning A Blind Eye', '0:1:56');
INSERT INTO tracks (artist_id, album_id, release_id, number, title, length) VALUES (59, 188, 188, 6, 'Flooded', '0:3:56');
INSERT INTO tracks (artist_id, album_id, release_id, number, title, length) VALUES (59, 188, 188, 7, 'Shoot The Looters', '0:1:46');
INSERT INTO tracks (artist_id, album_id, release_id, number, title, length) VALUES (59, 188, 188, 8, 'Gutter Religion', '0:3:43');
INSERT INTO tracks (artist_id, album_id, release_id, number, title, length) VALUES (59, 188, 188, 9, 'Environmental Eclipse', '0:2:15');
INSERT INTO tracks (artist_id, album_id, release_id, number, title, length) VALUES (59, 188, 188, 10, 'Feeding Frenzy', '0:2:2');
INSERT INTO tracks (artist_id, album_id, release_id, number, title, length) VALUES (59, 188, 188, 11, 'Third World Blood', '0:2:26');
INSERT INTO tracks (artist_id, album_id, release_id, number, title, length) VALUES (59, 188, 188, 12, 'As Fascism Takes Root', '0:2:42');
INSERT INTO tracks (artist_id, album_id, release_id, number, title, length) VALUES (59, 188, 188, 13, 'American Rape Rooms', '0:2:59');
INSERT INTO tracks (artist_id, album_id, release_id, number, title, length) VALUES (59, 188, 188, 14, 'Molesting The Dead', '0:1:47');
INSERT INTO artists (name) VALUES ('Black Sabbath');
INSERT INTO albums (artist_id, title, year) VALUES (60, 'Paranoid', '1970-01-01');
INSERT INTO releases (album_id, description, year) VALUES (189, 'Standard CD', '1970-01-01');
INSERT INTO tracks (artist_id, album_id, release_id, number, title, length) VALUES (60, 189, 189, 1, 'War Pigs', '0:7:57');
INSERT INTO tracks (artist_id, album_id, release_id, number, title, length) VALUES (60, 189, 189, 2, 'Paranoid', '0:2:50');
INSERT INTO tracks (artist_id, album_id, release_id, number, title, length) VALUES (60, 189, 189, 3, 'Planet Caravan', '0:4:30');
INSERT INTO tracks (artist_id, album_id, release_id, number, title, length) VALUES (60, 189, 189, 4, 'Iron Man', '0:5:56');
INSERT INTO tracks (artist_id, album_id, release_id, number, title, length) VALUES (60, 189, 189, 5, 'Electric Funeral', '0:4:51');
INSERT INTO tracks (artist_id, album_id, release_id, number, title, length) VALUES (60, 189, 189, 6, 'Hand of Doom', '0:7:11');
INSERT INTO tracks (artist_id, album_id, release_id, number, title, length) VALUES (60, 189, 189, 7, 'Jack The Stripper / Fairies Wear Boots', '0:6:14');
INSERT INTO tracks (artist_id, album_id, release_id, number, title, length) VALUES (60, 189, 189, 8, 'Rat Salad', '0:2:28');
INSERT INTO albums (artist_id, title, year) VALUES (60, 'Black Sabbath', '1970-01-01');
INSERT INTO releases (album_id, description, year) VALUES (190, 'Standard CD', '1970-01-01');
INSERT INTO tracks (artist_id, album_id, release_id, number, title, length) VALUES (60, 190, 190, 1, 'Black Sabbath', '0:6:19');
INSERT INTO tracks (artist_id, album_id, release_id, number, title, length) VALUES (60, 190, 190, 2, 'The Wizard', '0:4:22');
INSERT INTO tracks (artist_id, album_id, release_id, number, title, length) VALUES (60, 190, 190, 3, 'Wasp -- Behind the Wall -- Basically -- N.I.B.', '0:9:43');
INSERT INTO tracks (artist_id, album_id, release_id, number, title, length) VALUES (60, 190, 190, 4, 'A bit of Finger -- Sleeping Village -- Warning', '0:14:17');
INSERT INTO tracks (artist_id, album_id, release_id, number, title, length) VALUES (60, 190, 190, 5, 'Wicked World', '0:4:44');
INSERT INTO albums (artist_id, title, year) VALUES (60, 'Master of Reality', '1971-01-01');
INSERT INTO releases (album_id, description, year) VALUES (191, 'Standard CD', '1971-01-01');
INSERT INTO tracks (artist_id, album_id, release_id, number, title, length) VALUES (60, 191, 191, 1, 'Sweet Leaf', '0:5:7');
INSERT INTO tracks (artist_id, album_id, release_id, number, title, length) VALUES (60, 191, 191, 2, 'After Forever', '0:5:29');
INSERT INTO tracks (artist_id, album_id, release_id, number, title, length) VALUES (60, 191, 191, 3, 'Embryo', '0:0:28');
INSERT INTO tracks (artist_id, album_id, release_id, number, title, length) VALUES (60, 191, 191, 4, 'Children of the Grave', '0:5:20');
INSERT INTO tracks (artist_id, album_id, release_id, number, title, length) VALUES (60, 191, 191, 5, 'Orchid', '0:1:35');
INSERT INTO tracks (artist_id, album_id, release_id, number, title, length) VALUES (60, 191, 191, 6, 'Lord of this World', '0:5:28');
INSERT INTO tracks (artist_id, album_id, release_id, number, title, length) VALUES (60, 191, 191, 7, 'Into the Void', '0:6:16');
INSERT INTO tracks (artist_id, album_id, release_id, number, title, length) VALUES (60, 191, 191, 8, 'Solitude', '0:5:5');
INSERT INTO albums (artist_id, title, year) VALUES (60, 'Symptom Of The Universe', '2002-01-01');
INSERT INTO releases (album_id, description, year) VALUES (192, 'Standard CD', '2002-01-01');
INSERT INTO tracks (artist_id, album_id, release_id, number, title, length) VALUES (60, 192, 192, 1, 'Black Sabbath', '0:6:17');
INSERT INTO tracks (artist_id, album_id, release_id, number, title, length) VALUES (60, 192, 192, 2, 'NIB', '0:5:23');
INSERT INTO tracks (artist_id, album_id, release_id, number, title, length) VALUES (60, 192, 192, 3, 'The Wizard', '0:4:21');
INSERT INTO tracks (artist_id, album_id, release_id, number, title, length) VALUES (60, 192, 192, 4, 'Warning', '0:10:35');
INSERT INTO tracks (artist_id, album_id, release_id, number, title, length) VALUES (60, 192, 192, 5, 'Evil Woman', '0:3:23');
INSERT INTO tracks (artist_id, album_id, release_id, number, title, length) VALUES (60, 192, 192, 6, 'Paranoid', '0:2:49');
INSERT INTO tracks (artist_id, album_id, release_id, number, title, length) VALUES (60, 192, 192, 7, 'Iron Man', '0:5:56');
INSERT INTO tracks (artist_id, album_id, release_id, number, title, length) VALUES (60, 192, 192, 8, 'War Pigs', '0:7:56');
INSERT INTO tracks (artist_id, album_id, release_id, number, title, length) VALUES (60, 192, 192, 9, 'Fairies Wear Boots', '0:6:16');
INSERT INTO tracks (artist_id, album_id, release_id, number, title, length) VALUES (60, 192, 192, 10, 'Sweet Leaf', '0:5:5');
INSERT INTO tracks (artist_id, album_id, release_id, number, title, length) VALUES (60, 192, 192, 11, 'Children Of The Grave', '0:5:17');
INSERT INTO tracks (artist_id, album_id, release_id, number, title, length) VALUES (60, 192, 192, 12, 'Into The Void', '0:6:14');
INSERT INTO tracks (artist_id, album_id, release_id, number, title, length) VALUES (60, 192, 192, 13, 'Lord Of This World', '0:5:24');
INSERT INTO tracks (artist_id, album_id, release_id, number, title, length) VALUES (60, 192, 192, 1, 'After Forever', '0:5:26');
INSERT INTO tracks (artist_id, album_id, release_id, number, title, length) VALUES (60, 192, 192, 2, 'Snowblind', '0:5:29');
INSERT INTO tracks (artist_id, album_id, release_id, number, title, length) VALUES (60, 192, 192, 3, 'Laguna Sunrise', '0:2:50');
INSERT INTO tracks (artist_id, album_id, release_id, number, title, length) VALUES (60, 192, 192, 4, 'Changes', '0:4:43');
INSERT INTO tracks (artist_id, album_id, release_id, number, title, length) VALUES (60, 192, 192, 5, 'Tomorrow''s Dream', '0:3:8');
INSERT INTO tracks (artist_id, album_id, release_id, number, title, length) VALUES (60, 192, 192, 6, 'Supernaut', '0:4:44');
INSERT INTO tracks (artist_id, album_id, release_id, number, title, length) VALUES (60, 192, 192, 7, 'Sabbath Bloody Sabbath', '0:5:44');
INSERT INTO tracks (artist_id, album_id, release_id, number, title, length) VALUES (60, 192, 192, 8, 'Fluff', '0:4:9');
INSERT INTO tracks (artist_id, album_id, release_id, number, title, length) VALUES (60, 192, 192, 9, 'Sabbra Cadabra', '0:5:56');
INSERT INTO tracks (artist_id, album_id, release_id, number, title, length) VALUES (60, 192, 192, 10, 'Am I Going Insane (Radio)', '0:4:15');
INSERT INTO tracks (artist_id, album_id, release_id, number, title, length) VALUES (60, 192, 192, 11, 'Symptom of the Universe', '0:6:28');
INSERT INTO tracks (artist_id, album_id, release_id, number, title, length) VALUES (60, 192, 192, 12, 'Hole in the Sky', '0:4:0');
INSERT INTO tracks (artist_id, album_id, release_id, number, title, length) VALUES (60, 192, 192, 13, 'Rock ''n'' Roll Doctor', '0:3:26');
INSERT INTO tracks (artist_id, album_id, release_id, number, title, length) VALUES (60, 192, 192, 14, 'Dirty Women', '0:7:14');
INSERT INTO tracks (artist_id, album_id, release_id, number, title, length) VALUES (60, 192, 192, 15, 'Never Say Die', '0:3:49');
INSERT INTO tracks (artist_id, album_id, release_id, number, title, length) VALUES (60, 192, 192, 16, 'A Hard Road', '0:6:0');
INSERT INTO artists (name) VALUES ('Bush');
INSERT INTO albums (artist_id, title, year) VALUES (61, 'Sixteen Stone', '1994-01-01');
INSERT INTO releases (album_id, description, year) VALUES (193, 'Standard CD', '1994-01-01');
INSERT INTO tracks (artist_id, album_id, release_id, number, title, length) VALUES (61, 193, 193, 1, 'Everything Zen', '0:4:38');
INSERT INTO tracks (artist_id, album_id, release_id, number, title, length) VALUES (61, 193, 193, 2, 'Swim', '0:4:55');
INSERT INTO tracks (artist_id, album_id, release_id, number, title, length) VALUES (61, 193, 193, 3, 'Bomb', '0:3:22');
INSERT INTO tracks (artist_id, album_id, release_id, number, title, length) VALUES (61, 193, 193, 4, 'Little Things', '0:4:24');
INSERT INTO tracks (artist_id, album_id, release_id, number, title, length) VALUES (61, 193, 193, 5, 'Comedown', '0:5:26');
INSERT INTO tracks (artist_id, album_id, release_id, number, title, length) VALUES (61, 193, 193, 6, 'Body', '0:5:42');
INSERT INTO tracks (artist_id, album_id, release_id, number, title, length) VALUES (61, 193, 193, 7, 'Machinehead', '0:4:16');
INSERT INTO tracks (artist_id, album_id, release_id, number, title, length) VALUES (61, 193, 193, 8, 'Testosterone', '0:4:19');
INSERT INTO tracks (artist_id, album_id, release_id, number, title, length) VALUES (61, 193, 193, 9, 'Monkey', '0:4:0');
INSERT INTO tracks (artist_id, album_id, release_id, number, title, length) VALUES (61, 193, 193, 10, 'Glycerine', '0:4:26');
INSERT INTO tracks (artist_id, album_id, release_id, number, title, length) VALUES (61, 193, 193, 11, 'Alien', '0:6:34');
INSERT INTO tracks (artist_id, album_id, release_id, number, title, length) VALUES (61, 193, 193, 12, 'X-Girlfriend', '0:0:47');
INSERT INTO albums (artist_id, title, year) VALUES (61, 'Deconstructed', '1997-01-01');
INSERT INTO releases (album_id, description, year) VALUES (194, 'Standard CD', '1997-01-01');
INSERT INTO tracks (artist_id, album_id, release_id, number, title, length) VALUES (61, 194, 194, 1, 'Everything Zen (The Lhasa Fever Mix)', '0:4:16');
INSERT INTO tracks (artist_id, album_id, release_id, number, title, length) VALUES (61, 194, 194, 2, 'Mouth (The Stingray Mix)', '0:5:59');
INSERT INTO tracks (artist_id, album_id, release_id, number, title, length) VALUES (61, 194, 194, 3, 'Swallowed (Goldie Toast Both Sides Please Mix)', '0:5:49');
INSERT INTO tracks (artist_id, album_id, release_id, number, title, length) VALUES (61, 194, 194, 4, 'Synapse (Philip Steir My Ghost In The Bush Of Life Mix)', '0:6:29');
INSERT INTO tracks (artist_id, album_id, release_id, number, title, length) VALUES (61, 194, 194, 5, 'History (Dub Pistols Mix)', '0:5:45');
INSERT INTO tracks (artist_id, album_id, release_id, number, title, length) VALUES (61, 194, 194, 6, 'Personal Holloway (Fabio Paras Soundclash Republic Mix)', '0:6:22');
INSERT INTO tracks (artist_id, album_id, release_id, number, title, length) VALUES (61, 194, 194, 7, 'Bonedriven (Mekon Beat Me Clever Mix)', '0:5:16');
INSERT INTO tracks (artist_id, album_id, release_id, number, title, length) VALUES (61, 194, 194, 8, 'Insect Kin (Jack Dangers Drum And Bees Mix)', '0:7:3');
INSERT INTO tracks (artist_id, album_id, release_id, number, title, length) VALUES (61, 194, 194, 9, 'Comedown (Lunatic Calm Mix)', '0:6:38');
INSERT INTO tracks (artist_id, album_id, release_id, number, title, length) VALUES (61, 194, 194, 10, 'Everything Zen ( Derek DeLarge Mix)', '0:7:17');
INSERT INTO tracks (artist_id, album_id, release_id, number, title, length) VALUES (61, 194, 194, 11, 'In A Lonely Place (Tricky Mix)', '0:6:0');
INSERT INTO albums (artist_id, title, year) VALUES (61, 'Razorblade Suitcase', '1996-01-01');
INSERT INTO releases (album_id, description, year) VALUES (195, 'Standard CD', '1996-01-01');
INSERT INTO tracks (artist_id, album_id, release_id, number, title, length) VALUES (61, 195, 195, 1, 'Personal Holloway', '0:3:24');
INSERT INTO tracks (artist_id, album_id, release_id, number, title, length) VALUES (61, 195, 195, 2, 'Greedy Fly', '0:4:29');
INSERT INTO tracks (artist_id, album_id, release_id, number, title, length) VALUES (61, 195, 195, 3, 'Swallowed', '0:4:50');
INSERT INTO tracks (artist_id, album_id, release_id, number, title, length) VALUES (61, 195, 195, 4, 'Insect Kin', '0:4:26');
INSERT INTO tracks (artist_id, album_id, release_id, number, title, length) VALUES (61, 195, 195, 5, 'Cold Contagious', '0:5:59');
INSERT INTO tracks (artist_id, album_id, release_id, number, title, length) VALUES (61, 195, 195, 6, 'A Tendency to Start Fires', '0:4:4');
INSERT INTO tracks (artist_id, album_id, release_id, number, title, length) VALUES (61, 195, 195, 7, 'Mouth', '0:5:44');
INSERT INTO tracks (artist_id, album_id, release_id, number, title, length) VALUES (61, 195, 195, 8, 'Straight No Chaser', '0:4:0');
INSERT INTO tracks (artist_id, album_id, release_id, number, title, length) VALUES (61, 195, 195, 9, 'History', '0:4:36');
INSERT INTO tracks (artist_id, album_id, release_id, number, title, length) VALUES (61, 195, 195, 10, 'Synapse', '0:4:50');
INSERT INTO tracks (artist_id, album_id, release_id, number, title, length) VALUES (61, 195, 195, 11, 'Communicator', '0:4:22');
INSERT INTO tracks (artist_id, album_id, release_id, number, title, length) VALUES (61, 195, 195, 12, 'Bonedriven', '0:4:32');
INSERT INTO tracks (artist_id, album_id, release_id, number, title, length) VALUES (61, 195, 195, 13, 'Distant Voices', '0:6:20');
INSERT INTO albums (artist_id, title, year) VALUES (61, 'The Science Of Things', '1999-01-01');
INSERT INTO releases (album_id, description, year) VALUES (196, 'Standard CD', '1999-01-01');
INSERT INTO tracks (artist_id, album_id, release_id, number, title, length) VALUES (61, 196, 196, 1, 'Warm Machine', '0:4:25');
INSERT INTO tracks (artist_id, album_id, release_id, number, title, length) VALUES (61, 196, 196, 2, 'Jesus Online', '0:3:44');
INSERT INTO tracks (artist_id, album_id, release_id, number, title, length) VALUES (61, 196, 196, 3, 'The Chemicals Between Us', '0:3:37');
INSERT INTO tracks (artist_id, album_id, release_id, number, title, length) VALUES (61, 196, 196, 4, 'English Fire', '0:3:31');
INSERT INTO tracks (artist_id, album_id, release_id, number, title, length) VALUES (61, 196, 196, 5, 'Spacetravel', '0:4:45');
INSERT INTO tracks (artist_id, album_id, release_id, number, title, length) VALUES (61, 196, 196, 6, '40 Miles From The Sun', '0:3:39');
INSERT INTO tracks (artist_id, album_id, release_id, number, title, length) VALUES (61, 196, 196, 7, 'Prizefighter', '0:5:41');
INSERT INTO tracks (artist_id, album_id, release_id, number, title, length) VALUES (61, 196, 196, 8, 'The Disease Of The Dancing Cats', '0:4:1');
INSERT INTO tracks (artist_id, album_id, release_id, number, title, length) VALUES (61, 196, 196, 9, 'Altered States', '0:4:11');
INSERT INTO tracks (artist_id, album_id, release_id, number, title, length) VALUES (61, 196, 196, 10, 'Dead Meat', '0:4:16');
INSERT INTO tracks (artist_id, album_id, release_id, number, title, length) VALUES (61, 196, 196, 11, 'Letting The Cables Sleep', '0:4:36');
INSERT INTO tracks (artist_id, album_id, release_id, number, title, length) VALUES (61, 196, 196, 12, 'Mindchanger', '0:4:48');
INSERT INTO artists (name) VALUES ('Choking Victim');
INSERT INTO albums (artist_id, title, year) VALUES (62, 'No Gods/No Managers', '1999-01-01');
INSERT INTO releases (album_id, description, year) VALUES (197, 'Standard CD', '1999-01-01');
INSERT INTO tracks (artist_id, album_id, release_id, number, title, length) VALUES (62, 197, 197, 1, '500 Channels', '0:2:40');
INSERT INTO tracks (artist_id, album_id, release_id, number, title, length) VALUES (62, 197, 197, 2, 'In Hell', '0:2:5');
INSERT INTO tracks (artist_id, album_id, release_id, number, title, length) VALUES (62, 197, 197, 3, 'Crack Rock Steady', '0:3:4');
INSERT INTO tracks (artist_id, album_id, release_id, number, title, length) VALUES (62, 197, 197, 4, 'Suicide (A Better Way)', '0:2:53');
INSERT INTO tracks (artist_id, album_id, release_id, number, title, length) VALUES (62, 197, 197, 5, 'In my Grave', '0:2:48');
INSERT INTO tracks (artist_id, album_id, release_id, number, title, length) VALUES (62, 197, 197, 6, 'Fucked Reality', '0:2:28');
INSERT INTO tracks (artist_id, album_id, release_id, number, title, length) VALUES (62, 197, 197, 7, 'Money', '0:3:32');
INSERT INTO tracks (artist_id, album_id, release_id, number, title, length) VALUES (62, 197, 197, 8, 'Hate yer State', '0:2:50');
INSERT INTO tracks (artist_id, album_id, release_id, number, title, length) VALUES (62, 197, 197, 9, 'Fuck America', '0:2:19');
INSERT INTO tracks (artist_id, album_id, release_id, number, title, length) VALUES (62, 197, 197, 10, 'War Story', '0:2:53');
INSERT INTO tracks (artist_id, album_id, release_id, number, title, length) VALUES (62, 197, 197, 11, 'Five-Finger Discount', '0:2:32');
INSERT INTO tracks (artist_id, album_id, release_id, number, title, length) VALUES (62, 197, 197, 12, 'Praise to the Sinners', '0:2:11');
INSERT INTO tracks (artist_id, album_id, release_id, number, title, length) VALUES (62, 197, 197, 13, 'Living the Laws', '0:9:19');
INSERT INTO artists (name) VALUES ('Crash Test Dummies');
INSERT INTO albums (artist_id, title, year) VALUES (63, 'God Shuffled His Feet', '1993-01-01');
INSERT INTO releases (album_id, description, year) VALUES (198, 'Standard CD', '1993-01-01');
INSERT INTO tracks (artist_id, album_id, release_id, number, title, length) VALUES (63, 198, 198, 1, 'God Shuffled His Feet', '0:5:10');
INSERT INTO tracks (artist_id, album_id, release_id, number, title, length) VALUES (63, 198, 198, 2, 'Afternoons & Coffeespoons', '0:3:56');
INSERT INTO tracks (artist_id, album_id, release_id, number, title, length) VALUES (63, 198, 198, 3, 'MMmm Mmm Mmm Mmm', '0:3:55');
INSERT INTO tracks (artist_id, album_id, release_id, number, title, length) VALUES (63, 198, 198, 4, 'In The Days Of The Caveman', '0:3:40');
INSERT INTO tracks (artist_id, album_id, release_id, number, title, length) VALUES (63, 198, 198, 5, 'Swimming In Your Ocean', '0:3:49');
INSERT INTO tracks (artist_id, album_id, release_id, number, title, length) VALUES (63, 198, 198, 6, 'Here I Stand Before Me', '0:3:6');
INSERT INTO tracks (artist_id, album_id, release_id, number, title, length) VALUES (63, 198, 198, 7, 'I Think  I''ll Disappear Now', '0:4:52');
INSERT INTO tracks (artist_id, album_id, release_id, number, title, length) VALUES (63, 198, 198, 8, 'How Does A Duck Know?', '0:3:42');
INSERT INTO tracks (artist_id, album_id, release_id, number, title, length) VALUES (63, 198, 198, 9, 'When I Go Out With Artists', '0:3:43');
INSERT INTO tracks (artist_id, album_id, release_id, number, title, length) VALUES (63, 198, 198, 10, 'The Pyschic', '0:3:47');
INSERT INTO tracks (artist_id, album_id, release_id, number, title, length) VALUES (63, 198, 198, 11, 'Two Knights And Maidens', '0:3:24');
INSERT INTO tracks (artist_id, album_id, release_id, number, title, length) VALUES (63, 198, 198, 12, 'Untitled', '0:1:42');
INSERT INTO artists (name) VALUES ('Cyanotic');
INSERT INTO albums (artist_id, title, year) VALUES (64, 'The Medication Generation', '2010-01-01');
INSERT INTO releases (album_id, description, year) VALUES (199, 'Standard CD', '2010-01-01');
INSERT INTO tracks (artist_id, album_id, release_id, number, title, length) VALUES (64, 199, 199, 1, 'Med:Gen', '0:0:57');
INSERT INTO tracks (artist_id, album_id, release_id, number, title, length) VALUES (64, 199, 199, 2, 'Dose Responsive', '0:3:53');
INSERT INTO tracks (artist_id, album_id, release_id, number, title, length) VALUES (64, 199, 199, 3, 'Alt Machine [Edit]', '0:4:29');
INSERT INTO tracks (artist_id, album_id, release_id, number, title, length) VALUES (64, 199, 199, 4, 'Dissonant Dissident', '0:5:27');
INSERT INTO tracks (artist_id, album_id, release_id, number, title, length) VALUES (64, 199, 199, 5, 'The Static Screens [in Syndication]', '0:4:39');
INSERT INTO tracks (artist_id, album_id, release_id, number, title, length) VALUES (64, 199, 199, 6, 'Efficacy', '0:3:21');
INSERT INTO tracks (artist_id, album_id, release_id, number, title, length) VALUES (64, 199, 199, 7, 'f@5h10n v1k+um5', '0:4:52');
INSERT INTO tracks (artist_id, album_id, release_id, number, title, length) VALUES (64, 199, 199, 8, 'The Same', '0:1:7');
INSERT INTO tracks (artist_id, album_id, release_id, number, title, length) VALUES (64, 199, 199, 9, 'Programmed', '0:4:53');
INSERT INTO tracks (artist_id, album_id, release_id, number, title, length) VALUES (64, 199, 199, 10, 'Monochrome Skies', '0:6:38');
INSERT INTO tracks (artist_id, album_id, release_id, number, title, length) VALUES (64, 199, 199, 11, 'Brutal Deluxe', '0:3:56');
INSERT INTO tracks (artist_id, album_id, release_id, number, title, length) VALUES (64, 199, 199, 12, 'Drek Kick [feat. Rabbit Junk]', '0:6:12');
INSERT INTO tracks (artist_id, album_id, release_id, number, title, length) VALUES (64, 199, 199, 13, 'Comadose', '0:3:44');
INSERT INTO tracks (artist_id, album_id, release_id, number, title, length) VALUES (64, 199, 199, 14, 'Sentient', '0:4:40');
INSERT INTO albums (artist_id, title, year) VALUES (64, 'Transhuman 2.0', '2007-01-01');
INSERT INTO releases (album_id, description, year) VALUES (200, 'Standard CD', '2007-01-01');
INSERT INTO tracks (artist_id, album_id, release_id, number, title, length) VALUES (64, 200, 200, 1, 'Frequency In Cycles', '0:1:0');
INSERT INTO tracks (artist_id, album_id, release_id, number, title, length) VALUES (64, 200, 200, 1, 'Frequency [recycled]', '0:3:40');
INSERT INTO tracks (artist_id, album_id, release_id, number, title, length) VALUES (64, 200, 200, 2, 'Order Out Of Chaos', '0:3:50');
INSERT INTO tracks (artist_id, album_id, release_id, number, title, length) VALUES (64, 200, 200, 2, 'Sensory Overload', '0:4:56');
INSERT INTO tracks (artist_id, album_id, release_id, number, title, length) VALUES (64, 200, 200, 3, 'Insurgence', '0:4:55');
INSERT INTO tracks (artist_id, album_id, release_id, number, title, length) VALUES (64, 200, 200, 3, 'Resurgence', '0:5:1');
INSERT INTO tracks (artist_id, album_id, release_id, number, title, length) VALUES (64, 200, 200, 4, 'Chaos Incarnate', '0:3:42');
INSERT INTO tracks (artist_id, album_id, release_id, number, title, length) VALUES (64, 200, 200, 4, 'Transhuman', '0:5:7');
INSERT INTO tracks (artist_id, album_id, release_id, number, title, length) VALUES (64, 200, 200, 5, 'Deface', '0:4:39');
INSERT INTO tracks (artist_id, album_id, release_id, number, title, length) VALUES (64, 200, 200, 5, 'Transhuman 2.0', '0:5:5');
INSERT INTO tracks (artist_id, album_id, release_id, number, title, length) VALUES (64, 200, 200, 6, 'Axiom', '0:5:53');
INSERT INTO tracks (artist_id, album_id, release_id, number, title, length) VALUES (64, 200, 200, 6, 'Deface [the glitch mode stomper]', '0:5:17');
INSERT INTO tracks (artist_id, album_id, release_id, number, title, length) VALUES (64, 200, 200, 7, 'Pro-Dissonance', '0:4:19');
INSERT INTO tracks (artist_id, album_id, release_id, number, title, length) VALUES (64, 200, 200, 7, 'Suspenion Of Disbelief', '0:4:13');
INSERT INTO tracks (artist_id, album_id, release_id, number, title, length) VALUES (64, 200, 200, 8, 'Actuator', '0:1:54');
INSERT INTO tracks (artist_id, album_id, release_id, number, title, length) VALUES (64, 200, 200, 8, '[paranoid] Disbelief', '0:4:59');
INSERT INTO tracks (artist_id, album_id, release_id, number, title, length) VALUES (64, 200, 200, 9, 'Axi-Ethereum', '0:6:23');
INSERT INTO tracks (artist_id, album_id, release_id, number, title, length) VALUES (64, 200, 200, 9, 'Sensory Deprivation', '0:4:55');
INSERT INTO tracks (artist_id, album_id, release_id, number, title, length) VALUES (64, 200, 200, 10, 'Beta Blocker', '0:5:32');
INSERT INTO tracks (artist_id, album_id, release_id, number, title, length) VALUES (64, 200, 200, 10, 'LD 50', '0:1:19');
INSERT INTO tracks (artist_id, album_id, release_id, number, title, length) VALUES (64, 200, 200, 11, 'Antithesis', '0:4:47');
INSERT INTO tracks (artist_id, album_id, release_id, number, title, length) VALUES (64, 200, 200, 11, 'Beta Blocker [detox]', '0:5:37');
INSERT INTO tracks (artist_id, album_id, release_id, number, title, length) VALUES (64, 200, 200, 12, 'Altered States Of Consciousness', '0:4:38');
INSERT INTO tracks (artist_id, album_id, release_id, number, title, length) VALUES (64, 200, 200, 12, 'Higher States Of Consciousness', '0:6:9');
INSERT INTO tracks (artist_id, album_id, release_id, number, title, length) VALUES (64, 200, 200, 13, 'Transhuman [1000lbs of pressure mix by Drukore]', '0:6:25');
INSERT INTO tracks (artist_id, album_id, release_id, number, title, length) VALUES (64, 200, 200, 14, 'Sensory Deprivation [abomination mix by MindFluxFuneral]', '0:4:59');
INSERT INTO tracks (artist_id, album_id, release_id, number, title, length) VALUES (64, 200, 200, 15, 'Deface [dragon mix by Deadliner]', '0:4:30');
INSERT INTO tracks (artist_id, album_id, release_id, number, title, length) VALUES (64, 200, 200, 16, 'Suspension Of Disbelief [all hope lost mix by Perileyes]', '0:3:40');
INSERT INTO artists (name) VALUES ('Decree');
INSERT INTO albums (artist_id, title, year) VALUES (65, 'Fateless', '2011-01-01');
INSERT INTO releases (album_id, description, year) VALUES (201, 'Standard CD', '2011-01-01');
INSERT INTO tracks (artist_id, album_id, release_id, number, title, length) VALUES (65, 201, 201, 1, 'Finite Years', '0:4:49');
INSERT INTO tracks (artist_id, album_id, release_id, number, title, length) VALUES (65, 201, 201, 2, 'Fateless', '0:4:18');
INSERT INTO tracks (artist_id, album_id, release_id, number, title, length) VALUES (65, 201, 201, 3, 'The Prey', '0:4:38');
INSERT INTO tracks (artist_id, album_id, release_id, number, title, length) VALUES (65, 201, 201, 4, 'The World Enslaves', '0:6:29');
INSERT INTO tracks (artist_id, album_id, release_id, number, title, length) VALUES (65, 201, 201, 5, 'Bloodthirst', '0:5:6');
INSERT INTO tracks (artist_id, album_id, release_id, number, title, length) VALUES (65, 201, 201, 6, 'Night And Fog', '0:5:42');
INSERT INTO tracks (artist_id, album_id, release_id, number, title, length) VALUES (65, 201, 201, 7, 'Into The Light', '0:6:12');
INSERT INTO tracks (artist_id, album_id, release_id, number, title, length) VALUES (65, 201, 201, 8, 'Arrogance', '0:5:25');
INSERT INTO tracks (artist_id, album_id, release_id, number, title, length) VALUES (65, 201, 201, 9, 'Faded Glory', '0:7:32');
INSERT INTO albums (artist_id, title, year) VALUES (65, 'Moment of Silence', '2004-01-01');
INSERT INTO releases (album_id, description, year) VALUES (202, 'Standard CD', '2004-01-01');
INSERT INTO tracks (artist_id, album_id, release_id, number, title, length) VALUES (65, 202, 202, 1, 'Violent Reckoning', '0:6:1');
INSERT INTO tracks (artist_id, album_id, release_id, number, title, length) VALUES (65, 202, 202, 2, 'Shallow Breath', '0:4:18');
INSERT INTO tracks (artist_id, album_id, release_id, number, title, length) VALUES (65, 202, 202, 3, 'Fire of Judgement', '0:5:20');
INSERT INTO tracks (artist_id, album_id, release_id, number, title, length) VALUES (65, 202, 202, 4, 'Crushed', '0:3:45');
INSERT INTO tracks (artist_id, album_id, release_id, number, title, length) VALUES (65, 202, 202, 5, 'Moment of Silence', '0:5:51');
INSERT INTO tracks (artist_id, album_id, release_id, number, title, length) VALUES (65, 202, 202, 6, 'Scorched Earth', '0:7:0');
INSERT INTO tracks (artist_id, album_id, release_id, number, title, length) VALUES (65, 202, 202, 7, 'Forced Wide Open', '0:5:24');
INSERT INTO tracks (artist_id, album_id, release_id, number, title, length) VALUES (65, 202, 202, 8, 'A Secret Thread', '0:4:6');
INSERT INTO tracks (artist_id, album_id, release_id, number, title, length) VALUES (65, 202, 202, 9, 'Used Dreams', '0:5:19');
INSERT INTO tracks (artist_id, album_id, release_id, number, title, length) VALUES (65, 202, 202, 10, 'Cast Adrift', '0:4:27');
INSERT INTO tracks (artist_id, album_id, release_id, number, title, length) VALUES (65, 202, 202, 11, 'Severed', '0:6:19');
INSERT INTO albums (artist_id, title, year) VALUES (65, 'Wake of Devistation', '1996-01-01');
INSERT INTO releases (album_id, description, year) VALUES (203, 'Standard CD', '1996-01-01');
INSERT INTO tracks (artist_id, album_id, release_id, number, title, length) VALUES (65, 203, 203, 1, 'Delusion', '0:4:28');
INSERT INTO tracks (artist_id, album_id, release_id, number, title, length) VALUES (65, 203, 203, 2, 'The Last Day', '0:4:29');
INSERT INTO tracks (artist_id, album_id, release_id, number, title, length) VALUES (65, 203, 203, 3, 'Who Dares?', '0:3:1');
INSERT INTO tracks (artist_id, album_id, release_id, number, title, length) VALUES (65, 203, 203, 4, 'Fire of Offering', '0:5:4');
INSERT INTO tracks (artist_id, album_id, release_id, number, title, length) VALUES (65, 203, 203, 5, 'Madness Unveiled', '0:3:21');
INSERT INTO tracks (artist_id, album_id, release_id, number, title, length) VALUES (65, 203, 203, 6, 'Talons Grasp', '0:4:43');
INSERT INTO tracks (artist_id, album_id, release_id, number, title, length) VALUES (65, 203, 203, 7, 'Never Nearer', '0:4:35');
INSERT INTO tracks (artist_id, album_id, release_id, number, title, length) VALUES (65, 203, 203, 8, 'Darkness Visible', '0:6:19');
INSERT INTO tracks (artist_id, album_id, release_id, number, title, length) VALUES (65, 203, 203, 9, 'Downward', '0:4:28');
INSERT INTO tracks (artist_id, album_id, release_id, number, title, length) VALUES (65, 203, 203, 10, 'Bitter End', '0:4:44');
INSERT INTO artists (name) VALUES ('Def Leppard');
INSERT INTO albums (artist_id, title, year) VALUES (66, 'Pyromania', '1983-01-01');
INSERT INTO releases (album_id, description, year) VALUES (204, 'Standard CD', '1983-01-01');
INSERT INTO tracks (artist_id, album_id, release_id, number, title, length) VALUES (66, 204, 204, 1, 'Rock Rock (Till You Drop)', '0:3:54');
INSERT INTO tracks (artist_id, album_id, release_id, number, title, length) VALUES (66, 204, 204, 2, 'Photograph', '0:4:7');
INSERT INTO tracks (artist_id, album_id, release_id, number, title, length) VALUES (66, 204, 204, 3, 'Stagefright', '0:3:44');
INSERT INTO tracks (artist_id, album_id, release_id, number, title, length) VALUES (66, 204, 204, 4, 'Too Late For Love', '0:4:26');
INSERT INTO tracks (artist_id, album_id, release_id, number, title, length) VALUES (66, 204, 204, 5, 'Die Hard The Hunter', '0:6:15');
INSERT INTO tracks (artist_id, album_id, release_id, number, title, length) VALUES (66, 204, 204, 6, 'Foolin''', '0:4:33');
INSERT INTO tracks (artist_id, album_id, release_id, number, title, length) VALUES (66, 204, 204, 7, 'Rock Of Ages', '0:4:7');
INSERT INTO tracks (artist_id, album_id, release_id, number, title, length) VALUES (66, 204, 204, 8, 'Comin'' Under Fire', '0:4:14');
INSERT INTO tracks (artist_id, album_id, release_id, number, title, length) VALUES (66, 204, 204, 9, 'Action! Not Words', '0:3:48');
INSERT INTO tracks (artist_id, album_id, release_id, number, title, length) VALUES (66, 204, 204, 10, 'Billy''s Got A Gun', '0:5:56');
INSERT INTO artists (name) VALUES ('Dirty Wormz');
INSERT INTO albums (artist_id, title, year) VALUES (67, 'The Parazite', '2009-01-01');
INSERT INTO releases (album_id, description, year) VALUES (205, 'Standard CD', '2009-01-01');
INSERT INTO tracks (artist_id, album_id, release_id, number, title, length) VALUES (67, 205, 205, 1, 'Intro The Invazion', '0:2:28');
INSERT INTO tracks (artist_id, album_id, release_id, number, title, length) VALUES (67, 205, 205, 2, 'Dirty weather', '0:3:11');
INSERT INTO tracks (artist_id, album_id, release_id, number, title, length) VALUES (67, 205, 205, 3, 'Right Now', '0:3:46');
INSERT INTO tracks (artist_id, album_id, release_id, number, title, length) VALUES (67, 205, 205, 4, 'Big Bad Azz', '0:3:55');
INSERT INTO tracks (artist_id, album_id, release_id, number, title, length) VALUES (67, 205, 205, 5, 'We Got Yo Kidz', '0:0:0');
INSERT INTO tracks (artist_id, album_id, release_id, number, title, length) VALUES (67, 205, 205, 6, 'Skit Legion of Doom', '0:1:12');
INSERT INTO tracks (artist_id, album_id, release_id, number, title, length) VALUES (67, 205, 205, 7, 'Multiple Stab Wounds', '0:5:41');
INSERT INTO tracks (artist_id, album_id, release_id, number, title, length) VALUES (67, 205, 205, 8, 'Full Clipz', '0:4:26');
INSERT INTO tracks (artist_id, album_id, release_id, number, title, length) VALUES (67, 205, 205, 9, 'The Hate That Hate Made', '0:5:6');
INSERT INTO tracks (artist_id, album_id, release_id, number, title, length) VALUES (67, 205, 205, 10, 'Skit Tranzformation 13', '0:0:31');
INSERT INTO tracks (artist_id, album_id, release_id, number, title, length) VALUES (67, 205, 205, 11, 'Black Piranha', '0:3:57');
INSERT INTO tracks (artist_id, album_id, release_id, number, title, length) VALUES (67, 205, 205, 12, 'Live Wire', '0:3:47');
INSERT INTO tracks (artist_id, album_id, release_id, number, title, length) VALUES (67, 205, 205, 13, 'Skit Information Iz Power', '0:0:39');
INSERT INTO tracks (artist_id, album_id, release_id, number, title, length) VALUES (67, 205, 205, 14, 'Parazite', '0:4:28');
INSERT INTO tracks (artist_id, album_id, release_id, number, title, length) VALUES (67, 205, 205, 15, 'Remix Top Of The Food Chain', '0:4:21');
INSERT INTO artists (name) VALUES ('Dizzy Dizzy');
INSERT INTO albums (artist_id, title, year) VALUES (68, 'Four Song EP', '1994-01-01');
INSERT INTO releases (album_id, description, year) VALUES (206, 'Standard CD', '1994-01-01');
INSERT INTO tracks (artist_id, album_id, release_id, number, title, length) VALUES (68, 206, 206, 1, 'Measure for Measure', '0:3:8');
INSERT INTO tracks (artist_id, album_id, release_id, number, title, length) VALUES (68, 206, 206, 2, 'Major Deegan', '0:3:46');
INSERT INTO tracks (artist_id, album_id, release_id, number, title, length) VALUES (68, 206, 206, 3, 'How Do You Feel?', '0:3:50');
INSERT INTO tracks (artist_id, album_id, release_id, number, title, length) VALUES (68, 206, 206, 4, 'In Heaven''s Name', '0:3:50');
INSERT INTO artists (name) VALUES ('Electro Assassin');
INSERT INTO albums (artist_id, title, year) VALUES (69, 'Bioculture', '1994-01-01');
INSERT INTO releases (album_id, description, year) VALUES (207, 'Standard CD', '1994-01-01');
INSERT INTO tracks (artist_id, album_id, release_id, number, title, length) VALUES (69, 207, 207, 1, 'Godfear', '0:7:17');
INSERT INTO tracks (artist_id, album_id, release_id, number, title, length) VALUES (69, 207, 207, 2, 'Haywire', '0:5:28');
INSERT INTO tracks (artist_id, album_id, release_id, number, title, length) VALUES (69, 207, 207, 3, 'Toxic Shock', '0:6:50');
INSERT INTO tracks (artist_id, album_id, release_id, number, title, length) VALUES (69, 207, 207, 4, 'Victim Support', '0:1:44');
INSERT INTO tracks (artist_id, album_id, release_id, number, title, length) VALUES (69, 207, 207, 5, 'Scum Device', '0:3:49');
INSERT INTO tracks (artist_id, album_id, release_id, number, title, length) VALUES (69, 207, 207, 6, 'Heavy Unit', '0:7:20');
INSERT INTO tracks (artist_id, album_id, release_id, number, title, length) VALUES (69, 207, 207, 7, 'F-Zero', '0:4:23');
INSERT INTO tracks (artist_id, album_id, release_id, number, title, length) VALUES (69, 207, 207, 8, 'Terminal Choice', '0:6:7');
INSERT INTO tracks (artist_id, album_id, release_id, number, title, length) VALUES (69, 207, 207, 9, 'Ultra Fear', '0:6:33');
INSERT INTO tracks (artist_id, album_id, release_id, number, title, length) VALUES (69, 207, 207, 10, 'Incubus', '0:6:37');
INSERT INTO artists (name) VALUES ('Fang');
INSERT INTO albums (artist_id, title, year) VALUES (70, 'Landshark/Where The Wild Things Are', '1989-01-01');
INSERT INTO releases (album_id, description, year) VALUES (208, 'Standard CD', '1989-01-01');
INSERT INTO tracks (artist_id, album_id, release_id, number, title, length) VALUES (70, 208, 208, 1, 'The Money Will Roll Right In', '0:2:27');
INSERT INTO tracks (artist_id, album_id, release_id, number, title, length) VALUES (70, 208, 208, 2, 'Landshark', '0:1:17');
INSERT INTO tracks (artist_id, album_id, release_id, number, title, length) VALUES (70, 208, 208, 3, 'Law & Order', '0:2:48');
INSERT INTO tracks (artist_id, album_id, release_id, number, title, length) VALUES (70, 208, 208, 4, 'Diary Of A Mad Werrwoulf', '0:2:48');
INSERT INTO tracks (artist_id, album_id, release_id, number, title, length) VALUES (70, 208, 208, 5, 'Destroy The Handicapped', '0:1:33');
INSERT INTO tracks (artist_id, album_id, release_id, number, title, length) VALUES (70, 208, 208, 6, 'Drunk & Crazy', '0:1:9');
INSERT INTO tracks (artist_id, album_id, release_id, number, title, length) VALUES (70, 208, 208, 7, 'An Invitation', '0:2:43');
INSERT INTO tracks (artist_id, album_id, release_id, number, title, length) VALUES (70, 208, 208, 8, 'Skinheads Smoke Dope', '0:1:52');
INSERT INTO tracks (artist_id, album_id, release_id, number, title, length) VALUES (70, 208, 208, 9, 'They Sent Me To Hell C.O.D.', '0:2:0');
INSERT INTO tracks (artist_id, album_id, release_id, number, title, length) VALUES (70, 208, 208, 10, 'Red Threat', '0:1:23');
INSERT INTO tracks (artist_id, album_id, release_id, number, title, length) VALUES (70, 208, 208, 11, 'Fun With Acid', '0:2:22');
INSERT INTO tracks (artist_id, album_id, release_id, number, title, length) VALUES (70, 208, 208, 12, 'I''ve Got The Disease', '0:2:9');
INSERT INTO tracks (artist_id, album_id, release_id, number, title, length) VALUES (70, 208, 208, 13, 'Suck And Fuck', '0:1:58');
INSERT INTO tracks (artist_id, album_id, release_id, number, title, length) VALUES (70, 208, 208, 14, 'With Friends Like You', '0:1:42');
INSERT INTO tracks (artist_id, album_id, release_id, number, title, length) VALUES (70, 208, 208, 15, 'G.I. Sex', '0:1:51');
INSERT INTO tracks (artist_id, album_id, release_id, number, title, length) VALUES (70, 208, 208, 16, 'Road Kills', '0:1:12');
INSERT INTO tracks (artist_id, album_id, release_id, number, title, length) VALUES (70, 208, 208, 17, 'You''re Cracked', '0:1:35');
INSERT INTO tracks (artist_id, album_id, release_id, number, title, length) VALUES (70, 208, 208, 18, 'I Wanna Be On TV', '0:1:16');
INSERT INTO tracks (artist_id, album_id, release_id, number, title, length) VALUES (70, 208, 208, 19, 'Everybody Makes Me Barf', '0:1:43');
INSERT INTO tracks (artist_id, album_id, release_id, number, title, length) VALUES (70, 208, 208, 20, 'Junky Dare', '0:1:39');
INSERT INTO tracks (artist_id, album_id, release_id, number, title, length) VALUES (70, 208, 208, 21, 'Berkeley Heathen Scum', '0:3:59');
INSERT INTO artists (name) VALUES ('Filament 38');
INSERT INTO albums (artist_id, title, year) VALUES (71, 'Fractured', '2002-01-01');
INSERT INTO releases (album_id, description, year) VALUES (209, 'Standard CD', '2002-01-01');
INSERT INTO tracks (artist_id, album_id, release_id, number, title, length) VALUES (71, 209, 209, 1, 'Recollection', '0:4:38');
INSERT INTO tracks (artist_id, album_id, release_id, number, title, length) VALUES (71, 209, 209, 2, 'Pawn', '0:5:9');
INSERT INTO tracks (artist_id, album_id, release_id, number, title, length) VALUES (71, 209, 209, 3, 'Unconscious', '0:3:44');
INSERT INTO tracks (artist_id, album_id, release_id, number, title, length) VALUES (71, 209, 209, 4, 'Conflict', '0:5:6');
INSERT INTO tracks (artist_id, album_id, release_id, number, title, length) VALUES (71, 209, 209, 5, 'Sacred', '0:5:23');
INSERT INTO tracks (artist_id, album_id, release_id, number, title, length) VALUES (71, 209, 209, 6, 'Dissolve', '0:5:20');
INSERT INTO tracks (artist_id, album_id, release_id, number, title, length) VALUES (71, 209, 209, 7, 'Still Frame', '0:5:4');
INSERT INTO tracks (artist_id, album_id, release_id, number, title, length) VALUES (71, 209, 209, 8, 'Radiate', '0:3:50');
INSERT INTO tracks (artist_id, album_id, release_id, number, title, length) VALUES (71, 209, 209, 9, 'Static Stream', '0:5:8');
INSERT INTO tracks (artist_id, album_id, release_id, number, title, length) VALUES (71, 209, 209, 10, 'Ember', '0:3:26');
INSERT INTO artists (name) VALUES ('F-Minus');
INSERT INTO albums (artist_id, title, year) VALUES (72, 'Wake Up Screaming', '2003-01-01');
INSERT INTO releases (album_id, description, year) VALUES (210, 'Standard CD', '2003-01-01');
INSERT INTO tracks (artist_id, album_id, release_id, number, title, length) VALUES (72, 210, 210, 1, 'Sweating Blood', '0:2:27');
INSERT INTO tracks (artist_id, album_id, release_id, number, title, length) VALUES (72, 210, 210, 2, 'Not This Time', '0:2:0');
INSERT INTO tracks (artist_id, album_id, release_id, number, title, length) VALUES (72, 210, 210, 3, 'From Here', '0:2:27');
INSERT INTO tracks (artist_id, album_id, release_id, number, title, length) VALUES (72, 210, 210, 4, 'Wake Up', '0:1:35');
INSERT INTO tracks (artist_id, album_id, release_id, number, title, length) VALUES (72, 210, 210, 5, 'Mother of Suffering', '0:3:20');
INSERT INTO tracks (artist_id, album_id, release_id, number, title, length) VALUES (72, 210, 210, 6, 'Survival', '0:2:14');
INSERT INTO tracks (artist_id, album_id, release_id, number, title, length) VALUES (72, 210, 210, 7, 'Brand Loyalty', '0:1:54');
INSERT INTO tracks (artist_id, album_id, release_id, number, title, length) VALUES (72, 210, 210, 8, 'Here Lies Jessica', '0:2:58');
INSERT INTO tracks (artist_id, album_id, release_id, number, title, length) VALUES (72, 210, 210, 9, 'The Iconoclast', '0:2:20');
INSERT INTO tracks (artist_id, album_id, release_id, number, title, length) VALUES (72, 210, 210, 10, 'Never Live To See', '0:2:13');
INSERT INTO tracks (artist_id, album_id, release_id, number, title, length) VALUES (72, 210, 210, 11, 'The Mind', '0:1:47');
INSERT INTO tracks (artist_id, album_id, release_id, number, title, length) VALUES (72, 210, 210, 12, 'Out of Reach', '0:2:42');
INSERT INTO tracks (artist_id, album_id, release_id, number, title, length) VALUES (72, 210, 210, 13, 'Paid To Listen', '0:3:45');
INSERT INTO tracks (artist_id, album_id, release_id, number, title, length) VALUES (72, 210, 210, 14, 'Controversy (World of Shit)', '0:1:40');
INSERT INTO tracks (artist_id, album_id, release_id, number, title, length) VALUES (72, 210, 210, 15, 'Barking Dog', '0:2:4');
INSERT INTO artists (name) VALUES ('Freight Aloud');
INSERT INTO albums (artist_id, title, year) VALUES (73, 'Middle Class Fantasies', '1999-01-01');
INSERT INTO releases (album_id, description, year) VALUES (211, 'Standard CD', '1999-01-01');
INSERT INTO tracks (artist_id, album_id, release_id, number, title, length) VALUES (73, 211, 211, 1, 'Open Fire', '0:2:44');
INSERT INTO tracks (artist_id, album_id, release_id, number, title, length) VALUES (73, 211, 211, 2, 'American Lives', '0:3:25');
INSERT INTO tracks (artist_id, album_id, release_id, number, title, length) VALUES (73, 211, 211, 3, 'My Enemy', '0:6:27');
INSERT INTO tracks (artist_id, album_id, release_id, number, title, length) VALUES (73, 211, 211, 4, 'Machine Direction', '0:3:20');
INSERT INTO tracks (artist_id, album_id, release_id, number, title, length) VALUES (73, 211, 211, 5, 'Hit the Wall', '0:4:29');
INSERT INTO tracks (artist_id, album_id, release_id, number, title, length) VALUES (73, 211, 211, 6, 'Constance', '0:4:38');
INSERT INTO tracks (artist_id, album_id, release_id, number, title, length) VALUES (73, 211, 211, 7, 'Gaseous Clay', '0:2:55');
INSERT INTO tracks (artist_id, album_id, release_id, number, title, length) VALUES (73, 211, 211, 8, 'Second Coming', '0:3:59');
INSERT INTO tracks (artist_id, album_id, release_id, number, title, length) VALUES (73, 211, 211, 9, 'Chicken Little', '0:0:47');
INSERT INTO artists (name) VALUES ('Gorefest');
INSERT INTO albums (artist_id, title, year) VALUES (74, 'Erase', '1994-01-01');
INSERT INTO releases (album_id, description, year) VALUES (212, 'Standard CD', '1994-01-01');
INSERT INTO tracks (artist_id, album_id, release_id, number, title, length) VALUES (74, 212, 212, 1, 'Low', '0:5:1');
INSERT INTO tracks (artist_id, album_id, release_id, number, title, length) VALUES (74, 212, 212, 2, 'Erase', '0:5:51');
INSERT INTO tracks (artist_id, album_id, release_id, number, title, length) VALUES (74, 212, 212, 3, 'I Walk My Way', '0:4:35');
INSERT INTO tracks (artist_id, album_id, release_id, number, title, length) VALUES (74, 212, 212, 4, 'Fear', '0:4:34');
INSERT INTO tracks (artist_id, album_id, release_id, number, title, length) VALUES (74, 212, 212, 5, 'Seeds Of Hate', '0:5:1');
INSERT INTO tracks (artist_id, album_id, release_id, number, title, length) VALUES (74, 212, 212, 6, 'Peace Of Paper', '0:4:37');
INSERT INTO tracks (artist_id, album_id, release_id, number, title, length) VALUES (74, 212, 212, 7, 'Goddess In Black', '0:6:17');
INSERT INTO tracks (artist_id, album_id, release_id, number, title, length) VALUES (74, 212, 212, 8, 'To Hell And Back', '0:6:23');
INSERT INTO tracks (artist_id, album_id, release_id, number, title, length) VALUES (74, 212, 212, 9, 'Raven', '0:3:9');
INSERT INTO tracks (artist_id, album_id, release_id, number, title, length) VALUES (74, 212, 212, 10, 'Horrors 94 (Bonus Track)', '0:3:55');
INSERT INTO artists (name) VALUES ('Decoded Feedback');
INSERT INTO albums (artist_id, title, year) VALUES (75, 'EVOLution', '1900-01-01');
INSERT INTO releases (album_id, description, year) VALUES (213, 'Standard CD', '1900-01-01');
INSERT INTO tracks (artist_id, album_id, release_id, number, title, length) VALUES (75, 213, 213, 1, 'EVOLution', '0:5:58');
INSERT INTO tracks (artist_id, album_id, release_id, number, title, length) VALUES (75, 213, 213, 2, 'Endless Light', '0:5:19');
INSERT INTO tracks (artist_id, album_id, release_id, number, title, length) VALUES (75, 213, 213, 3, 'Infect Me', '0:5:42');
INSERT INTO tracks (artist_id, album_id, release_id, number, title, length) VALUES (75, 213, 213, 4, 'Bodies Of Seals', '0:4:50');
INSERT INTO tracks (artist_id, album_id, release_id, number, title, length) VALUES (75, 213, 213, 5, 'Frozen', '0:5:47');
INSERT INTO tracks (artist_id, album_id, release_id, number, title, length) VALUES (75, 213, 213, 6, 'ReAnimation', '0:4:7');
INSERT INTO tracks (artist_id, album_id, release_id, number, title, length) VALUES (75, 213, 213, 7, 'Breathe (infected mix) by Decoded Feedback', '0:4:51');
INSERT INTO tracks (artist_id, album_id, release_id, number, title, length) VALUES (75, 213, 213, 8, 'Bio-Vital (Fictional Remix)', '0:5:2');
INSERT INTO tracks (artist_id, album_id, release_id, number, title, length) VALUES (75, 213, 213, 9, 'Breathe (In Strict Confidence Remix)', '0:6:5');
INSERT INTO tracks (artist_id, album_id, release_id, number, title, length) VALUES (75, 213, 213, 10, 'Relic (Aghast View intense Remix)', '0:5:39');
INSERT INTO tracks (artist_id, album_id, release_id, number, title, length) VALUES (75, 213, 213, 11, 'Bio-Vital (Funker Vogt Remix)', '0:5:49');
INSERT INTO tracks (artist_id, album_id, release_id, number, title, length) VALUES (75, 213, 213, 12, 'Relic (Din-Fiv Remix)', '0:4:1');
INSERT INTO tracks (artist_id, album_id, release_id, number, title, length) VALUES (75, 213, 213, 13, 'Bio-Vital (Frozen Autumn Cover Version)', '0:5:18');
INSERT INTO artists (name) VALUES ('Detroit Diesel');
INSERT INTO albums (artist_id, title, year) VALUES (76, 'Electronic Saviors 2: Recurrence', NULL);
INSERT INTO releases (album_id, description, year) VALUES (214, 'Standard CD', NULL);
INSERT INTO tracks (artist_id, album_id, release_id, number, title, length) VALUES (76, 214, 214, 15, 'Under Fire', '0:4:19');
INSERT INTO artists (name) VALUES ('Weird Al Yankovic');
INSERT INTO albums (artist_id, title, year) VALUES (77, 'In 3-D', '1984-01-01');
INSERT INTO releases (album_id, description, year) VALUES (215, 'Standard CD', '1984-01-01');
INSERT INTO tracks (artist_id, album_id, release_id, number, title, length) VALUES (77, 215, 215, 1, 'Eat It', '0:3:21');
INSERT INTO tracks (artist_id, album_id, release_id, number, title, length) VALUES (77, 215, 215, 2, 'Midnight Star', '0:4:35');
INSERT INTO tracks (artist_id, album_id, release_id, number, title, length) VALUES (77, 215, 215, 3, 'The Brady Bunch', '0:2:41');
INSERT INTO tracks (artist_id, album_id, release_id, number, title, length) VALUES (77, 215, 215, 4, 'Buy Me a Condo', '0:3:53');
INSERT INTO tracks (artist_id, album_id, release_id, number, title, length) VALUES (77, 215, 215, 5, 'I Lost on Jeopardy', '0:3:28');
INSERT INTO tracks (artist_id, album_id, release_id, number, title, length) VALUES (77, 215, 215, 6, 'Polkas on 45', '0:4:20');
INSERT INTO tracks (artist_id, album_id, release_id, number, title, length) VALUES (77, 215, 215, 7, 'Mr Popeil', '0:4:42');
INSERT INTO tracks (artist_id, album_id, release_id, number, title, length) VALUES (77, 215, 215, 8, 'King of Suede', '0:4:15');
INSERT INTO tracks (artist_id, album_id, release_id, number, title, length) VALUES (77, 215, 215, 9, 'That Boy Could Dance', '0:3:34');
INSERT INTO tracks (artist_id, album_id, release_id, number, title, length) VALUES (77, 215, 215, 10, 'Theme from Rocky XIII', '0:3:37');
INSERT INTO tracks (artist_id, album_id, release_id, number, title, length) VALUES (77, 215, 215, 11, 'Nature Trail to Hell', '0:5:50');
INSERT INTO albums (artist_id, title, year) VALUES (77, 'Weird Al Yankovic', '1983-01-01');
INSERT INTO releases (album_id, description, year) VALUES (216, 'Standard CD', '1983-01-01');
INSERT INTO tracks (artist_id, album_id, release_id, number, title, length) VALUES (77, 216, 216, 1, 'Ricky', '0:2:36');
INSERT INTO tracks (artist_id, album_id, release_id, number, title, length) VALUES (77, 216, 216, 2, 'Gotta Boogie', '0:2:14');
INSERT INTO tracks (artist_id, album_id, release_id, number, title, length) VALUES (77, 216, 216, 3, 'I Love Rocky Road', '0:2:36');
INSERT INTO tracks (artist_id, album_id, release_id, number, title, length) VALUES (77, 216, 216, 4, 'Buckingham Blues', '0:3:13');
INSERT INTO tracks (artist_id, album_id, release_id, number, title, length) VALUES (77, 216, 216, 5, 'Happy Birthday', '0:2:28');
INSERT INTO tracks (artist_id, album_id, release_id, number, title, length) VALUES (77, 216, 216, 7, 'My Bologna', '0:2:1');
INSERT INTO tracks (artist_id, album_id, release_id, number, title, length) VALUES (77, 216, 216, 9, 'Another One Rides The Bus', '0:2:40');
INSERT INTO tracks (artist_id, album_id, release_id, number, title, length) VALUES (77, 216, 216, 11, 'Such A Groovy Guy', '0:3:2');
INSERT INTO tracks (artist_id, album_id, release_id, number, title, length) VALUES (77, 216, 216, 12, 'Mr Frump In The Iron Lung', '0:1:54');
INSERT INTO tracks (artist_id, album_id, release_id, number, title, length) VALUES (77, 216, 216, 6, 'Stop Draggin'' My Car Around', '0:3:16');
INSERT INTO tracks (artist_id, album_id, release_id, number, title, length) VALUES (77, 216, 216, 8, 'The Check''s In The Mail', '0:3:13');
INSERT INTO tracks (artist_id, album_id, release_id, number, title, length) VALUES (77, 216, 216, 10, 'I''ll Be Mellow When I''m Dead', '0:3:39');
INSERT INTO albums (artist_id, title, year) VALUES (77, 'Polka Party', '1986-01-01');
INSERT INTO releases (album_id, description, year) VALUES (217, 'Standard CD', '1986-01-01');
INSERT INTO tracks (artist_id, album_id, release_id, number, title, length) VALUES (77, 217, 217, 1, 'Living With A Hernia', '0:3:20');
INSERT INTO tracks (artist_id, album_id, release_id, number, title, length) VALUES (77, 217, 217, 2, 'Dog Eat Dog', '0:3:42');
INSERT INTO tracks (artist_id, album_id, release_id, number, title, length) VALUES (77, 217, 217, 3, 'Addicted To Spuds', '0:3:50');
INSERT INTO tracks (artist_id, album_id, release_id, number, title, length) VALUES (77, 217, 217, 4, 'One Of Those Days', '0:3:18');
INSERT INTO tracks (artist_id, album_id, release_id, number, title, length) VALUES (77, 217, 217, 5, 'Polka Party!', '0:3:15');
INSERT INTO tracks (artist_id, album_id, release_id, number, title, length) VALUES (77, 217, 217, 8, 'Toothless People', '0:3:23');
INSERT INTO tracks (artist_id, album_id, release_id, number, title, length) VALUES (77, 217, 217, 9, 'Good Enough For Now', '0:3:3');
INSERT INTO tracks (artist_id, album_id, release_id, number, title, length) VALUES (77, 217, 217, 10, 'Christmas At Ground Zero', '0:3:9');
INSERT INTO tracks (artist_id, album_id, release_id, number, title, length) VALUES (77, 217, 217, 6, 'Here''s Johnny', '0:3:24');
INSERT INTO tracks (artist_id, album_id, release_id, number, title, length) VALUES (77, 217, 217, 7, 'Don''t Wear Those Shoes', '0:3:36');
INSERT INTO albums (artist_id, title, year) VALUES (77, 'Dare To Be Stupid', '1985-01-01');
INSERT INTO releases (album_id, description, year) VALUES (218, 'Standard CD', '1985-01-01');
INSERT INTO tracks (artist_id, album_id, release_id, number, title, length) VALUES (77, 218, 218, 1, 'Like A Surgeon', '0:3:32');
INSERT INTO tracks (artist_id, album_id, release_id, number, title, length) VALUES (77, 218, 218, 2, 'Dare To Be Stupid', '0:3:25');
INSERT INTO tracks (artist_id, album_id, release_id, number, title, length) VALUES (77, 218, 218, 3, 'I Want A New Duck', '0:3:4');
INSERT INTO tracks (artist_id, album_id, release_id, number, title, length) VALUES (77, 218, 218, 4, 'One More Minute', '0:4:4');
INSERT INTO tracks (artist_id, album_id, release_id, number, title, length) VALUES (77, 218, 218, 5, 'Yoda', '0:3:58');
INSERT INTO tracks (artist_id, album_id, release_id, number, title, length) VALUES (77, 218, 218, 6, 'George Of The Jungle', '0:1:5');
INSERT INTO tracks (artist_id, album_id, release_id, number, title, length) VALUES (77, 218, 218, 7, 'Slime Creatures From Outer Space', '0:4:23');
INSERT INTO tracks (artist_id, album_id, release_id, number, title, length) VALUES (77, 218, 218, 8, 'Girls Just Want To Have Lunch', '0:2:48');
INSERT INTO tracks (artist_id, album_id, release_id, number, title, length) VALUES (77, 218, 218, 9, 'This Is The Life', '0:3:6');
INSERT INTO tracks (artist_id, album_id, release_id, number, title, length) VALUES (77, 218, 218, 10, 'Cable TV', '0:3:38');
INSERT INTO tracks (artist_id, album_id, release_id, number, title, length) VALUES (77, 218, 218, 11, 'Hooked On Polkas', '0:3:51');
INSERT INTO albums (artist_id, title, year) VALUES (77, 'UHF Original Motion Picture Soundtrack and Other Stuff', '1989-01-01');
INSERT INTO releases (album_id, description, year) VALUES (219, 'Standard CD', '1989-01-01');
INSERT INTO tracks (artist_id, album_id, release_id, number, title, length) VALUES (77, 219, 219, 1, '(Money For Nothing) Beverly Hillbillies', '0:3:11');
INSERT INTO tracks (artist_id, album_id, release_id, number, title, length) VALUES (77, 219, 219, 2, 'Ghandi II', '0:1:0');
INSERT INTO tracks (artist_id, album_id, release_id, number, title, length) VALUES (77, 219, 219, 3, 'Attack of the Radioactive Hamsters from a Planet Near Mars', '0:3:28');
INSERT INTO tracks (artist_id, album_id, release_id, number, title, length) VALUES (77, 219, 219, 4, 'Isle Thing', '0:3:37');
INSERT INTO tracks (artist_id, album_id, release_id, number, title, length) VALUES (77, 219, 219, 5, 'The Hot Rocks Polka', '0:4:51');
INSERT INTO tracks (artist_id, album_id, release_id, number, title, length) VALUES (77, 219, 219, 6, 'UHF', '0:5:9');
INSERT INTO tracks (artist_id, album_id, release_id, number, title, length) VALUES (77, 219, 219, 7, 'Let Me Be Your Hog', '0:0:16');
INSERT INTO tracks (artist_id, album_id, release_id, number, title, length) VALUES (77, 219, 219, 8, 'She Drivers Like Crazy', '0:3:42');
INSERT INTO tracks (artist_id, album_id, release_id, number, title, length) VALUES (77, 219, 219, 9, 'Generic Blues', '0:4:34');
INSERT INTO tracks (artist_id, album_id, release_id, number, title, length) VALUES (77, 219, 219, 10, 'Spatula City', '0:1:7');
INSERT INTO tracks (artist_id, album_id, release_id, number, title, length) VALUES (77, 219, 219, 11, 'Fun Zone', '0:1:45');
INSERT INTO tracks (artist_id, album_id, release_id, number, title, length) VALUES (77, 219, 219, 12, 'Spam', '0:2:59');
INSERT INTO tracks (artist_id, album_id, release_id, number, title, length) VALUES (77, 219, 219, 13, 'The Biggest Ball of Twine in Minnesota', '0:6:48');
INSERT INTO albums (artist_id, title, year) VALUES (77, 'Poodle Hat', '2003-01-01');
INSERT INTO releases (album_id, description, year) VALUES (220, 'Standard CD', '2003-01-01');
INSERT INTO tracks (artist_id, album_id, release_id, number, title, length) VALUES (77, 220, 220, 1, 'Couch Potato', '0:4:18');
INSERT INTO tracks (artist_id, album_id, release_id, number, title, length) VALUES (77, 220, 220, 2, 'Hardware Store', '0:3:44');
INSERT INTO tracks (artist_id, album_id, release_id, number, title, length) VALUES (77, 220, 220, 3, 'Trash Day', '0:3:11');
INSERT INTO tracks (artist_id, album_id, release_id, number, title, length) VALUES (77, 220, 220, 4, 'Party at the Leper Colony', '0:3:38');
INSERT INTO tracks (artist_id, album_id, release_id, number, title, length) VALUES (77, 220, 220, 5, 'Angry White Boy Polka', '0:5:3');
INSERT INTO tracks (artist_id, album_id, release_id, number, title, length) VALUES (77, 220, 220, 6, 'Wanna B Ur Lovr', '0:6:14');
INSERT INTO tracks (artist_id, album_id, release_id, number, title, length) VALUES (77, 220, 220, 7, 'A Complicated Song', '0:3:39');
INSERT INTO tracks (artist_id, album_id, release_id, number, title, length) VALUES (77, 220, 220, 8, 'Why Does This Always Happen to Me', '0:4:52');
INSERT INTO tracks (artist_id, album_id, release_id, number, title, length) VALUES (77, 220, 220, 9, 'Ode to a Superhero', '0:4:52');
INSERT INTO tracks (artist_id, album_id, release_id, number, title, length) VALUES (77, 220, 220, 10, 'Bob', '0:2:29');
INSERT INTO tracks (artist_id, album_id, release_id, number, title, length) VALUES (77, 220, 220, 11, 'eBay', '0:3:36');
INSERT INTO tracks (artist_id, album_id, release_id, number, title, length) VALUES (77, 220, 220, 12, 'Genius in France', '0:8:56');
INSERT INTO albums (artist_id, title, year) VALUES (77, 'Even Worse', '1988-01-01');
INSERT INTO releases (album_id, description, year) VALUES (221, 'Standard CD', '1988-01-01');
INSERT INTO tracks (artist_id, album_id, release_id, number, title, length) VALUES (77, 221, 221, 1, 'Fat', '0:3:37');
INSERT INTO tracks (artist_id, album_id, release_id, number, title, length) VALUES (77, 221, 221, 2, 'Stuck In A Closet With Vanna White', '0:5:1');
INSERT INTO tracks (artist_id, album_id, release_id, number, title, length) VALUES (77, 221, 221, 3, '(This Song''s Just) Six Words Long', '0:3:37');
INSERT INTO tracks (artist_id, album_id, release_id, number, title, length) VALUES (77, 221, 221, 4, 'You Make Me', '0:3:5');
INSERT INTO tracks (artist_id, album_id, release_id, number, title, length) VALUES (77, 221, 221, 5, 'I Think I''m A Clone Now', '0:3:19');
INSERT INTO tracks (artist_id, album_id, release_id, number, title, length) VALUES (77, 221, 221, 6, 'Lasagna', '0:2:47');
INSERT INTO tracks (artist_id, album_id, release_id, number, title, length) VALUES (77, 221, 221, 7, 'Melanie', '0:3:58');
INSERT INTO tracks (artist_id, album_id, release_id, number, title, length) VALUES (77, 221, 221, 8, 'Alimony', '0:3:16');
INSERT INTO tracks (artist_id, album_id, release_id, number, title, length) VALUES (77, 221, 221, 9, 'Velvet Elvis', '0:4:30');
INSERT INTO tracks (artist_id, album_id, release_id, number, title, length) VALUES (77, 221, 221, 10, 'Twister', '0:1:3');
INSERT INTO tracks (artist_id, album_id, release_id, number, title, length) VALUES (77, 221, 221, 11, 'Good Old Days', '0:3:20');
INSERT INTO albums (artist_id, title, year) VALUES (77, 'Straight Outta Lynwood', '2006-01-01');
INSERT INTO releases (album_id, description, year) VALUES (222, 'Standard CD', '2006-01-01');
INSERT INTO tracks (artist_id, album_id, release_id, number, title, length) VALUES (77, 222, 222, 1, 'White & Nerdy', '0:2:50');
INSERT INTO tracks (artist_id, album_id, release_id, number, title, length) VALUES (77, 222, 222, 2, 'Pancreas', '0:3:48');
INSERT INTO tracks (artist_id, album_id, release_id, number, title, length) VALUES (77, 222, 222, 3, 'Canadian Idiot', '0:2:23');
INSERT INTO tracks (artist_id, album_id, release_id, number, title, length) VALUES (77, 222, 222, 4, 'I''ll Sue Ya', '0:3:51');
INSERT INTO tracks (artist_id, album_id, release_id, number, title, length) VALUES (77, 222, 222, 5, 'Polkarama!', '0:4:17');
INSERT INTO tracks (artist_id, album_id, release_id, number, title, length) VALUES (77, 222, 222, 6, 'Virus Alert', '0:3:45');
INSERT INTO tracks (artist_id, album_id, release_id, number, title, length) VALUES (77, 222, 222, 7, 'Confessions Part III', '0:3:52');
INSERT INTO tracks (artist_id, album_id, release_id, number, title, length) VALUES (77, 222, 222, 8, 'Weasel Stomping Day', '0:1:34');
INSERT INTO tracks (artist_id, album_id, release_id, number, title, length) VALUES (77, 222, 222, 9, 'Close But No Cigar', '0:3:55');
INSERT INTO tracks (artist_id, album_id, release_id, number, title, length) VALUES (77, 222, 222, 10, 'Do I Creep You Out', '0:2:46');
INSERT INTO tracks (artist_id, album_id, release_id, number, title, length) VALUES (77, 222, 222, 11, 'Trapped In The Drive-Thru', '0:10:50');
INSERT INTO tracks (artist_id, album_id, release_id, number, title, length) VALUES (77, 222, 222, 12, 'Don''t Download This Song', '0:3:54');
INSERT INTO albums (artist_id, title, year) VALUES (77, 'Running With Scissors', '1999-01-01');
INSERT INTO releases (album_id, description, year) VALUES (223, 'Standard CD', '1999-01-01');
INSERT INTO tracks (artist_id, album_id, release_id, number, title, length) VALUES (77, 223, 223, 1, 'The Saga Begins', '0:5:28');
INSERT INTO tracks (artist_id, album_id, release_id, number, title, length) VALUES (77, 223, 223, 2, 'My Baby''s In Love With Eddie Vedder', '0:3:26');
INSERT INTO tracks (artist_id, album_id, release_id, number, title, length) VALUES (77, 223, 223, 3, 'Pretty Fly For A Rabbi', '0:3:2');
INSERT INTO tracks (artist_id, album_id, release_id, number, title, length) VALUES (77, 223, 223, 4, 'The Weird Al Show Theme', '0:1:14');
INSERT INTO tracks (artist_id, album_id, release_id, number, title, length) VALUES (77, 223, 223, 5, 'Jerry Springer', '0:2:46');
INSERT INTO tracks (artist_id, album_id, release_id, number, title, length) VALUES (77, 223, 223, 6, 'Germs', '0:4:38');
INSERT INTO tracks (artist_id, album_id, release_id, number, title, length) VALUES (77, 223, 223, 7, 'Polka Power!', '0:4:21');
INSERT INTO tracks (artist_id, album_id, release_id, number, title, length) VALUES (77, 223, 223, 8, 'Your Horoscope For Today', '0:3:59');
INSERT INTO tracks (artist_id, album_id, release_id, number, title, length) VALUES (77, 223, 223, 9, 'It''s All About The Pentiums', '0:3:34');
INSERT INTO tracks (artist_id, album_id, release_id, number, title, length) VALUES (77, 223, 223, 10, 'Truck Drivin'' Song', '0:2:27');
INSERT INTO tracks (artist_id, album_id, release_id, number, title, length) VALUES (77, 223, 223, 11, 'Grapefruit Diet', '0:3:30');
INSERT INTO tracks (artist_id, album_id, release_id, number, title, length) VALUES (77, 223, 223, 12, 'Albuquerque', '0:11:23');
INSERT INTO albums (artist_id, title, year) VALUES (77, 'Gump', '1996-01-01');
INSERT INTO releases (album_id, description, year) VALUES (224, 'Standard CD', '1996-01-01');
INSERT INTO tracks (artist_id, album_id, release_id, number, title, length) VALUES (77, 224, 224, 1, 'Gump', '0:2:11');
INSERT INTO tracks (artist_id, album_id, release_id, number, title, length) VALUES (77, 224, 224, 2, 'Spy Hard', '0:2:49');
INSERT INTO tracks (artist_id, album_id, release_id, number, title, length) VALUES (77, 224, 224, 3, 'Since You''ve Been Gone', '0:1:23');
INSERT INTO tracks (artist_id, album_id, release_id, number, title, length) VALUES (77, 224, 224, 4, 'Since You''ve Been Gone (Karaoke Version)', '0:1:23');
INSERT INTO tracks (artist_id, album_id, release_id, number, title, length) VALUES (77, 224, 224, 5, 'Callin'' In Sick (Instrumental)', '0:3:41');
INSERT INTO tracks (artist_id, album_id, release_id, number, title, length) VALUES (77, 224, 224, 6, 'Spy Hard (Instrumental)', '0:2:49');
INSERT INTO tracks (artist_id, album_id, release_id, number, title, length) VALUES (77, 224, 224, 7, 'Spy Hard (Orchestral Mix)', '0:2:48');
INSERT INTO albums (artist_id, title, year) VALUES (77, 'The TV Album', '1995-01-01');
INSERT INTO releases (album_id, description, year) VALUES (225, 'Standard CD', '1995-01-01');
INSERT INTO tracks (artist_id, album_id, release_id, number, title, length) VALUES (77, 225, 225, 1, 'Bedrock Anthem', '0:3:43');
INSERT INTO tracks (artist_id, album_id, release_id, number, title, length) VALUES (77, 225, 225, 2, 'I Can''t Watch This', '0:3:31');
INSERT INTO tracks (artist_id, album_id, release_id, number, title, length) VALUES (77, 225, 225, 3, 'Frank''s 2000 TV', '0:4:7');
INSERT INTO tracks (artist_id, album_id, release_id, number, title, length) VALUES (77, 225, 225, 4, 'Money For NothingBeverly Hillbillies', '0:3:13');
INSERT INTO tracks (artist_id, album_id, release_id, number, title, length) VALUES (77, 225, 225, 5, 'Ricky', '0:2:37');
INSERT INTO tracks (artist_id, album_id, release_id, number, title, length) VALUES (77, 225, 225, 6, 'Talk Soup', '0:4:25');
INSERT INTO tracks (artist_id, album_id, release_id, number, title, length) VALUES (77, 225, 225, 7, 'Here''s Johnny', '0:3:25');
INSERT INTO tracks (artist_id, album_id, release_id, number, title, length) VALUES (77, 225, 225, 8, 'The Brady Bunch', '0:2:41');
INSERT INTO tracks (artist_id, album_id, release_id, number, title, length) VALUES (77, 225, 225, 9, 'Cable TV', '0:3:38');
INSERT INTO tracks (artist_id, album_id, release_id, number, title, length) VALUES (77, 225, 225, 10, 'I Lost On Jeopardy', '0:3:29');
INSERT INTO tracks (artist_id, album_id, release_id, number, title, length) VALUES (77, 225, 225, 11, 'UHF', '0:5:10');
INSERT INTO albums (artist_id, title, year) VALUES (77, 'Alapalooza', '1993-01-01');
INSERT INTO releases (album_id, description, year) VALUES (226, 'Standard CD', '1993-01-01');
INSERT INTO tracks (artist_id, album_id, release_id, number, title, length) VALUES (77, 226, 226, 1, 'Jurassic Park', '0:3:55');
INSERT INTO tracks (artist_id, album_id, release_id, number, title, length) VALUES (77, 226, 226, 2, 'Young, Dumb & Ugly', '0:4:24');
INSERT INTO tracks (artist_id, album_id, release_id, number, title, length) VALUES (77, 226, 226, 3, 'Bedrock Anthem', '0:3:40');
INSERT INTO tracks (artist_id, album_id, release_id, number, title, length) VALUES (77, 226, 226, 4, 'Frank''s 2000 TV', '0:4:5');
INSERT INTO tracks (artist_id, album_id, release_id, number, title, length) VALUES (77, 226, 226, 5, 'Achy Breaky Song', '0:3:23');
INSERT INTO tracks (artist_id, album_id, release_id, number, title, length) VALUES (77, 226, 226, 6, 'Traffic Jam', '0:4:1');
INSERT INTO tracks (artist_id, album_id, release_id, number, title, length) VALUES (77, 226, 226, 7, 'Talk Soup', '0:4:24');
INSERT INTO tracks (artist_id, album_id, release_id, number, title, length) VALUES (77, 226, 226, 8, 'Livin'' In the Fridge', '0:3:35');
INSERT INTO tracks (artist_id, album_id, release_id, number, title, length) VALUES (77, 226, 226, 9, 'She Never Told Me She Was a Mime', '0:4:54');
INSERT INTO tracks (artist_id, album_id, release_id, number, title, length) VALUES (77, 226, 226, 10, 'Harvey the Wonder Hamster', '0:0:21');
INSERT INTO tracks (artist_id, album_id, release_id, number, title, length) VALUES (77, 226, 226, 11, 'Waffle King', '0:4:25');
INSERT INTO tracks (artist_id, album_id, release_id, number, title, length) VALUES (77, 226, 226, 12, 'Bohemian Polka', '0:3:40');
INSERT INTO albums (artist_id, title, year) VALUES (77, 'Alpocalypse', '2011-01-01');
INSERT INTO releases (album_id, description, year) VALUES (227, 'Standard CD', '2011-01-01');
INSERT INTO tracks (artist_id, album_id, release_id, number, title, length) VALUES (77, 227, 227, 1, 'Perform This Way', '0:2:54');
INSERT INTO tracks (artist_id, album_id, release_id, number, title, length) VALUES (77, 227, 227, 2, 'CNR', '0:3:21');
INSERT INTO tracks (artist_id, album_id, release_id, number, title, length) VALUES (77, 227, 227, 3, 'TMZ', '0:3:40');
INSERT INTO tracks (artist_id, album_id, release_id, number, title, length) VALUES (77, 227, 227, 4, 'Skipper Dan', '0:4:1');
INSERT INTO tracks (artist_id, album_id, release_id, number, title, length) VALUES (77, 227, 227, 5, 'Polka Face', '0:4:47');
INSERT INTO tracks (artist_id, album_id, release_id, number, title, length) VALUES (77, 227, 227, 6, 'Craigslist', '0:4:53');
INSERT INTO tracks (artist_id, album_id, release_id, number, title, length) VALUES (77, 227, 227, 7, 'Party in the CIA', '0:2:56');
INSERT INTO tracks (artist_id, album_id, release_id, number, title, length) VALUES (77, 227, 227, 8, 'Ringtone', '0:3:24');
INSERT INTO tracks (artist_id, album_id, release_id, number, title, length) VALUES (77, 227, 227, 9, 'Another Tattoo', '0:2:49');
INSERT INTO tracks (artist_id, album_id, release_id, number, title, length) VALUES (77, 227, 227, 10, 'If That Isn''t Love', '0:3:48');
INSERT INTO tracks (artist_id, album_id, release_id, number, title, length) VALUES (77, 227, 227, 11, 'Whatever You Like', '0:3:41');
INSERT INTO tracks (artist_id, album_id, release_id, number, title, length) VALUES (77, 227, 227, 12, 'Stop Forwarding That Crap to Me', '0:5:42');
INSERT INTO albums (artist_id, title, year) VALUES (77, 'Off The Deep End', '1992-01-01');
INSERT INTO releases (album_id, description, year) VALUES (228, 'Standard CD', '1992-01-01');
INSERT INTO tracks (artist_id, album_id, release_id, number, title, length) VALUES (77, 228, 228, 1, 'Smells Like Nirvana', '0:3:42');
INSERT INTO tracks (artist_id, album_id, release_id, number, title, length) VALUES (77, 228, 228, 2, 'Trigger Happy', '0:3:47');
INSERT INTO tracks (artist_id, album_id, release_id, number, title, length) VALUES (77, 228, 228, 3, 'I Can''t Watch This', '0:3:31');
INSERT INTO tracks (artist_id, album_id, release_id, number, title, length) VALUES (77, 228, 228, 4, 'Polka Your Eyes Out', '0:3:50');
INSERT INTO tracks (artist_id, album_id, release_id, number, title, length) VALUES (77, 228, 228, 5, 'I Was Only Kidding', '0:3:30');
INSERT INTO tracks (artist_id, album_id, release_id, number, title, length) VALUES (77, 228, 228, 6, 'The White Stuff', '0:2:42');
INSERT INTO tracks (artist_id, album_id, release_id, number, title, length) VALUES (77, 228, 228, 7, 'When I Was Your Age', '0:4:35');
INSERT INTO tracks (artist_id, album_id, release_id, number, title, length) VALUES (77, 228, 228, 8, 'Taco Grande', '0:3:44');
INSERT INTO tracks (artist_id, album_id, release_id, number, title, length) VALUES (77, 228, 228, 9, 'Airline Amy', '0:3:50');
INSERT INTO tracks (artist_id, album_id, release_id, number, title, length) VALUES (77, 228, 228, 10, 'The Plumbing Song', '0:4:6');
INSERT INTO tracks (artist_id, album_id, release_id, number, title, length) VALUES (77, 228, 228, 11, 'You Don''t Love Me Anymore', '0:4:1');
INSERT INTO tracks (artist_id, album_id, release_id, number, title, length) VALUES (77, 228, 228, 12, 'Bite Me', '0:0:10');
INSERT INTO albums (artist_id, title, year) VALUES (77, 'Bad Hair Day', '1996-01-01');
INSERT INTO releases (album_id, description, year) VALUES (229, 'Standard CD', '1996-01-01');
INSERT INTO tracks (artist_id, album_id, release_id, number, title, length) VALUES (77, 229, 229, 1, 'Amish Paradise', '0:3:20');
INSERT INTO tracks (artist_id, album_id, release_id, number, title, length) VALUES (77, 229, 229, 2, 'Everything You Know Is Wrong', '0:3:47');
INSERT INTO tracks (artist_id, album_id, release_id, number, title, length) VALUES (77, 229, 229, 3, 'Cavity Search', '0:4:19');
INSERT INTO tracks (artist_id, album_id, release_id, number, title, length) VALUES (77, 229, 229, 4, 'Callin'' In Sick', '0:3:40');
INSERT INTO tracks (artist_id, album_id, release_id, number, title, length) VALUES (77, 229, 229, 5, 'The Alternative Polka', '0:4:50');
INSERT INTO tracks (artist_id, album_id, release_id, number, title, length) VALUES (77, 229, 229, 6, 'Since You''ve Been Gone', '0:1:22');
INSERT INTO tracks (artist_id, album_id, release_id, number, title, length) VALUES (77, 229, 229, 7, 'Gump', '0:2:10');
INSERT INTO tracks (artist_id, album_id, release_id, number, title, length) VALUES (77, 229, 229, 8, 'I''m So Sick Of You', '0:3:26');
INSERT INTO tracks (artist_id, album_id, release_id, number, title, length) VALUES (77, 229, 229, 9, 'Syndicated Inc', '0:3:54');
INSERT INTO tracks (artist_id, album_id, release_id, number, title, length) VALUES (77, 229, 229, 10, 'I Remember Larry', '0:3:56');
INSERT INTO tracks (artist_id, album_id, release_id, number, title, length) VALUES (77, 229, 229, 11, 'Phony Calls', '0:3:22');
INSERT INTO tracks (artist_id, album_id, release_id, number, title, length) VALUES (77, 229, 229, 12, 'The Night Santa Went Crazy', '0:4:3');
INSERT INTO albums (artist_id, title, year) VALUES (77, 'Weird Al Yankovic Live!', '1999-01-01');
INSERT INTO releases (album_id, description, year) VALUES (230, 'Standard CD', '1999-01-01');
INSERT INTO tracks (artist_id, album_id, release_id, number, title, length) VALUES (77, 230, 230, 1, 'Gump', '0:2:22');
INSERT INTO tracks (artist_id, album_id, release_id, number, title, length) VALUES (77, 230, 230, 2, 'Polka Power', '0:4:36');
INSERT INTO tracks (artist_id, album_id, release_id, number, title, length) VALUES (77, 230, 230, 3, 'Drum Solo', '0:0:21');
INSERT INTO tracks (artist_id, album_id, release_id, number, title, length) VALUES (77, 230, 230, 4, 'Jerry Springer', '0:3:9');
INSERT INTO tracks (artist_id, album_id, release_id, number, title, length) VALUES (77, 230, 230, 5, 'My baby''s In Love With Eddie Vedder', '0:3:33');
INSERT INTO tracks (artist_id, album_id, release_id, number, title, length) VALUES (77, 230, 230, 6, 'The Night Santa Went Crazy', '0:4:19');
INSERT INTO tracks (artist_id, album_id, release_id, number, title, length) VALUES (77, 230, 230, 7, 'Dare to Be Stupid', '0:3:39');
INSERT INTO tracks (artist_id, album_id, release_id, number, title, length) VALUES (77, 230, 230, 8, 'It''s All About The Pentiums', '0:3:38');
INSERT INTO tracks (artist_id, album_id, release_id, number, title, length) VALUES (77, 230, 230, 9, 'Germs', '0:4:35');
INSERT INTO tracks (artist_id, album_id, release_id, number, title, length) VALUES (77, 230, 230, 10, 'One More Minute', '0:3:55');
INSERT INTO tracks (artist_id, album_id, release_id, number, title, length) VALUES (77, 230, 230, 11, 'Like a Surgeon', '0:3:59');
INSERT INTO tracks (artist_id, album_id, release_id, number, title, length) VALUES (77, 230, 230, 12, 'Medley', '0:9:38');
INSERT INTO tracks (artist_id, album_id, release_id, number, title, length) VALUES (77, 230, 230, 13, 'Smells Like Nirvana', '0:3:39');
INSERT INTO tracks (artist_id, album_id, release_id, number, title, length) VALUES (77, 230, 230, 14, 'Bedrock Anthem', '0:3:50');
INSERT INTO tracks (artist_id, album_id, release_id, number, title, length) VALUES (77, 230, 230, 15, 'Amish Paradise', '0:3:34');
INSERT INTO tracks (artist_id, album_id, release_id, number, title, length) VALUES (77, 230, 230, 16, 'Fat', '0:6:20');
INSERT INTO tracks (artist_id, album_id, release_id, number, title, length) VALUES (77, 230, 230, 17, 'Intro #1', '0:0:31');
INSERT INTO tracks (artist_id, album_id, release_id, number, title, length) VALUES (77, 230, 230, 18, 'The Saga Begins', '0:5:42');
INSERT INTO tracks (artist_id, album_id, release_id, number, title, length) VALUES (77, 230, 230, 19, 'Intro #2', '0:0:23');
INSERT INTO tracks (artist_id, album_id, release_id, number, title, length) VALUES (77, 230, 230, 20, 'Yoda', '0:5:50');
INSERT INTO albums (artist_id, title, year) VALUES (77, 'Greatest Hits Volume II', '1994-01-01');
INSERT INTO releases (album_id, description, year) VALUES (231, 'Standard CD', '1994-01-01');
INSERT INTO tracks (artist_id, album_id, release_id, number, title, length) VALUES (77, 231, 231, 1, 'Headline News', '0:3:48');
INSERT INTO tracks (artist_id, album_id, release_id, number, title, length) VALUES (77, 231, 231, 2, 'Bedrock Anthem', '0:3:45');
INSERT INTO tracks (artist_id, album_id, release_id, number, title, length) VALUES (77, 231, 231, 3, 'You Don''t Love Me Anymore', '0:4:4');
INSERT INTO tracks (artist_id, album_id, release_id, number, title, length) VALUES (77, 231, 231, 4, 'Smells Like Nirvana', '0:3:45');
INSERT INTO tracks (artist_id, album_id, release_id, number, title, length) VALUES (77, 231, 231, 5, 'Achy Breaky Song', '0:3:24');
INSERT INTO tracks (artist_id, album_id, release_id, number, title, length) VALUES (77, 231, 231, 7, 'Money For NothingBeverly Hillbillies', '0:3:14');
INSERT INTO tracks (artist_id, album_id, release_id, number, title, length) VALUES (77, 231, 231, 8, 'Jurassic Park', '0:3:57');
INSERT INTO tracks (artist_id, album_id, release_id, number, title, length) VALUES (77, 231, 231, 9, 'This Is The Life', '0:3:7');
INSERT INTO tracks (artist_id, album_id, release_id, number, title, length) VALUES (77, 231, 231, 10, 'Polka Your Eyes Out', '0:3:52');
INSERT INTO tracks (artist_id, album_id, release_id, number, title, length) VALUES (77, 231, 231, 11, 'Yoda', '0:3:59');
INSERT INTO tracks (artist_id, album_id, release_id, number, title, length) VALUES (77, 231, 231, 12, 'Christmas At Ground Zero', '0:3:10');
INSERT INTO tracks (artist_id, album_id, release_id, number, title, length) VALUES (77, 231, 231, 6, 'UHF (Single Version)', '0:3:52');
INSERT INTO albums (artist_id, title, year) VALUES (77, '"Weird Al" Yankovic Live! - The Alpocalypse Tour', '2011-01-01');
INSERT INTO releases (album_id, description, year) VALUES (232, 'Standard CD', '2011-01-01');
INSERT INTO tracks (artist_id, album_id, release_id, number, title, length) VALUES (77, 232, 232, 11, 'Amish Paradise', '0:3:26');
INSERT INTO tracks (artist_id, album_id, release_id, number, title, length) VALUES (77, 232, 232, 20, 'Bass Solo', '0:0:51');
INSERT INTO tracks (artist_id, album_id, release_id, number, title, length) VALUES (77, 232, 232, 8, 'Canadian Idiot', '0:2:22');
INSERT INTO tracks (artist_id, album_id, release_id, number, title, length) VALUES (77, 232, 232, 6, 'CNR', '0:3:24');
INSERT INTO tracks (artist_id, album_id, release_id, number, title, length) VALUES (77, 232, 232, 12, 'Craigslist', '0:4:51');
INSERT INTO tracks (artist_id, album_id, release_id, number, title, length) VALUES (77, 232, 232, 18, 'Drum Solo', '0:0:34');
INSERT INTO tracks (artist_id, album_id, release_id, number, title, length) VALUES (77, 232, 232, 22, 'Drum Solo (Reprise)', '0:0:47');
INSERT INTO tracks (artist_id, album_id, release_id, number, title, length) VALUES (77, 232, 232, 15, 'Fat', '0:6:44');
INSERT INTO tracks (artist_id, album_id, release_id, number, title, length) VALUES (77, 232, 232, 0, 'Intro', '0:0:42');
INSERT INTO tracks (artist_id, album_id, release_id, number, title, length) VALUES (77, 232, 232, 7, 'Let me be Your Hog', '0:1:9');
INSERT INTO tracks (artist_id, album_id, release_id, number, title, length) VALUES (77, 232, 232, 10, 'Medley', '0:16:27');
INSERT INTO tracks (artist_id, album_id, release_id, number, title, length) VALUES (77, 232, 232, 5, 'Party in the CIA', '0:2:58');
INSERT INTO tracks (artist_id, album_id, release_id, number, title, length) VALUES (77, 232, 232, 13, 'Perform This Way', '0:2:55');
INSERT INTO tracks (artist_id, album_id, release_id, number, title, length) VALUES (77, 232, 232, 1, 'Polka Face', '0:4:53');
INSERT INTO tracks (artist_id, album_id, release_id, number, title, length) VALUES (77, 232, 232, 4, 'Skipper Dan', '0:4:2');
INSERT INTO tracks (artist_id, album_id, release_id, number, title, length) VALUES (77, 232, 232, 3, 'Smells Like Nirvana', '0:3:32');
INSERT INTO tracks (artist_id, album_id, release_id, number, title, length) VALUES (77, 232, 232, 16, 'The Saga Begins', '0:6:23');
INSERT INTO tracks (artist_id, album_id, release_id, number, title, length) VALUES (77, 232, 232, 2, 'TMZ', '0:3:39');
INSERT INTO tracks (artist_id, album_id, release_id, number, title, length) VALUES (77, 232, 232, 9, 'Wanna B Ur Lover', '0:6:17');
INSERT INTO tracks (artist_id, album_id, release_id, number, title, length) VALUES (77, 232, 232, 14, 'White & Nerdy', '0:3:0');
INSERT INTO tracks (artist_id, album_id, release_id, number, title, length) VALUES (77, 232, 232, 17, 'Yoda', '0:8:48');
INSERT INTO tracks (artist_id, album_id, release_id, number, title, length) VALUES (77, 232, 232, 21, 'You Don''t Love me Anymore', '0:4:24');
INSERT INTO tracks (artist_id, album_id, release_id, number, title, length) VALUES (77, 232, 232, 23, 'You Make Me', '0:3:9');
INSERT INTO albums (artist_id, title, year) VALUES (77, 'Mandatory Fun', '2014-01-01');
INSERT INTO releases (album_id, description, year) VALUES (233, 'Standard CD', '2014-01-01');
INSERT INTO tracks (artist_id, album_id, release_id, number, title, length) VALUES (77, 233, 233, 1, 'Handy', '0:2:56');
INSERT INTO tracks (artist_id, album_id, release_id, number, title, length) VALUES (77, 233, 233, 2, 'Lame Claim to Fame', '0:3:45');
INSERT INTO tracks (artist_id, album_id, release_id, number, title, length) VALUES (77, 233, 233, 3, 'Foil', '0:2:22');
INSERT INTO tracks (artist_id, album_id, release_id, number, title, length) VALUES (77, 233, 233, 4, 'Sports Song', '0:2:14');
INSERT INTO tracks (artist_id, album_id, release_id, number, title, length) VALUES (77, 233, 233, 5, 'Word Crimes', '0:3:43');
INSERT INTO tracks (artist_id, album_id, release_id, number, title, length) VALUES (77, 233, 233, 6, 'My Own Eyes', '0:3:40');
INSERT INTO tracks (artist_id, album_id, release_id, number, title, length) VALUES (77, 233, 233, 7, 'Now That''s What I Call Polka!', '0:4:6');
INSERT INTO tracks (artist_id, album_id, release_id, number, title, length) VALUES (77, 233, 233, 8, 'Mission Statement', '0:4:28');
INSERT INTO tracks (artist_id, album_id, release_id, number, title, length) VALUES (77, 233, 233, 9, 'Inactive', '0:2:56');
INSERT INTO tracks (artist_id, album_id, release_id, number, title, length) VALUES (77, 233, 233, 10, 'First World Problems', '0:3:13');
INSERT INTO tracks (artist_id, album_id, release_id, number, title, length) VALUES (77, 233, 233, 11, 'Tacky', '0:2:53');
INSERT INTO tracks (artist_id, album_id, release_id, number, title, length) VALUES (77, 233, 233, 12, 'Jackson Park Express', '0:9:5');
INSERT INTO artists (name) VALUES ('U2');
INSERT INTO albums (artist_id, title, year) VALUES (78, 'The Best Of - 1980-1990', '1998-01-01');
INSERT INTO releases (album_id, description, year) VALUES (234, 'Standard CD', '1998-01-01');
INSERT INTO tracks (artist_id, album_id, release_id, number, title, length) VALUES (78, 234, 234, 1, 'Pride (In The Name Of Love)', '0:3:49');
INSERT INTO tracks (artist_id, album_id, release_id, number, title, length) VALUES (78, 234, 234, 2, 'New Year''s Day', '0:4:18');
INSERT INTO tracks (artist_id, album_id, release_id, number, title, length) VALUES (78, 234, 234, 3, 'With Or Without You', '0:4:58');
INSERT INTO tracks (artist_id, album_id, release_id, number, title, length) VALUES (78, 234, 234, 4, 'I Still Haven''t Found What I''m Looking For', '0:4:40');
INSERT INTO tracks (artist_id, album_id, release_id, number, title, length) VALUES (78, 234, 234, 5, 'Sunday Bloody Sunday', '0:4:41');
INSERT INTO tracks (artist_id, album_id, release_id, number, title, length) VALUES (78, 234, 234, 6, 'Bad', '0:5:51');
INSERT INTO tracks (artist_id, album_id, release_id, number, title, length) VALUES (78, 234, 234, 7, 'Where The Streets Have No Name', '0:4:36');
INSERT INTO tracks (artist_id, album_id, release_id, number, title, length) VALUES (78, 234, 234, 8, 'I Will Follow', '0:3:37');
INSERT INTO tracks (artist_id, album_id, release_id, number, title, length) VALUES (78, 234, 234, 9, 'The Unforgettable Fire', '0:4:55');
INSERT INTO tracks (artist_id, album_id, release_id, number, title, length) VALUES (78, 234, 234, 10, 'Sweetest Thing', '0:3:3');
INSERT INTO tracks (artist_id, album_id, release_id, number, title, length) VALUES (78, 234, 234, 11, 'Desire', '0:2:59');
INSERT INTO tracks (artist_id, album_id, release_id, number, title, length) VALUES (78, 234, 234, 12, 'When Love Comes To Town', '0:4:18');
INSERT INTO tracks (artist_id, album_id, release_id, number, title, length) VALUES (78, 234, 234, 13, 'Angel Of Harlem', '0:3:50');
INSERT INTO tracks (artist_id, album_id, release_id, number, title, length) VALUES (78, 234, 234, 14, 'All I Want Is You', '0:9:51');
INSERT INTO albums (artist_id, title, year) VALUES (78, 'The Best Of - 1990-2000', '2002-01-01');
INSERT INTO releases (album_id, description, year) VALUES (235, 'Standard CD', '2002-01-01');
INSERT INTO tracks (artist_id, album_id, release_id, number, title, length) VALUES (78, 235, 235, 1, 'Even Better Than The Real Thing', '0:3:41');
INSERT INTO tracks (artist_id, album_id, release_id, number, title, length) VALUES (78, 235, 235, 2, 'Mysterious Ways', '0:4:3');
INSERT INTO tracks (artist_id, album_id, release_id, number, title, length) VALUES (78, 235, 235, 3, 'Beautiful Day', '0:4:8');
INSERT INTO tracks (artist_id, album_id, release_id, number, title, length) VALUES (78, 235, 235, 4, 'Electrical Storm (William Orbit Mix)', '0:4:39');
INSERT INTO tracks (artist_id, album_id, release_id, number, title, length) VALUES (78, 235, 235, 5, 'One', '0:4:35');
INSERT INTO tracks (artist_id, album_id, release_id, number, title, length) VALUES (78, 235, 235, 6, 'Miss Sarajevo', '0:4:32');
INSERT INTO tracks (artist_id, album_id, release_id, number, title, length) VALUES (78, 235, 235, 7, 'Stay (Faraway, So Close!)', '0:4:59');
INSERT INTO tracks (artist_id, album_id, release_id, number, title, length) VALUES (78, 235, 235, 8, 'Stuck In A Moment You Can''t Get Out Of', '0:4:34');
INSERT INTO tracks (artist_id, album_id, release_id, number, title, length) VALUES (78, 235, 235, 9, 'Gone [New Mix]', '0:4:34');
INSERT INTO tracks (artist_id, album_id, release_id, number, title, length) VALUES (78, 235, 235, 10, 'Until The End Of The World', '0:4:40');
INSERT INTO tracks (artist_id, album_id, release_id, number, title, length) VALUES (78, 235, 235, 11, 'The Hands That Built America (Theme From ''Gangs of New York'')', '0:4:58');
INSERT INTO tracks (artist_id, album_id, release_id, number, title, length) VALUES (78, 235, 235, 12, 'Discothèque (New Mix)', '0:4:42');
INSERT INTO tracks (artist_id, album_id, release_id, number, title, length) VALUES (78, 235, 235, 13, 'Hold Me, Thrill Me, Kiss Me, Kill Me', '0:4:45');
INSERT INTO tracks (artist_id, album_id, release_id, number, title, length) VALUES (78, 235, 235, 14, 'Staring At The Sun (New Mix)', '0:4:49');
INSERT INTO tracks (artist_id, album_id, release_id, number, title, length) VALUES (78, 235, 235, 15, 'Numb (New Mix)', '0:4:23');
INSERT INTO tracks (artist_id, album_id, release_id, number, title, length) VALUES (78, 235, 235, 16, 'The First Time', '0:3:44');
INSERT INTO artists (name) VALUES ('Mother Love Bone');
INSERT INTO albums (artist_id, title, year) VALUES (79, 'Mother Love Bone', '1992-01-01');
INSERT INTO releases (album_id, description, year) VALUES (236, 'Standard CD', '1992-01-01');
INSERT INTO tracks (artist_id, album_id, release_id, number, title, length) VALUES (79, 236, 236, 1, 'This Is Shangrila', '0:3:42');
INSERT INTO tracks (artist_id, album_id, release_id, number, title, length) VALUES (79, 236, 236, 2, 'Stardog Champion', '0:4:58');
INSERT INTO tracks (artist_id, album_id, release_id, number, title, length) VALUES (79, 236, 236, 3, 'Holy Roller', '0:4:28');
INSERT INTO tracks (artist_id, album_id, release_id, number, title, length) VALUES (79, 236, 236, 4, 'Bone China', '0:3:46');
INSERT INTO tracks (artist_id, album_id, release_id, number, title, length) VALUES (79, 236, 236, 5, 'Come Bite the Apple', '0:5:26');
INSERT INTO tracks (artist_id, album_id, release_id, number, title, length) VALUES (79, 236, 236, 6, 'Stargazer', '0:4:52');
INSERT INTO tracks (artist_id, album_id, release_id, number, title, length) VALUES (79, 236, 236, 7, 'Heartshine', '0:4:37');
INSERT INTO tracks (artist_id, album_id, release_id, number, title, length) VALUES (79, 236, 236, 8, 'Captain Hi-Top', '0:3:6');
INSERT INTO tracks (artist_id, album_id, release_id, number, title, length) VALUES (79, 236, 236, 9, 'Man Of Golden Words', '0:3:41');
INSERT INTO tracks (artist_id, album_id, release_id, number, title, length) VALUES (79, 236, 236, 10, 'Capricorn Sister', '0:4:19');
INSERT INTO tracks (artist_id, album_id, release_id, number, title, length) VALUES (79, 236, 236, 11, 'Gentle Groove', '0:4:4');
INSERT INTO tracks (artist_id, album_id, release_id, number, title, length) VALUES (79, 236, 236, 12, 'Mr Danny Boy', '0:4:50');
INSERT INTO tracks (artist_id, album_id, release_id, number, title, length) VALUES (79, 236, 236, 13, 'Crown of Thorns', '0:6:21');
INSERT INTO tracks (artist_id, album_id, release_id, number, title, length) VALUES (79, 236, 236, 14, 'Thru Fade Away', '0:3:44');
INSERT INTO tracks (artist_id, album_id, release_id, number, title, length) VALUES (79, 236, 236, 15, 'Mindshaker Meltdown', '0:3:47');
INSERT INTO tracks (artist_id, album_id, release_id, number, title, length) VALUES (79, 236, 236, 16, 'Half Ass Monkey Boy', '0:3:21');
INSERT INTO tracks (artist_id, album_id, release_id, number, title, length) VALUES (79, 236, 236, 17, 'Crown of Thorns', '0:8:22');
INSERT INTO tracks (artist_id, album_id, release_id, number, title, length) VALUES (79, 236, 236, 1, 'Capricorn Sister (Shine Version)', '0:3:58');
INSERT INTO tracks (artist_id, album_id, release_id, number, title, length) VALUES (79, 236, 236, 2, 'Lady Godiva Blues', '0:3:23');
INSERT INTO artists (name) VALUES ('Kevin Schilder');
INSERT INTO albums (artist_id, title, year) VALUES (80, 'Hexen (Beyond Heretic)', '1995-01-01');
INSERT INTO releases (album_id, description, year) VALUES (237, 'Standard CD', '1995-01-01');
INSERT INTO tracks (artist_id, album_id, release_id, number, title, length) VALUES (80, 237, 237, 2, 'Jach', '0:3:56');
INSERT INTO tracks (artist_id, album_id, release_id, number, title, length) VALUES (80, 237, 237, 3, 'Blech', '0:3:14');
INSERT INTO tracks (artist_id, album_id, release_id, number, title, length) VALUES (80, 237, 237, 4, 'Hexen', '0:0:14');
INSERT INTO tracks (artist_id, album_id, release_id, number, title, length) VALUES (80, 237, 237, 5, 'Orb', '0:0:44');
INSERT INTO tracks (artist_id, album_id, release_id, number, title, length) VALUES (80, 237, 237, 6, 'Hall', '0:1:7');
INSERT INTO tracks (artist_id, album_id, release_id, number, title, length) VALUES (80, 237, 237, 7, 'Chess', '0:1:23');
INSERT INTO tracks (artist_id, album_id, release_id, number, title, length) VALUES (80, 237, 237, 8, 'Crypt', '0:4:10');
INSERT INTO tracks (artist_id, album_id, release_id, number, title, length) VALUES (80, 237, 237, 9, 'Falcon', '0:2:23');
INSERT INTO tracks (artist_id, album_id, release_id, number, title, length) VALUES (80, 237, 237, 10, 'Octo', '0:3:20');
INSERT INTO tracks (artist_id, album_id, release_id, number, title, length) VALUES (80, 237, 237, 11, 'Rithm', '0:3:33');
INSERT INTO tracks (artist_id, album_id, release_id, number, title, length) VALUES (80, 237, 237, 12, 'Sixate', '0:3:34');
INSERT INTO tracks (artist_id, album_id, release_id, number, title, length) VALUES (80, 237, 237, 13, 'Winnowing Hall', '0:4:1');
INSERT INTO tracks (artist_id, album_id, release_id, number, title, length) VALUES (80, 237, 237, 14, 'Swamp', '0:4:10');
INSERT INTO tracks (artist_id, album_id, release_id, number, title, length) VALUES (80, 237, 237, 15, 'Wutzit', '0:3:6');
INSERT INTO tracks (artist_id, album_id, release_id, number, title, length) VALUES (80, 237, 237, 16, 'Bones', '0:3:14');
INSERT INTO tracks (artist_id, album_id, release_id, number, title, length) VALUES (80, 237, 237, 17, 'Chapel 1', '0:3:24');
INSERT INTO tracks (artist_id, album_id, release_id, number, title, length) VALUES (80, 237, 237, 18, 'Chapel 4', '0:2:43');
INSERT INTO tracks (artist_id, album_id, release_id, number, title, length) VALUES (80, 237, 237, 19, 'Fantasy', '0:3:5');
INSERT INTO tracks (artist_id, album_id, release_id, number, title, length) VALUES (80, 237, 237, 20, 'Fooja', '0:2:31');
INSERT INTO tracks (artist_id, album_id, release_id, number, title, length) VALUES (80, 237, 237, 21, 'Level', '0:4:4');
INSERT INTO tracks (artist_id, album_id, release_id, number, title, length) VALUES (80, 237, 237, 22, 'Simon', '0:3:13');
INSERT INTO albums (artist_id, title, year) VALUES (80, 'Hexen II Portal of Praevus', '1998-01-01');
INSERT INTO releases (album_id, description, year) VALUES (238, 'Standard CD', '1998-01-01');
INSERT INTO tracks (artist_id, album_id, release_id, number, title, length) VALUES (80, 238, 238, 2, 'Tulku 7 (Alternate mix)', '0:3:13');
INSERT INTO tracks (artist_id, album_id, release_id, number, title, length) VALUES (80, 238, 238, 3, 'Tulku 1', '0:3:7');
INSERT INTO tracks (artist_id, album_id, release_id, number, title, length) VALUES (80, 238, 238, 4, 'Tulku 4', '0:3:5');
INSERT INTO tracks (artist_id, album_id, release_id, number, title, length) VALUES (80, 238, 238, 5, 'Tulku 2', '0:2:58');
INSERT INTO tracks (artist_id, album_id, release_id, number, title, length) VALUES (80, 238, 238, 6, 'Tulku 9', '0:3:4');
INSERT INTO tracks (artist_id, album_id, release_id, number, title, length) VALUES (80, 238, 238, 7, 'Tulku 10', '0:2:55');
INSERT INTO tracks (artist_id, album_id, release_id, number, title, length) VALUES (80, 238, 238, 8, 'Tulku 6', '0:3:8');
INSERT INTO tracks (artist_id, album_id, release_id, number, title, length) VALUES (80, 238, 238, 9, 'Tulku 5', '0:3:9');
INSERT INTO tracks (artist_id, album_id, release_id, number, title, length) VALUES (80, 238, 238, 10, 'Tulku 8', '0:3:7');
INSERT INTO tracks (artist_id, album_id, release_id, number, title, length) VALUES (80, 238, 238, 11, 'Tulku 3', '0:2:52');
INSERT INTO tracks (artist_id, album_id, release_id, number, title, length) VALUES (80, 238, 238, 12, 'Industrial', '0:1:23');
INSERT INTO albums (artist_id, title, year) VALUES (80, 'Heretic II Soundtrack', '1998-01-01');
INSERT INTO releases (album_id, description, year) VALUES (239, 'Standard CD', '1998-01-01');
INSERT INTO tracks (artist_id, album_id, release_id, number, title, length) VALUES (80, 239, 239, 2, 'Silverspring', '0:2:57');
INSERT INTO tracks (artist_id, album_id, release_id, number, title, length) VALUES (80, 239, 239, 3, 'The Palace', '0:3:6');
INSERT INTO tracks (artist_id, album_id, release_id, number, title, length) VALUES (80, 239, 239, 4, 'Darkmire', '0:3:34');
INSERT INTO tracks (artist_id, album_id, release_id, number, title, length) VALUES (80, 239, 239, 5, 'Andoria', '0:3:2');
INSERT INTO tracks (artist_id, album_id, release_id, number, title, length) VALUES (80, 239, 239, 6, 'Andoria Slums', '0:3:2');
INSERT INTO tracks (artist_id, album_id, release_id, number, title, length) VALUES (80, 239, 239, 7, 'Kell Caves', '0:3:11');
INSERT INTO tracks (artist_id, album_id, release_id, number, title, length) VALUES (80, 239, 239, 8, 'The Grand Canyon', '0:3:1');
INSERT INTO tracks (artist_id, album_id, release_id, number, title, length) VALUES (80, 239, 239, 9, 'K''Chekrik Hive', '0:2:59');
INSERT INTO tracks (artist_id, album_id, release_id, number, title, length) VALUES (80, 239, 239, 10, 'Lair Of The Mothers', '0:2:57');
INSERT INTO tracks (artist_id, album_id, release_id, number, title, length) VALUES (80, 239, 239, 11, 'Ogle Mines', '0:3:8');
INSERT INTO tracks (artist_id, album_id, release_id, number, title, length) VALUES (80, 239, 239, 12, 'Cloud Fortress Entrance', '0:3:1');
INSERT INTO tracks (artist_id, album_id, release_id, number, title, length) VALUES (80, 239, 239, 13, 'Cloud Fortress Labs', '0:3:3');
INSERT INTO tracks (artist_id, album_id, release_id, number, title, length) VALUES (80, 239, 239, 14, 'Morcalavin''s Inner Sanctum', '0:2:10');
INSERT INTO albums (artist_id, title, year) VALUES (80, 'Hexen II Soundtrack', '1997-01-01');
INSERT INTO releases (album_id, description, year) VALUES (240, 'Standard CD', '1997-01-01');
INSERT INTO tracks (artist_id, album_id, release_id, number, title, length) VALUES (80, 240, 240, 2, 'Casa 1', '0:3:6');
INSERT INTO tracks (artist_id, album_id, release_id, number, title, length) VALUES (80, 240, 240, 3, 'Casa 2', '0:3:6');
INSERT INTO tracks (artist_id, album_id, release_id, number, title, length) VALUES (80, 240, 240, 4, 'Casa 3', '0:3:5');
INSERT INTO tracks (artist_id, album_id, release_id, number, title, length) VALUES (80, 240, 240, 5, 'Casa 4', '0:3:7');
INSERT INTO tracks (artist_id, album_id, release_id, number, title, length) VALUES (80, 240, 240, 6, 'Egyp 1', '0:3:0');
INSERT INTO tracks (artist_id, album_id, release_id, number, title, length) VALUES (80, 240, 240, 7, 'Egyp 2', '0:3:14');
INSERT INTO tracks (artist_id, album_id, release_id, number, title, length) VALUES (80, 240, 240, 8, 'Egyp 3', '0:3:6');
INSERT INTO tracks (artist_id, album_id, release_id, number, title, length) VALUES (80, 240, 240, 9, 'Meso 1', '0:3:3');
INSERT INTO tracks (artist_id, album_id, release_id, number, title, length) VALUES (80, 240, 240, 10, 'Meso 2', '0:3:13');
INSERT INTO tracks (artist_id, album_id, release_id, number, title, length) VALUES (80, 240, 240, 11, 'Meso 3', '0:3:6');
INSERT INTO tracks (artist_id, album_id, release_id, number, title, length) VALUES (80, 240, 240, 12, 'Roma 1', '0:3:11');
INSERT INTO tracks (artist_id, album_id, release_id, number, title, length) VALUES (80, 240, 240, 13, 'Roma 2', '0:3:18');
INSERT INTO tracks (artist_id, album_id, release_id, number, title, length) VALUES (80, 240, 240, 14, 'Roma 3', '0:3:6');
INSERT INTO tracks (artist_id, album_id, release_id, number, title, length) VALUES (80, 240, 240, 15, 'Casb 1', '0:3:6');
INSERT INTO tracks (artist_id, album_id, release_id, number, title, length) VALUES (80, 240, 240, 16, 'Casb 2', '0:2:57');
INSERT INTO tracks (artist_id, album_id, release_id, number, title, length) VALUES (80, 240, 240, 17, 'Casb 3', '0:3:4');
INSERT INTO artists (name) VALUES ('Meat Beat Manifesto');
INSERT INTO albums (artist_id, title, year) VALUES (81, 'Original Fire', '1997-01-01');
INSERT INTO releases (album_id, description, year) VALUES (241, 'Standard CD', '1997-01-01');
INSERT INTO tracks (artist_id, album_id, release_id, number, title, length) VALUES (81, 241, 241, 1, 'Helter Skelter ''97', '0:6:49');
INSERT INTO tracks (artist_id, album_id, release_id, number, title, length) VALUES (81, 241, 241, 2, 'It''s The Music', '0:6:39');
INSERT INTO tracks (artist_id, album_id, release_id, number, title, length) VALUES (81, 241, 241, 3, 'I Am Electro', '0:5:24');
INSERT INTO tracks (artist_id, album_id, release_id, number, title, length) VALUES (81, 241, 241, 4, 'I Am Organic', '0:3:36');
INSERT INTO tracks (artist_id, album_id, release_id, number, title, length) VALUES (81, 241, 241, 5, 'Radio Babylon', '0:6:22');
INSERT INTO tracks (artist_id, album_id, release_id, number, title, length) VALUES (81, 241, 241, 6, 'I Got The Fear (Part 5)', '0:6:58');
INSERT INTO tracks (artist_id, album_id, release_id, number, title, length) VALUES (81, 241, 241, 7, 'Asbestos Lead Asbestos [Toxic Mix]', '0:7:32');
INSERT INTO tracks (artist_id, album_id, release_id, number, title, length) VALUES (81, 241, 241, 8, 'It''s The Music [Mix 2000]', '0:4:58');
INSERT INTO tracks (artist_id, album_id, release_id, number, title, length) VALUES (81, 241, 241, 9, 'Radio Babylon [Luke Vibert Mix]', '0:5:8');
INSERT INTO tracks (artist_id, album_id, release_id, number, title, length) VALUES (81, 241, 241, 10, 'Radio Babylon [Beach Blanket Mimbo Land - The Orb]', '0:13:18');
INSERT INTO artists (name) VALUES ('Gravity Kills');
INSERT INTO albums (artist_id, title, year) VALUES (82, 'Manipulated', '1997-01-01');
INSERT INTO releases (album_id, description, year) VALUES (242, 'Standard CD', '1997-01-01');
INSERT INTO tracks (artist_id, album_id, release_id, number, title, length) VALUES (82, 242, 242, 1, 'Here (The Hell Everyone Misses Remix)', '0:3:53');
INSERT INTO tracks (artist_id, album_id, release_id, number, title, length) VALUES (82, 242, 242, 2, 'Here (Mark Saunders Remix)', '0:4:12');
INSERT INTO tracks (artist_id, album_id, release_id, number, title, length) VALUES (82, 242, 242, 3, 'Enough (Al Jourgensen Remix)', '0:7:5');
INSERT INTO tracks (artist_id, album_id, release_id, number, title, length) VALUES (82, 242, 242, 4, 'Enough (Critter''s Carnal Remix)', '0:4:25');
INSERT INTO tracks (artist_id, album_id, release_id, number, title, length) VALUES (82, 242, 242, 5, 'Here (Done Brothers Remix)', '0:5:5');
INSERT INTO tracks (artist_id, album_id, release_id, number, title, length) VALUES (82, 242, 242, 6, 'Blame (Phentinol Warzone Pharmaceuticals Remix)', '0:4:36');
INSERT INTO tracks (artist_id, album_id, release_id, number, title, length) VALUES (82, 242, 242, 7, 'Down (Praga Khan Jungle Remix)', '0:4:24');
INSERT INTO tracks (artist_id, album_id, release_id, number, title, length) VALUES (82, 242, 242, 8, 'Down (Lords Of Acid Power Remix)', '0:4:29');
INSERT INTO tracks (artist_id, album_id, release_id, number, title, length) VALUES (82, 242, 242, 9, 'Enough (Martin Atkins White Light Remix)', '0:5:58');
INSERT INTO tracks (artist_id, album_id, release_id, number, title, length) VALUES (82, 242, 242, 10, 'Enough (Extrinsic Remix)', '0:7:0');
INSERT INTO tracks (artist_id, album_id, release_id, number, title, length) VALUES (82, 242, 242, 11, 'Enough (P M Dawn Expanse Remix)', '0:4:45');
INSERT INTO tracks (artist_id, album_id, release_id, number, title, length) VALUES (82, 242, 242, 12, 'Guilty (Juno Reactor Remix)', '0:6:19');
INSERT INTO tracks (artist_id, album_id, release_id, number, title, length) VALUES (82, 242, 242, 13, 'Guilty (Roli Mosimann Remix)', '0:6:17');
INSERT INTO albums (artist_id, title, year) VALUES (82, 'Guilty', '1996-01-01');
INSERT INTO releases (album_id, description, year) VALUES (243, 'Standard CD', '1996-01-01');
INSERT INTO tracks (artist_id, album_id, release_id, number, title, length) VALUES (82, 243, 243, 1, 'Guilty (Juno Reactor Remix)', '0:6:20');
INSERT INTO tracks (artist_id, album_id, release_id, number, title, length) VALUES (82, 243, 243, 2, 'Guilty (Roli Mosimann Remix)', '0:6:19');
INSERT INTO tracks (artist_id, album_id, release_id, number, title, length) VALUES (82, 243, 243, 3, 'Guilty (Youth''s Blood Orchid Sky Remix)', '0:6:55');
INSERT INTO tracks (artist_id, album_id, release_id, number, title, length) VALUES (82, 243, 243, 4, 'Guilty (Album Version)', '0:4:4');
INSERT INTO tracks (artist_id, album_id, release_id, number, title, length) VALUES (82, 243, 243, 5, 'Guilty (Youth''s Art As Prostitution Remix)', '0:6:26');
INSERT INTO tracks (artist_id, album_id, release_id, number, title, length) VALUES (82, 243, 243, 6, 'Goodbye (Tomandandy Remix)', '0:5:7');
INSERT INTO tracks (artist_id, album_id, release_id, number, title, length) VALUES (82, 243, 243, 7, 'Goodbye (Demo Version)', '0:3:11');
INSERT INTO tracks (artist_id, album_id, release_id, number, title, length) VALUES (82, 243, 243, 8, 'Guilty (Roli Mossiman Instrumental)', '0:6:20');
INSERT INTO tracks (artist_id, album_id, release_id, number, title, length) VALUES (82, 243, 243, 9, 'Guilty (Juno Reactor Instrumental)', '0:5:51');
INSERT INTO tracks (artist_id, album_id, release_id, number, title, length) VALUES (82, 243, 243, 10, 'Guilty (Nothing Remix)', '0:5:3');
INSERT INTO tracks (artist_id, album_id, release_id, number, title, length) VALUES (82, 243, 243, 11, 'Guilty (Lo-Fi Remix)', '0:3:57');
INSERT INTO artists (name) VALUES ('Synaesthesia');
INSERT INTO albums (artist_id, title, year) VALUES (83, 'The Collection', '2001-01-01');
INSERT INTO releases (album_id, description, year) VALUES (244, 'Standard CD', '2001-01-01');
INSERT INTO tracks (artist_id, album_id, release_id, number, title, length) VALUES (83, 244, 244, 1, 'Ambience 1', '0:3:8');
INSERT INTO tracks (artist_id, album_id, release_id, number, title, length) VALUES (83, 244, 244, 2, 'Consciousness', '0:6:58');
INSERT INTO tracks (artist_id, album_id, release_id, number, title, length) VALUES (83, 244, 244, 3, 'DNA Barcode', '0:8:7');
INSERT INTO tracks (artist_id, album_id, release_id, number, title, length) VALUES (83, 244, 244, 4, 'Surface System', '0:5:20');
INSERT INTO tracks (artist_id, album_id, release_id, number, title, length) VALUES (83, 244, 244, 5, 'Dark Core', '0:5:14');
INSERT INTO tracks (artist_id, album_id, release_id, number, title, length) VALUES (83, 244, 244, 6, 'Subversion', '0:7:53');
INSERT INTO tracks (artist_id, album_id, release_id, number, title, length) VALUES (83, 244, 244, 7, 'Lumia', '0:6:19');
INSERT INTO tracks (artist_id, album_id, release_id, number, title, length) VALUES (83, 244, 244, 8, 'Hallucination', '0:5:27');
INSERT INTO tracks (artist_id, album_id, release_id, number, title, length) VALUES (83, 244, 244, 9, 'Mosiac', '0:5:11');
INSERT INTO tracks (artist_id, album_id, release_id, number, title, length) VALUES (83, 244, 244, 10, 'Ambience 2', '0:4:3');
INSERT INTO tracks (artist_id, album_id, release_id, number, title, length) VALUES (83, 244, 244, 1, 'Ambience 3', '0:3:27');
INSERT INTO tracks (artist_id, album_id, release_id, number, title, length) VALUES (83, 244, 244, 2, 'Natural Forces', '0:7:9');
INSERT INTO tracks (artist_id, album_id, release_id, number, title, length) VALUES (83, 244, 244, 3, 'New Horizions', '0:7:43');
INSERT INTO tracks (artist_id, album_id, release_id, number, title, length) VALUES (83, 244, 244, 4, 'Hemisphere', '0:6:52');
INSERT INTO tracks (artist_id, album_id, release_id, number, title, length) VALUES (83, 244, 244, 5, 'Nomads', '0:7:49');
INSERT INTO tracks (artist_id, album_id, release_id, number, title, length) VALUES (83, 244, 244, 6, 'Wasteland', '0:8:1');
INSERT INTO tracks (artist_id, album_id, release_id, number, title, length) VALUES (83, 244, 244, 7, 'Intelligence Dream', '0:6:7');
INSERT INTO tracks (artist_id, album_id, release_id, number, title, length) VALUES (83, 244, 244, 8, 'Entropy', '0:6:14');
INSERT INTO tracks (artist_id, album_id, release_id, number, title, length) VALUES (83, 244, 244, 9, 'Naked Sun', '0:6:7');
INSERT INTO artists (name) VALUES ('Conjure One');
INSERT INTO albums (artist_id, title, year) VALUES (84, 'Conjure One', '2002-01-01');
INSERT INTO releases (album_id, description, year) VALUES (245, 'Standard CD', '2002-01-01');
INSERT INTO tracks (artist_id, album_id, release_id, number, title, length) VALUES (84, 245, 245, 1, 'Damascus', '0:2:2');
INSERT INTO tracks (artist_id, album_id, release_id, number, title, length) VALUES (84, 245, 245, 2, 'Centre Of The Sun', '0:5:0');
INSERT INTO tracks (artist_id, album_id, release_id, number, title, length) VALUES (84, 245, 245, 3, 'Tears From The Moon', '0:4:17');
INSERT INTO tracks (artist_id, album_id, release_id, number, title, length) VALUES (84, 245, 245, 4, 'Tidal Pool', '0:6:50');
INSERT INTO tracks (artist_id, album_id, release_id, number, title, length) VALUES (84, 245, 245, 5, 'Manic Star', '0:5:23');
INSERT INTO tracks (artist_id, album_id, release_id, number, title, length) VALUES (84, 245, 245, 6, 'Redemption', '0:6:59');
INSERT INTO tracks (artist_id, album_id, release_id, number, title, length) VALUES (84, 245, 245, 7, 'Years', '0:6:21');
INSERT INTO tracks (artist_id, album_id, release_id, number, title, length) VALUES (84, 245, 245, 8, 'Make A Wish', '0:4:32');
INSERT INTO tracks (artist_id, album_id, release_id, number, title, length) VALUES (84, 245, 245, 9, 'Pandora', '0:5:2');
INSERT INTO tracks (artist_id, album_id, release_id, number, title, length) VALUES (84, 245, 245, 10, 'Sleep', '0:5:0');
INSERT INTO tracks (artist_id, album_id, release_id, number, title, length) VALUES (84, 245, 245, 11, 'Premonition (Reprise)', '0:3:5');
INSERT INTO tracks (artist_id, album_id, release_id, number, title, length) VALUES (84, 245, 245, 1, 'Tears from the Moon (Hybrid''s ''Twisted on the Terrace'' Mix)', '0:9:53');
INSERT INTO tracks (artist_id, album_id, release_id, number, title, length) VALUES (84, 245, 245, 2, 'Redemption (Max Graham''s Dead Sea Mix)', '0:11:15');
INSERT INTO tracks (artist_id, album_id, release_id, number, title, length) VALUES (84, 245, 245, 3, 'Sleep (Ian Van Dahl Mix)', '0:6:53');
INSERT INTO tracks (artist_id, album_id, release_id, number, title, length) VALUES (84, 245, 245, 4, 'Tears from the Moon (Robbie Rivera Mix)', '0:8:44');
INSERT INTO albums (artist_id, title, year) VALUES (84, 'Extraordinary Ways', '2005-01-01');
INSERT INTO releases (album_id, description, year) VALUES (246, 'Standard CD', '2005-01-01');
INSERT INTO tracks (artist_id, album_id, release_id, number, title, length) VALUES (84, 246, 246, 1, 'Endless Dream', '0:4:30');
INSERT INTO tracks (artist_id, album_id, release_id, number, title, length) VALUES (84, 246, 246, 2, 'Face The Music', '0:4:35');
INSERT INTO tracks (artist_id, album_id, release_id, number, title, length) VALUES (84, 246, 246, 3, 'Pilgrimage', '0:6:48');
INSERT INTO tracks (artist_id, album_id, release_id, number, title, length) VALUES (84, 246, 246, 4, 'One Word', '0:4:40');
INSERT INTO tracks (artist_id, album_id, release_id, number, title, length) VALUES (84, 246, 246, 5, 'I Believe', '0:6:7');
INSERT INTO tracks (artist_id, album_id, release_id, number, title, length) VALUES (84, 246, 246, 6, 'Beyond Being', '0:7:7');
INSERT INTO tracks (artist_id, album_id, release_id, number, title, length) VALUES (84, 246, 246, 7, 'Extraordinary Way', '0:4:40');
INSERT INTO tracks (artist_id, album_id, release_id, number, title, length) VALUES (84, 246, 246, 8, 'Dying Light', '0:6:45');
INSERT INTO tracks (artist_id, album_id, release_id, number, title, length) VALUES (84, 246, 246, 9, 'Forever Lost', '0:4:46');
INSERT INTO tracks (artist_id, album_id, release_id, number, title, length) VALUES (84, 246, 246, 10, 'Into the Escape', '0:4:15');
INSERT INTO artists (name) VALUES ('Rancid');
INSERT INTO albums (artist_id, title, year) VALUES (85, '...And Out Come the Wolves', '1995-01-01');
INSERT INTO releases (album_id, description, year) VALUES (247, 'Standard CD', '1995-01-01');
INSERT INTO tracks (artist_id, album_id, release_id, number, title, length) VALUES (85, 247, 247, 17, 'As Wicked', '0:2:40');
INSERT INTO tracks (artist_id, album_id, release_id, number, title, length) VALUES (85, 247, 247, 12, 'She''s Automatic', '0:1:35');
INSERT INTO tracks (artist_id, album_id, release_id, number, title, length) VALUES (85, 247, 247, 7, 'Junkie Man', '0:3:4');
INSERT INTO tracks (artist_id, album_id, release_id, number, title, length) VALUES (85, 247, 247, 4, 'Time Bomb', '0:2:24');
INSERT INTO tracks (artist_id, album_id, release_id, number, title, length) VALUES (85, 247, 247, 13, 'Old Friend', '0:2:53');
INSERT INTO tracks (artist_id, album_id, release_id, number, title, length) VALUES (85, 247, 247, 5, 'Olympia WA.', '0:3:30');
INSERT INTO tracks (artist_id, album_id, release_id, number, title, length) VALUES (85, 247, 247, 15, 'The Wars End', '0:1:53');
INSERT INTO tracks (artist_id, album_id, release_id, number, title, length) VALUES (85, 247, 247, 9, 'Ruby Soho', '0:2:37');
INSERT INTO tracks (artist_id, album_id, release_id, number, title, length) VALUES (85, 247, 247, 14, 'Disorder And Disarray', '0:2:49');
INSERT INTO tracks (artist_id, album_id, release_id, number, title, length) VALUES (85, 247, 247, 18, 'Avenues & Alleyways', '0:3:11');
INSERT INTO tracks (artist_id, album_id, release_id, number, title, length) VALUES (85, 247, 247, 3, 'Roots Radicals', '0:2:47');
INSERT INTO tracks (artist_id, album_id, release_id, number, title, length) VALUES (85, 247, 247, 11, 'Journey To The End Of The East Bay', '0:3:11');
INSERT INTO tracks (artist_id, album_id, release_id, number, title, length) VALUES (85, 247, 247, 10, 'Daly City Train', '0:3:21');
INSERT INTO tracks (artist_id, album_id, release_id, number, title, length) VALUES (85, 247, 247, 8, 'Listed M.I.A.', '0:2:22');
INSERT INTO tracks (artist_id, album_id, release_id, number, title, length) VALUES (85, 247, 247, 6, 'Lock, Step & Gone', '0:2:25');
INSERT INTO tracks (artist_id, album_id, release_id, number, title, length) VALUES (85, 247, 247, 16, 'You Don''t Care Nothin''', '0:2:28');
INSERT INTO tracks (artist_id, album_id, release_id, number, title, length) VALUES (85, 247, 247, 1, 'Maxwell Murder', '0:1:25');
INSERT INTO tracks (artist_id, album_id, release_id, number, title, length) VALUES (85, 247, 247, 19, 'The Way I Feel', '0:2:34');
INSERT INTO tracks (artist_id, album_id, release_id, number, title, length) VALUES (85, 247, 247, 2, 'The 11th Hour', '0:2:27');
INSERT INTO artists (name) VALUES ('Potluck');
INSERT INTO albums (artist_id, title, year) VALUES (86, 'Rhymes and Resin', '2011-01-01');
INSERT INTO releases (album_id, description, year) VALUES (248, 'Standard CD', '2011-01-01');
INSERT INTO tracks (artist_id, album_id, release_id, number, title, length) VALUES (86, 248, 248, 1, 'Wake-N-Bake', '0:1:51');
INSERT INTO tracks (artist_id, album_id, release_id, number, title, length) VALUES (86, 248, 248, 2, 'Born To Be A Mic King (feat. Glasses Malone)', '0:4:17');
INSERT INTO tracks (artist_id, album_id, release_id, number, title, length) VALUES (86, 248, 248, 3, 'Bump In Ya Ride', '0:2:59');
INSERT INTO tracks (artist_id, album_id, release_id, number, title, length) VALUES (86, 248, 248, 4, 'Light That Sh*t Up (feat. King Gordy)', '0:3:27');
INSERT INTO tracks (artist_id, album_id, release_id, number, title, length) VALUES (86, 248, 248, 5, 'I Am T Pain (insert)', '0:1:9');
INSERT INTO tracks (artist_id, album_id, release_id, number, title, length) VALUES (86, 248, 248, 6, 'My Movie', '0:4:20');
INSERT INTO tracks (artist_id, album_id, release_id, number, title, length) VALUES (86, 248, 248, 7, 'Pick Up Lines', '0:4:28');
INSERT INTO tracks (artist_id, album_id, release_id, number, title, length) VALUES (86, 248, 248, 8, 'Forbidden Love', '0:3:37');
INSERT INTO tracks (artist_id, album_id, release_id, number, title, length) VALUES (86, 248, 248, 9, 'Underdog', '0:3:53');
INSERT INTO tracks (artist_id, album_id, release_id, number, title, length) VALUES (86, 248, 248, 10, 'Gonna Be Alright', '0:3:48');
INSERT INTO tracks (artist_id, album_id, release_id, number, title, length) VALUES (86, 248, 248, 11, 'Joe Brown: The Life Coach (insert)', '0:1:27');
INSERT INTO tracks (artist_id, album_id, release_id, number, title, length) VALUES (86, 248, 248, 12, 'Last Call 4 Alcohol (feat. Bosko)', '0:3:47');
INSERT INTO tracks (artist_id, album_id, release_id, number, title, length) VALUES (86, 248, 248, 13, 'Strains', '0:2:32');
INSERT INTO tracks (artist_id, album_id, release_id, number, title, length) VALUES (86, 248, 248, 14, 'Smoke Session', '0:4:3');
INSERT INTO tracks (artist_id, album_id, release_id, number, title, length) VALUES (86, 248, 248, 15, '3 Minute Miracle', '0:3:44');
INSERT INTO tracks (artist_id, album_id, release_id, number, title, length) VALUES (86, 248, 248, 16, 'Hands Up (feat. Murs and Mr. FAB)', '0:4:1');
INSERT INTO tracks (artist_id, album_id, release_id, number, title, length) VALUES (86, 248, 248, 17, 'Microphone Killa (feat. Ill Bill and Slaine of La Coka Nostra)', '0:5:23');
INSERT INTO tracks (artist_id, album_id, release_id, number, title, length) VALUES (86, 248, 248, 18, 'Runaway 2 Getaway', '0:4:45');
INSERT INTO tracks (artist_id, album_id, release_id, number, title, length) VALUES (86, 248, 248, 19, 'I''m Different', '0:4:6');
INSERT INTO tracks (artist_id, album_id, release_id, number, title, length) VALUES (86, 248, 248, 20, 'Show The World', '0:3:54');
INSERT INTO artists (name) VALUES ('1000 Homo DJs');
INSERT INTO albums (artist_id, title, year) VALUES (87, 'Supernaut', '1990-01-01');
INSERT INTO releases (album_id, description, year) VALUES (249, 'Standard CD', '1990-01-01');
INSERT INTO tracks (artist_id, album_id, release_id, number, title, length) VALUES (87, 249, 249, 1, 'Supernaut', '0:6:42');
INSERT INTO tracks (artist_id, album_id, release_id, number, title, length) VALUES (87, 249, 249, 2, 'Hey Asshole', '0:8:9');
INSERT INTO tracks (artist_id, album_id, release_id, number, title, length) VALUES (87, 249, 249, 3, 'Apathy', '0:4:36');
INSERT INTO tracks (artist_id, album_id, release_id, number, title, length) VALUES (87, 249, 249, 4, 'Better Ways', '0:5:23');
INSERT INTO artists (name) VALUES ('Das Ich');
INSERT INTO albums (artist_id, title, year) VALUES (88, 'Re_Kapitulation 89-99', '2000-01-01');
INSERT INTO releases (album_id, description, year) VALUES (250, 'Standard CD', '2000-01-01');
INSERT INTO tracks (artist_id, album_id, release_id, number, title, length) VALUES (88, 250, 250, 1, 'Gott Ist Tot', '0:5:39');
INSERT INTO tracks (artist_id, album_id, release_id, number, title, length) VALUES (88, 250, 250, 2, 'Destillat', '0:4:5');
INSERT INTO tracks (artist_id, album_id, release_id, number, title, length) VALUES (88, 250, 250, 3, 'Von Der Armut', '0:4:57');
INSERT INTO tracks (artist_id, album_id, release_id, number, title, length) VALUES (88, 250, 250, 4, 'Der Schrei', '0:5:21');
INSERT INTO tracks (artist_id, album_id, release_id, number, title, length) VALUES (88, 250, 250, 5, 'Kain und Abel', '0:5:33');
INSERT INTO tracks (artist_id, album_id, release_id, number, title, length) VALUES (88, 250, 250, 6, 'Unschuld Erde', '0:6:7');
INSERT INTO tracks (artist_id, album_id, release_id, number, title, length) VALUES (88, 250, 250, 7, 'Erde Ruft', '0:3:59');
INSERT INTO tracks (artist_id, album_id, release_id, number, title, length) VALUES (88, 250, 250, 8, 'Die Propheten', '0:7:19');
INSERT INTO tracks (artist_id, album_id, release_id, number, title, length) VALUES (88, 250, 250, 9, 'Schwanenschrei', '0:6:2');
INSERT INTO tracks (artist_id, album_id, release_id, number, title, length) VALUES (88, 250, 250, 10, 'Bin Ich Es Denn', '0:5:21');
INSERT INTO tracks (artist_id, album_id, release_id, number, title, length) VALUES (88, 250, 250, 11, 'Kindgott', '0:4:19');
INSERT INTO tracks (artist_id, album_id, release_id, number, title, length) VALUES (88, 250, 250, 12, 'Re_animat', '0:4:22');
INSERT INTO artists (name) VALUES ('HAL');
INSERT INTO albums (artist_id, title, year) VALUES (89, 'Extremis', '1997-01-01');
INSERT INTO releases (album_id, description, year) VALUES (251, 'Standard CD', '1997-01-01');
INSERT INTO tracks (artist_id, album_id, release_id, number, title, length) VALUES (89, 251, 251, 1, 'Extremis', '0:4:10');
INSERT INTO tracks (artist_id, album_id, release_id, number, title, length) VALUES (89, 251, 251, 2, 'Extremis (Qattara remix edit)', '0:4:3');
INSERT INTO tracks (artist_id, album_id, release_id, number, title, length) VALUES (89, 251, 251, 3, 'Extremis (Download mix)', '0:4:31');
INSERT INTO tracks (artist_id, album_id, release_id, number, title, length) VALUES (89, 251, 251, 4, 'Extremis (Qattara remix)', '0:8:27');
INSERT INTO artists (name) VALUES ('Juno Reactor');
INSERT INTO albums (artist_id, title, year) VALUES (90, 'Masters Of The Universe', '2001-01-01');
INSERT INTO releases (album_id, description, year) VALUES (252, 'Standard CD', '2001-01-01');
INSERT INTO tracks (artist_id, album_id, release_id, number, title, length) VALUES (90, 252, 252, 1, 'Masters Of The Universe [Edit]', '0:4:5');
INSERT INTO tracks (artist_id, album_id, release_id, number, title, length) VALUES (90, 252, 252, 2, 'Masters Of The Universe [Eternal Basement Remix]', '0:7:40');
INSERT INTO tracks (artist_id, album_id, release_id, number, title, length) VALUES (90, 252, 252, 3, 'Masters Of The Universe [Neon Remix]', '0:6:19');
INSERT INTO tracks (artist_id, album_id, release_id, number, title, length) VALUES (90, 252, 252, 4, 'Masters Of The Universe (Eternal Basement) [12 Mix]', '0:8:22');
INSERT INTO tracks (artist_id, album_id, release_id, number, title, length) VALUES (90, 252, 252, 5, 'Masters Of The Universe [Front 242 Pure Remix]', '0:4:58');
INSERT INTO artists (name) VALUES ('Implant');
INSERT INTO albums (artist_id, title, year) VALUES (91, 'Kmputor', '2000-01-01');
INSERT INTO releases (album_id, description, year) VALUES (253, 'Standard CD', '2000-01-01');
INSERT INTO tracks (artist_id, album_id, release_id, number, title, length) VALUES (91, 253, 253, 1, 'You Are What You Hear', '0:4:2');
INSERT INTO tracks (artist_id, album_id, release_id, number, title, length) VALUES (91, 253, 253, 2, 'Exodus', '0:6:17');
INSERT INTO tracks (artist_id, album_id, release_id, number, title, length) VALUES (91, 253, 253, 3, 'Nine', '0:5:12');
INSERT INTO tracks (artist_id, album_id, release_id, number, title, length) VALUES (91, 253, 253, 4, 'Digital Junky', '0:5:25');
INSERT INTO tracks (artist_id, album_id, release_id, number, title, length) VALUES (91, 253, 253, 5, 'Impact', '0:5:20');
INSERT INTO tracks (artist_id, album_id, release_id, number, title, length) VALUES (91, 253, 253, 6, 'J++', '0:5:10');
INSERT INTO tracks (artist_id, album_id, release_id, number, title, length) VALUES (91, 253, 253, 7, 'Flipped Out', '0:4:1');
INSERT INTO tracks (artist_id, album_id, release_id, number, title, length) VALUES (91, 253, 253, 8, 'Cat-Woman', '0:4:59');
INSERT INTO tracks (artist_id, album_id, release_id, number, title, length) VALUES (91, 253, 253, 9, 'Guiding', '0:5:18');
INSERT INTO tracks (artist_id, album_id, release_id, number, title, length) VALUES (91, 253, 253, 10, 'Life Support System', '0:5:15');
INSERT INTO tracks (artist_id, album_id, release_id, number, title, length) VALUES (91, 253, 253, 11, 'Untitled', '0:1:0');
INSERT INTO tracks (artist_id, album_id, release_id, number, title, length) VALUES (91, 253, 253, 12, 'Exodus (Dream Stealer Remix)', '0:6:13');
INSERT INTO tracks (artist_id, album_id, release_id, number, title, length) VALUES (91, 253, 253, 13, 'Digital Junky (Techno Junky Remix)', '0:3:58');
INSERT INTO tracks (artist_id, album_id, release_id, number, title, length) VALUES (91, 253, 253, 14, 'Digital Junky (200% Fat & Way Too Much Cholesterol Remix)', '0:6:23');
INSERT INTO artists (name) VALUES ('Numb');
INSERT INTO albums (artist_id, title, year) VALUES (92, 'Wasted Sky', '1994-01-01');
INSERT INTO releases (album_id, description, year) VALUES (254, 'Standard CD', '1994-01-01');
INSERT INTO tracks (artist_id, album_id, release_id, number, title, length) VALUES (92, 254, 254, 1, 'Wasted Sky', '0:5:12');
INSERT INTO tracks (artist_id, album_id, release_id, number, title, length) VALUES (92, 254, 254, 2, 'Blood', '0:7:14');
INSERT INTO tracks (artist_id, album_id, release_id, number, title, length) VALUES (92, 254, 254, 3, 'Driven', '0:4:57');
INSERT INTO tracks (artist_id, album_id, release_id, number, title, length) VALUES (92, 254, 254, 4, 'Keyak', '0:4:21');
INSERT INTO tracks (artist_id, album_id, release_id, number, title, length) VALUES (92, 254, 254, 5, 'Ophelia', '0:5:36');
INSERT INTO tracks (artist_id, album_id, release_id, number, title, length) VALUES (92, 254, 254, 6, 'Ratblast', '0:5:3');
INSERT INTO tracks (artist_id, album_id, release_id, number, title, length) VALUES (92, 254, 254, 7, 'Smile', '0:6:1');
INSERT INTO tracks (artist_id, album_id, release_id, number, title, length) VALUES (92, 254, 254, 8, 'Effigy', '0:6:22');
INSERT INTO tracks (artist_id, album_id, release_id, number, title, length) VALUES (92, 254, 254, 9, 'Seven Types Of Ambiguity', '0:7:18');
INSERT INTO artists (name) VALUES ('Project Pitchfork');
INSERT INTO albums (artist_id, title, year) VALUES (93, 'CH''I', '1995-01-01');
INSERT INTO releases (album_id, description, year) VALUES (255, 'Standard CD', '1995-01-01');
INSERT INTO tracks (artist_id, album_id, release_id, number, title, length) VALUES (93, 255, 255, 2, 'Endzeit (Bubble Mix)', '0:5:41');
INSERT INTO tracks (artist_id, album_id, release_id, number, title, length) VALUES (93, 255, 255, 3, 'The Liar', '0:5:39');
INSERT INTO tracks (artist_id, album_id, release_id, number, title, length) VALUES (93, 255, 255, 4, 'Requiem (Water Mix)', '0:5:53');
INSERT INTO tracks (artist_id, album_id, release_id, number, title, length) VALUES (93, 255, 255, 5, 'Revolution Now (Daiva Mix)', '0:5:28');
INSERT INTO tracks (artist_id, album_id, release_id, number, title, length) VALUES (93, 255, 255, 6, 'Lengé', '0:4:34');
INSERT INTO tracks (artist_id, album_id, release_id, number, title, length) VALUES (93, 255, 255, 7, 'Endzeit (Nev Mix)', '0:5:11');
INSERT INTO tracks (artist_id, album_id, release_id, number, title, length) VALUES (93, 255, 255, 1, 'Alpha/Omega (Tank Mix)', '0:4:32');
INSERT INTO albums (artist_id, title, year) VALUES (93, 'Daimonion', '2001-01-01');
INSERT INTO releases (album_id, description, year) VALUES (256, 'Standard CD', '2001-01-01');
INSERT INTO tracks (artist_id, album_id, release_id, number, title, length) VALUES (93, 256, 256, 1, 'Daimonion', '0:4:55');
INSERT INTO tracks (artist_id, album_id, release_id, number, title, length) VALUES (93, 256, 256, 2, 'Timekiller', '0:4:23');
INSERT INTO tracks (artist_id, album_id, release_id, number, title, length) VALUES (93, 256, 256, 3, 'Sand-Glass', '0:4:28');
INSERT INTO tracks (artist_id, album_id, release_id, number, title, length) VALUES (93, 256, 256, 4, 'Jupiter - Or Somewhere Out There', '0:5:56');
INSERT INTO tracks (artist_id, album_id, release_id, number, title, length) VALUES (93, 256, 256, 5, 'We Are One - Mirror Split Up Into Pieces', '0:5:38');
INSERT INTO tracks (artist_id, album_id, release_id, number, title, length) VALUES (93, 256, 256, 6, 'The Clone', '0:4:18');
INSERT INTO tracks (artist_id, album_id, release_id, number, title, length) VALUES (93, 256, 256, 7, 'Fear', '0:4:23');
INSERT INTO tracks (artist_id, album_id, release_id, number, title, length) VALUES (93, 256, 256, 8, 'Drone Assembly', '0:2:14');
INSERT INTO tracks (artist_id, album_id, release_id, number, title, length) VALUES (93, 256, 256, 9, 'Drone State', '0:4:43');
INSERT INTO tracks (artist_id, album_id, release_id, number, title, length) VALUES (93, 256, 256, 10, 'Mine - Beast Of Prey', '0:5:11');
INSERT INTO tracks (artist_id, album_id, release_id, number, title, length) VALUES (93, 256, 256, 11, 'Citynight', '0:4:39');
INSERT INTO tracks (artist_id, album_id, release_id, number, title, length) VALUES (93, 256, 256, 12, 'Last Call', '0:4:39');
INSERT INTO tracks (artist_id, album_id, release_id, number, title, length) VALUES (93, 256, 256, 13, 'Existence V41', '0:4:40');
INSERT INTO tracks (artist_id, album_id, release_id, number, title, length) VALUES (93, 256, 256, 14, 'The View', '0:5:16');
INSERT INTO artists (name) VALUES ('Punto Omega');
INSERT INTO albums (artist_id, title, year) VALUES (94, 'Punto Omega', '2004-01-01');
INSERT INTO releases (album_id, description, year) VALUES (257, 'Standard CD', '2004-01-01');
INSERT INTO tracks (artist_id, album_id, release_id, number, title, length) VALUES (94, 257, 257, 1, 'Marcha Hacia el Punto Omega', '0:1:51');
INSERT INTO tracks (artist_id, album_id, release_id, number, title, length) VALUES (94, 257, 257, 2, 'Punto Omega', '0:4:46');
INSERT INTO tracks (artist_id, album_id, release_id, number, title, length) VALUES (94, 257, 257, 3, 'Guerra en los Cielos', '0:5:28');
INSERT INTO tracks (artist_id, album_id, release_id, number, title, length) VALUES (94, 257, 257, 4, 'La Caída', '0:1:16');
INSERT INTO tracks (artist_id, album_id, release_id, number, title, length) VALUES (94, 257, 257, 5, 'Mundo De Robots (feat Cenobita)', '0:5:2');
INSERT INTO tracks (artist_id, album_id, release_id, number, title, length) VALUES (94, 257, 257, 6, 'El Laberinto', '0:6:10');
INSERT INTO tracks (artist_id, album_id, release_id, number, title, length) VALUES (94, 257, 257, 7, 'La Fusión (feat Thomas Rainer)', '0:5:43');
INSERT INTO tracks (artist_id, album_id, release_id, number, title, length) VALUES (94, 257, 257, 8, 'Tempestades de Cambio', '0:6:33');
INSERT INTO tracks (artist_id, album_id, release_id, number, title, length) VALUES (94, 257, 257, 9, 'Peregrino de los Tiempos', '0:5:35');
INSERT INTO tracks (artist_id, album_id, release_id, number, title, length) VALUES (94, 257, 257, 10, 'Realidad Vitual', '0:5:57');
INSERT INTO artists (name) VALUES ('Revolting Cocks');
INSERT INTO albums (artist_id, title, year) VALUES (95, 'Beers, Steers & Queers (Remixes)', '1991-01-01');
INSERT INTO releases (album_id, description, year) VALUES (258, 'Standard CD', '1991-01-01');
INSERT INTO tracks (artist_id, album_id, release_id, number, title, length) VALUES (95, 258, 258, 1, 'Beers, Steers & Queers (Drop your Britches mix & Take ''em Right Off mix)', '0:10:7');
INSERT INTO tracks (artist_id, album_id, release_id, number, title, length) VALUES (95, 258, 258, 2, 'Stainless Steel Providers (live)', '0:6:54');
INSERT INTO tracks (artist_id, album_id, release_id, number, title, length) VALUES (95, 258, 258, 3, 'Public Image (live)', '0:4:3');
INSERT INTO artists (name) VALUES ('Stabbing Westward');
INSERT INTO albums (artist_id, title, year) VALUES (96, 'Wither Blister Burn + Peel', '1996-01-01');
INSERT INTO releases (album_id, description, year) VALUES (259, 'Standard CD', '1996-01-01');
INSERT INTO tracks (artist_id, album_id, release_id, number, title, length) VALUES (96, 259, 259, 1, 'I Don''t Believe', '0:4:21');
INSERT INTO tracks (artist_id, album_id, release_id, number, title, length) VALUES (96, 259, 259, 2, 'Shame', '0:4:54');
INSERT INTO tracks (artist_id, album_id, release_id, number, title, length) VALUES (96, 259, 259, 3, 'What Do I Have to Do', '0:4:9');
INSERT INTO tracks (artist_id, album_id, release_id, number, title, length) VALUES (96, 259, 259, 4, 'Why', '0:6:8');
INSERT INTO tracks (artist_id, album_id, release_id, number, title, length) VALUES (96, 259, 259, 5, 'Inside You', '0:3:43');
INSERT INTO tracks (artist_id, album_id, release_id, number, title, length) VALUES (96, 259, 259, 6, 'Falls Apart', '0:3:57');
INSERT INTO tracks (artist_id, album_id, release_id, number, title, length) VALUES (96, 259, 259, 7, 'So Wrong', '0:3:24');
INSERT INTO tracks (artist_id, album_id, release_id, number, title, length) VALUES (96, 259, 259, 8, 'Crushing Me', '0:4:21');
INSERT INTO tracks (artist_id, album_id, release_id, number, title, length) VALUES (96, 259, 259, 9, 'Sleep', '0:5:21');
INSERT INTO tracks (artist_id, album_id, release_id, number, title, length) VALUES (96, 259, 259, 10, 'Slipping Away', '0:6:15');
INSERT INTO artists (name) VALUES ('Two');
INSERT INTO albums (artist_id, title, year) VALUES (97, 'Voyeurs', '1998-01-01');
INSERT INTO releases (album_id, description, year) VALUES (260, 'Standard CD', '1998-01-01');
INSERT INTO tracks (artist_id, album_id, release_id, number, title, length) VALUES (97, 260, 260, 1, 'I Am a Pig', '0:3:36');
INSERT INTO tracks (artist_id, album_id, release_id, number, title, length) VALUES (97, 260, 260, 2, 'Stutter Kiss', '0:4:30');
INSERT INTO tracks (artist_id, album_id, release_id, number, title, length) VALUES (97, 260, 260, 3, 'Water''s Leaking', '0:3:54');
INSERT INTO tracks (artist_id, album_id, release_id, number, title, length) VALUES (97, 260, 260, 4, 'My Ceiling''s Low', '0:3:34');
INSERT INTO tracks (artist_id, album_id, release_id, number, title, length) VALUES (97, 260, 260, 5, 'Leave Me Alone', '0:4:31');
INSERT INTO tracks (artist_id, album_id, release_id, number, title, length) VALUES (97, 260, 260, 6, 'If', '0:5:6');
INSERT INTO tracks (artist_id, album_id, release_id, number, title, length) VALUES (97, 260, 260, 7, 'Deep In The Ground', '0:5:12');
INSERT INTO tracks (artist_id, album_id, release_id, number, title, length) VALUES (97, 260, 260, 8, 'Hey, Sha La La', '0:4:22');
INSERT INTO tracks (artist_id, album_id, release_id, number, title, length) VALUES (97, 260, 260, 9, 'Wake Up', '0:3:32');
INSERT INTO tracks (artist_id, album_id, release_id, number, title, length) VALUES (97, 260, 260, 10, 'Gimp', '0:3:41');
INSERT INTO tracks (artist_id, album_id, release_id, number, title, length) VALUES (97, 260, 260, 11, 'Bed of Rust', '0:4:32');
INSERT INTO artists (name) VALUES ('Von Magnet');
INSERT INTO albums (artist_id, title, year) VALUES (98, 'Nuevas Cruzes', '2000-01-01');
INSERT INTO releases (album_id, description, year) VALUES (261, 'Standard CD', '2000-01-01');
INSERT INTO tracks (artist_id, album_id, release_id, number, title, length) VALUES (98, 261, 261, 1, 'Payaso', '0:5:26');
INSERT INTO tracks (artist_id, album_id, release_id, number, title, length) VALUES (98, 261, 261, 2, 'Diz me un si', '0:5:28');
INSERT INTO tracks (artist_id, album_id, release_id, number, title, length) VALUES (98, 261, 261, 3, 'Muneco', '0:4:54');
INSERT INTO tracks (artist_id, album_id, release_id, number, title, length) VALUES (98, 261, 261, 4, 'Voz Imagen', '0:5:13');
INSERT INTO tracks (artist_id, album_id, release_id, number, title, length) VALUES (98, 261, 261, 5, 'State of Nomind', '0:6:12');
INSERT INTO tracks (artist_id, album_id, release_id, number, title, length) VALUES (98, 261, 261, 6, 'Sketches of Pain', '0:4:0');
INSERT INTO tracks (artist_id, album_id, release_id, number, title, length) VALUES (98, 261, 261, 7, 'Sorely Numb', '0:6:10');
INSERT INTO tracks (artist_id, album_id, release_id, number, title, length) VALUES (98, 261, 261, 8, 'Mezclador', '0:4:19');
INSERT INTO tracks (artist_id, album_id, release_id, number, title, length) VALUES (98, 261, 261, 9, 'El Adwa Echimaliya', '0:5:46');
INSERT INTO tracks (artist_id, album_id, release_id, number, title, length) VALUES (98, 261, 261, 10, 'Suffering with Style', '0:2:6');
INSERT INTO tracks (artist_id, album_id, release_id, number, title, length) VALUES (98, 261, 261, 11, 'Ira', '0:4:49');
INSERT INTO tracks (artist_id, album_id, release_id, number, title, length) VALUES (98, 261, 261, 12, 'Sur Realista', '0:4:54');
INSERT INTO tracks (artist_id, album_id, release_id, number, title, length) VALUES (98, 261, 261, 13, 'Nuevas Cruzes', '0:5:45');
INSERT INTO tracks (artist_id, album_id, release_id, number, title, length) VALUES (98, 261, 261, 14, 'Escorxador', '0:5:22');
INSERT INTO artists (name) VALUES ('Xorcist');
INSERT INTO albums (artist_id, title, year) VALUES (99, 'Insects & Angels', '2000-01-01');
INSERT INTO releases (album_id, description, year) VALUES (262, 'Standard CD', '2000-01-01');
INSERT INTO tracks (artist_id, album_id, release_id, number, title, length) VALUES (99, 262, 262, 1, 'The Bottom', '0:3:13');
INSERT INTO tracks (artist_id, album_id, release_id, number, title, length) VALUES (99, 262, 262, 2, 'Insecticide', '0:7:0');
INSERT INTO tracks (artist_id, album_id, release_id, number, title, length) VALUES (99, 262, 262, 3, 'Sailfin', '0:1:59');
INSERT INTO tracks (artist_id, album_id, release_id, number, title, length) VALUES (99, 262, 262, 4, 'Spider (8 Legged Mix)', '0:5:40');
INSERT INTO tracks (artist_id, album_id, release_id, number, title, length) VALUES (99, 262, 262, 5, 'Angels On The Bottom', '0:3:35');
INSERT INTO tracks (artist_id, album_id, release_id, number, title, length) VALUES (99, 262, 262, 6, 'Thoughtful Pools', '0:6:53');
INSERT INTO tracks (artist_id, album_id, release_id, number, title, length) VALUES (99, 262, 262, 7, 'Eclipse', '0:1:47');
INSERT INTO tracks (artist_id, album_id, release_id, number, title, length) VALUES (99, 262, 262, 8, 'Bizarre Denizens', '0:9:28');
INSERT INTO tracks (artist_id, album_id, release_id, number, title, length) VALUES (99, 262, 262, 9, 'Score Experiment #1', '0:4:32');
INSERT INTO tracks (artist_id, album_id, release_id, number, title, length) VALUES (99, 262, 262, 10, 'Score Experiment #2', '0:5:31');
INSERT INTO tracks (artist_id, album_id, release_id, number, title, length) VALUES (99, 262, 262, 11, 'Pook', '0:8:47');
INSERT INTO tracks (artist_id, album_id, release_id, number, title, length) VALUES (99, 262, 262, 12, 'Children Of God', '0:2:48');
INSERT INTO artists (name) VALUES ('Russ Ray');
INSERT INTO albums (artist_id, title, year) VALUES (100, 'Closer Still A Tribute To Joy Division', '2003-01-01');
INSERT INTO releases (album_id, description, year) VALUES (263, 'Standard CD', '2003-01-01');
INSERT INTO tracks (artist_id, album_id, release_id, number, title, length) VALUES (100, 263, 263, 1, 'Transmission', '0:3:54');
INSERT INTO tracks (artist_id, album_id, release_id, number, title, length) VALUES (100, 263, 263, 2, 'Love Will Tear Us Appart', '0:3:34');
INSERT INTO tracks (artist_id, album_id, release_id, number, title, length) VALUES (100, 263, 263, 3, 'She''s Lost Control', '0:4:2');
INSERT INTO tracks (artist_id, album_id, release_id, number, title, length) VALUES (100, 263, 263, 4, 'Isolation', '0:2:59');
INSERT INTO tracks (artist_id, album_id, release_id, number, title, length) VALUES (100, 263, 263, 5, 'Warsaw', '0:2:34');
INSERT INTO tracks (artist_id, album_id, release_id, number, title, length) VALUES (100, 263, 263, 6, 'Dead Souls', '0:5:1');
INSERT INTO tracks (artist_id, album_id, release_id, number, title, length) VALUES (100, 263, 263, 7, 'Atrocity Exhibition', '0:6:24');
INSERT INTO tracks (artist_id, album_id, release_id, number, title, length) VALUES (100, 263, 263, 8, 'Heart ''n'' Soul', '0:6:6');
INSERT INTO tracks (artist_id, album_id, release_id, number, title, length) VALUES (100, 263, 263, 9, 'Atmosphere', '0:4:54');
INSERT INTO tracks (artist_id, album_id, release_id, number, title, length) VALUES (100, 263, 263, 10, 'The Eternal', '0:5:29');
INSERT INTO artists (name) VALUES ('DAF');
INSERT INTO albums (artist_id, title, year) VALUES (101, 'Die Kleinen Und Die Bosen', '1980-01-01');
INSERT INTO releases (album_id, description, year) VALUES (264, 'Standard CD', '1980-01-01');
INSERT INTO tracks (artist_id, album_id, release_id, number, title, length) VALUES (101, 264, 264, 1, 'Osten Währt Am Längsten', '0:5:44');
INSERT INTO tracks (artist_id, album_id, release_id, number, title, length) VALUES (101, 264, 264, 2, 'Essen Dann Schlafen', '0:1:6');
INSERT INTO tracks (artist_id, album_id, release_id, number, title, length) VALUES (101, 264, 264, 3, 'Coco Pino', '0:3:25');
INSERT INTO tracks (artist_id, album_id, release_id, number, title, length) VALUES (101, 264, 264, 4, 'Kinderfunk', '0:3:2');
INSERT INTO tracks (artist_id, album_id, release_id, number, title, length) VALUES (101, 264, 264, 5, 'Nachtarbeit', '0:1:53');
INSERT INTO tracks (artist_id, album_id, release_id, number, title, length) VALUES (101, 264, 264, 6, 'Ich Gebe Dir Ein Stück Von Mir', '0:1:41');
INSERT INTO tracks (artist_id, album_id, release_id, number, title, length) VALUES (101, 264, 264, 7, 'De Panne', '0:2:34');
INSERT INTO tracks (artist_id, album_id, release_id, number, title, length) VALUES (101, 264, 264, 8, 'Gewalt', '0:1:24');
INSERT INTO tracks (artist_id, album_id, release_id, number, title, length) VALUES (101, 264, 264, 9, 'Gib Mir', '0:1:1');
INSERT INTO tracks (artist_id, album_id, release_id, number, title, length) VALUES (101, 264, 264, 10, 'Auf Wiedersehen', '0:2:3');
INSERT INTO tracks (artist_id, album_id, release_id, number, title, length) VALUES (101, 264, 264, 11, 'Das Ist Liebe', '0:1:18');
INSERT INTO tracks (artist_id, album_id, release_id, number, title, length) VALUES (101, 264, 264, 12, 'Was Ist Eine Welle', '0:1:15');
INSERT INTO tracks (artist_id, album_id, release_id, number, title, length) VALUES (101, 264, 264, 13, 'Anzufassen Und Anzufassen', '0:1:44');
INSERT INTO tracks (artist_id, album_id, release_id, number, title, length) VALUES (101, 264, 264, 14, 'Volkstanz', '0:0:48');
INSERT INTO tracks (artist_id, album_id, release_id, number, title, length) VALUES (101, 264, 264, 15, 'Die Lustigen Stiefel', '0:1:49');
INSERT INTO tracks (artist_id, album_id, release_id, number, title, length) VALUES (101, 264, 264, 16, 'Die Kleinen Und Die Bösen', '0:1:5');
INSERT INTO tracks (artist_id, album_id, release_id, number, title, length) VALUES (101, 264, 264, 17, 'Die Fesche Lola', '0:1:41');
INSERT INTO tracks (artist_id, album_id, release_id, number, title, length) VALUES (101, 264, 264, 18, 'El Basilon', '0:2:52');
INSERT INTO tracks (artist_id, album_id, release_id, number, title, length) VALUES (101, 264, 264, 19, 'Y La Gracia', '0:2:3');
INSERT INTO artists (name) VALUES ('CAT');
INSERT INTO albums (artist_id, title, year) VALUES (102, 'ATF', '2006-01-01');
INSERT INTO releases (album_id, description, year) VALUES (265, 'Standard CD', '2006-01-01');
INSERT INTO tracks (artist_id, album_id, release_id, number, title, length) VALUES (102, 265, 265, 1, 'Smashed [V2]', '0:4:49');
INSERT INTO tracks (artist_id, album_id, release_id, number, title, length) VALUES (102, 265, 265, 2, 'Enhancer [V2]', '0:5:5');
INSERT INTO tracks (artist_id, album_id, release_id, number, title, length) VALUES (102, 265, 265, 3, 'Enhancer [Triple D Club Mix By Caustic]', '0:4:3');
INSERT INTO tracks (artist_id, album_id, release_id, number, title, length) VALUES (102, 265, 265, 4, 'A Line In The Sand [One Step Over Mix]', '0:5:1');
INSERT INTO tracks (artist_id, album_id, release_id, number, title, length) VALUES (102, 265, 265, 5, 'Enemy Within [Terrorfakt Remix]', '0:3:12');
INSERT INTO tracks (artist_id, album_id, release_id, number, title, length) VALUES (102, 265, 265, 6, '[We Make] Music To Piss You Off', '0:3:47');
INSERT INTO tracks (artist_id, album_id, release_id, number, title, length) VALUES (102, 265, 265, 7, 'Pairasight [Raw Instrumental Mix - Unlisted Bonus Track]', '0:4:24');
INSERT INTO tracks (artist_id, album_id, release_id, number, title, length) VALUES (102, 265, 265, 8, 'The Prisoner [Live And Loathing In Las Vegas - Unlisted Bonus Track]', '0:5:40');
INSERT INTO artists (name) VALUES ('Green Day');
INSERT INTO albums (artist_id, title, year) VALUES (103, 'American Idiot', '2004-01-01');
INSERT INTO releases (album_id, description, year) VALUES (266, 'Standard CD', '2004-01-01');
INSERT INTO tracks (artist_id, album_id, release_id, number, title, length) VALUES (103, 266, 266, 1, 'American Idiot', '0:2:54');
INSERT INTO tracks (artist_id, album_id, release_id, number, title, length) VALUES (103, 266, 266, 2, 'Jesus Of Suburbia', '0:9:8');
INSERT INTO tracks (artist_id, album_id, release_id, number, title, length) VALUES (103, 266, 266, 3, 'Holiday', '0:3:52');
INSERT INTO tracks (artist_id, album_id, release_id, number, title, length) VALUES (103, 266, 266, 4, 'Boulevard Of Broken Dreams', '0:4:20');
INSERT INTO tracks (artist_id, album_id, release_id, number, title, length) VALUES (103, 266, 266, 5, 'Are We The Waiting', '0:2:42');
INSERT INTO tracks (artist_id, album_id, release_id, number, title, length) VALUES (103, 266, 266, 6, 'St Jimmy', '0:2:55');
INSERT INTO tracks (artist_id, album_id, release_id, number, title, length) VALUES (103, 266, 266, 7, 'Give Me Novacaine', '0:3:25');
INSERT INTO tracks (artist_id, album_id, release_id, number, title, length) VALUES (103, 266, 266, 8, 'She''s A Rebel', '0:2:0');
INSERT INTO tracks (artist_id, album_id, release_id, number, title, length) VALUES (103, 266, 266, 9, 'Extraordinary Girl', '0:3:33');
INSERT INTO tracks (artist_id, album_id, release_id, number, title, length) VALUES (103, 266, 266, 10, 'Letterbomb', '0:4:6');
INSERT INTO tracks (artist_id, album_id, release_id, number, title, length) VALUES (103, 266, 266, 11, 'Wake Me Up When September Ends', '0:4:45');
INSERT INTO tracks (artist_id, album_id, release_id, number, title, length) VALUES (103, 266, 266, 12, 'Homecoming', '0:9:18');
INSERT INTO tracks (artist_id, album_id, release_id, number, title, length) VALUES (103, 266, 266, 13, 'Whatsername', '0:4:12');
INSERT INTO albums (artist_id, title, year) VALUES (103, 'Dookie', '1994-01-01');
INSERT INTO releases (album_id, description, year) VALUES (267, 'Standard CD', '1994-01-01');
INSERT INTO tracks (artist_id, album_id, release_id, number, title, length) VALUES (103, 267, 267, 1, 'Burnout', '0:2:7');
INSERT INTO tracks (artist_id, album_id, release_id, number, title, length) VALUES (103, 267, 267, 2, 'Having A Blast', '0:2:44');
INSERT INTO tracks (artist_id, album_id, release_id, number, title, length) VALUES (103, 267, 267, 3, 'Chump', '0:2:54');
INSERT INTO tracks (artist_id, album_id, release_id, number, title, length) VALUES (103, 267, 267, 4, 'Longview', '0:3:59');
INSERT INTO tracks (artist_id, album_id, release_id, number, title, length) VALUES (103, 267, 267, 5, 'Welcome To Paradise', '0:3:44');
INSERT INTO tracks (artist_id, album_id, release_id, number, title, length) VALUES (103, 267, 267, 6, 'Pulling Teeth', '0:2:30');
INSERT INTO tracks (artist_id, album_id, release_id, number, title, length) VALUES (103, 267, 267, 7, 'Basket Case', '0:3:3');
INSERT INTO tracks (artist_id, album_id, release_id, number, title, length) VALUES (103, 267, 267, 8, 'She', '0:2:14');
INSERT INTO tracks (artist_id, album_id, release_id, number, title, length) VALUES (103, 267, 267, 9, 'Sassafras Roots', '0:2:37');
INSERT INTO tracks (artist_id, album_id, release_id, number, title, length) VALUES (103, 267, 267, 10, 'When I Come Around', '0:2:58');
INSERT INTO tracks (artist_id, album_id, release_id, number, title, length) VALUES (103, 267, 267, 11, 'Coming Clean', '0:1:34');
INSERT INTO tracks (artist_id, album_id, release_id, number, title, length) VALUES (103, 267, 267, 12, 'Emenius Sleepus', '0:1:43');
INSERT INTO tracks (artist_id, album_id, release_id, number, title, length) VALUES (103, 267, 267, 13, 'In The End', '0:1:46');
INSERT INTO tracks (artist_id, album_id, release_id, number, title, length) VALUES (103, 267, 267, 14, 'F.O.D.', '0:5:46');
INSERT INTO albums (artist_id, title, year) VALUES (103, 'Insomniac', '1995-01-01');
INSERT INTO releases (album_id, description, year) VALUES (268, 'Standard CD', '1995-01-01');
INSERT INTO tracks (artist_id, album_id, release_id, number, title, length) VALUES (103, 268, 268, 1, 'Armatage Shanks', '0:2:16');
INSERT INTO tracks (artist_id, album_id, release_id, number, title, length) VALUES (103, 268, 268, 2, 'Brat', '0:1:43');
INSERT INTO tracks (artist_id, album_id, release_id, number, title, length) VALUES (103, 268, 268, 3, 'Stuck With Me', '0:2:15');
INSERT INTO tracks (artist_id, album_id, release_id, number, title, length) VALUES (103, 268, 268, 4, 'Geek Stink Breath', '0:2:15');
INSERT INTO tracks (artist_id, album_id, release_id, number, title, length) VALUES (103, 268, 268, 5, 'No Pride', '0:2:19');
INSERT INTO tracks (artist_id, album_id, release_id, number, title, length) VALUES (103, 268, 268, 6, 'Bab''s Uvula Who?', '0:2:8');
INSERT INTO tracks (artist_id, album_id, release_id, number, title, length) VALUES (103, 268, 268, 7, '86', '0:2:47');
INSERT INTO tracks (artist_id, album_id, release_id, number, title, length) VALUES (103, 268, 268, 8, 'Panic Song', '0:3:35');
INSERT INTO tracks (artist_id, album_id, release_id, number, title, length) VALUES (103, 268, 268, 9, 'Stuart And The Ave.', '0:2:3');
INSERT INTO tracks (artist_id, album_id, release_id, number, title, length) VALUES (103, 268, 268, 10, 'Brain Stew', '0:3:12');
INSERT INTO tracks (artist_id, album_id, release_id, number, title, length) VALUES (103, 268, 268, 11, 'Jaded', '0:1:30');
INSERT INTO tracks (artist_id, album_id, release_id, number, title, length) VALUES (103, 268, 268, 12, 'Westbound Sign', '0:2:13');
INSERT INTO tracks (artist_id, album_id, release_id, number, title, length) VALUES (103, 268, 268, 13, 'Tight Wad Hill', '0:2:1');
INSERT INTO tracks (artist_id, album_id, release_id, number, title, length) VALUES (103, 268, 268, 14, 'Walking Contradiction', '0:2:31');
INSERT INTO albums (artist_id, title, year) VALUES (103, 'Nimrod', '1997-01-01');
INSERT INTO releases (album_id, description, year) VALUES (269, 'Standard CD', '1997-01-01');
INSERT INTO tracks (artist_id, album_id, release_id, number, title, length) VALUES (103, 269, 269, 1, 'Nice Guys Finish Last', '0:2:49');
INSERT INTO tracks (artist_id, album_id, release_id, number, title, length) VALUES (103, 269, 269, 2, 'Hitchin'' A Ride', '0:2:51');
INSERT INTO tracks (artist_id, album_id, release_id, number, title, length) VALUES (103, 269, 269, 3, 'The Grouch', '0:2:12');
INSERT INTO tracks (artist_id, album_id, release_id, number, title, length) VALUES (103, 269, 269, 4, 'Redundant', '0:3:17');
INSERT INTO tracks (artist_id, album_id, release_id, number, title, length) VALUES (103, 269, 269, 5, 'Scattered', '0:3:2');
INSERT INTO tracks (artist_id, album_id, release_id, number, title, length) VALUES (103, 269, 269, 6, 'All The Time', '0:2:10');
INSERT INTO tracks (artist_id, album_id, release_id, number, title, length) VALUES (103, 269, 269, 7, 'Worry Rock', '0:2:27');
INSERT INTO tracks (artist_id, album_id, release_id, number, title, length) VALUES (103, 269, 269, 8, 'Platypus (I Hate You)', '0:2:20');
INSERT INTO tracks (artist_id, album_id, release_id, number, title, length) VALUES (103, 269, 269, 9, 'Uptight', '0:3:4');
INSERT INTO tracks (artist_id, album_id, release_id, number, title, length) VALUES (103, 269, 269, 10, 'Last Ride In', '0:3:47');
INSERT INTO tracks (artist_id, album_id, release_id, number, title, length) VALUES (103, 269, 269, 11, 'Jinx', '0:2:12');
INSERT INTO tracks (artist_id, album_id, release_id, number, title, length) VALUES (103, 269, 269, 12, 'Haushinka', '0:3:25');
INSERT INTO tracks (artist_id, album_id, release_id, number, title, length) VALUES (103, 269, 269, 13, 'Walking Alone', '0:2:45');
INSERT INTO tracks (artist_id, album_id, release_id, number, title, length) VALUES (103, 269, 269, 14, 'Reject', '0:2:5');
INSERT INTO tracks (artist_id, album_id, release_id, number, title, length) VALUES (103, 269, 269, 15, 'Take Back', '0:1:9');
INSERT INTO tracks (artist_id, album_id, release_id, number, title, length) VALUES (103, 269, 269, 16, 'King For A Day', '0:3:13');
INSERT INTO tracks (artist_id, album_id, release_id, number, title, length) VALUES (103, 269, 269, 17, 'Good Riddance (Time of Your Life)', '0:2:34');
INSERT INTO tracks (artist_id, album_id, release_id, number, title, length) VALUES (103, 269, 269, 18, 'Prosthetic Head', '0:3:38');
INSERT INTO artists (name) VALUES ('Lostprophets');
INSERT INTO albums (artist_id, title, year) VALUES (104, 'Start Something', '2003-01-01');
INSERT INTO releases (album_id, description, year) VALUES (270, 'Standard CD', '2003-01-01');
INSERT INTO tracks (artist_id, album_id, release_id, number, title, length) VALUES (104, 270, 270, 1, 'We Still Kill The Old Way', '0:4:20');
INSERT INTO tracks (artist_id, album_id, release_id, number, title, length) VALUES (104, 270, 270, 2, 'To Hell We Ride', '0:3:40');
INSERT INTO tracks (artist_id, album_id, release_id, number, title, length) VALUES (104, 270, 270, 3, 'Last Train Home', '0:4:35');
INSERT INTO tracks (artist_id, album_id, release_id, number, title, length) VALUES (104, 270, 270, 4, 'Make A Move', '0:3:56');
INSERT INTO tracks (artist_id, album_id, release_id, number, title, length) VALUES (104, 270, 270, 5, 'Burn, Burn', '0:3:36');
INSERT INTO tracks (artist_id, album_id, release_id, number, title, length) VALUES (104, 270, 270, 6, 'I Don''t Know', '0:3:57');
INSERT INTO tracks (artist_id, album_id, release_id, number, title, length) VALUES (104, 270, 270, 7, 'Hello Again', '0:4:56');
INSERT INTO tracks (artist_id, album_id, release_id, number, title, length) VALUES (104, 270, 270, 8, 'Goodbye Tonight', '0:3:54');
INSERT INTO tracks (artist_id, album_id, release_id, number, title, length) VALUES (104, 270, 270, 9, 'Start Something', '0:3:26');
INSERT INTO tracks (artist_id, album_id, release_id, number, title, length) VALUES (104, 270, 270, 10, 'A Million Miles', '0:4:24');
INSERT INTO tracks (artist_id, album_id, release_id, number, title, length) VALUES (104, 270, 270, 11, 'Last Summer', '0:4:16');
INSERT INTO tracks (artist_id, album_id, release_id, number, title, length) VALUES (104, 270, 270, 12, 'Sway', '0:10:23');
INSERT INTO artists (name) VALUES ('Alice In Chains');
INSERT INTO albums (artist_id, title, year) VALUES (105, 'Alice In Chains', '1995-01-01');
INSERT INTO releases (album_id, description, year) VALUES (271, 'Standard CD', '1995-01-01');
INSERT INTO tracks (artist_id, album_id, release_id, number, title, length) VALUES (105, 271, 271, 1, 'Grind', '0:4:45');
INSERT INTO tracks (artist_id, album_id, release_id, number, title, length) VALUES (105, 271, 271, 2, 'Brush Away', '0:3:22');
INSERT INTO tracks (artist_id, album_id, release_id, number, title, length) VALUES (105, 271, 271, 3, 'Sludge Factory', '0:7:12');
INSERT INTO tracks (artist_id, album_id, release_id, number, title, length) VALUES (105, 271, 271, 4, 'Heaven Beside You', '0:5:27');
INSERT INTO tracks (artist_id, album_id, release_id, number, title, length) VALUES (105, 271, 271, 5, 'Head Creeps', '0:6:28');
INSERT INTO tracks (artist_id, album_id, release_id, number, title, length) VALUES (105, 271, 271, 6, 'Again', '0:4:5');
INSERT INTO tracks (artist_id, album_id, release_id, number, title, length) VALUES (105, 271, 271, 7, 'Shame In You', '0:5:35');
INSERT INTO tracks (artist_id, album_id, release_id, number, title, length) VALUES (105, 271, 271, 8, 'God Am', '0:4:8');
INSERT INTO tracks (artist_id, album_id, release_id, number, title, length) VALUES (105, 271, 271, 9, 'So Close', '0:2:45');
INSERT INTO tracks (artist_id, album_id, release_id, number, title, length) VALUES (105, 271, 271, 10, 'Nothin'' Song', '0:5:40');
INSERT INTO tracks (artist_id, album_id, release_id, number, title, length) VALUES (105, 271, 271, 11, 'Frogs', '0:8:18');
INSERT INTO tracks (artist_id, album_id, release_id, number, title, length) VALUES (105, 271, 271, 12, 'Over Now', '0:7:3');
INSERT INTO artists (name) VALUES ('Alice in Chains');
INSERT INTO albums (artist_id, title, year) VALUES (106, 'Dirt', NULL);
INSERT INTO releases (album_id, description, year) VALUES (272, 'Standard CD', NULL);
INSERT INTO tracks (artist_id, album_id, release_id, number, title, length) VALUES (106, 272, 272, 1, 'Them Bones', '0:2:30');
INSERT INTO tracks (artist_id, album_id, release_id, number, title, length) VALUES (106, 272, 272, 2, 'Dam That River', '0:3:9');
INSERT INTO tracks (artist_id, album_id, release_id, number, title, length) VALUES (106, 272, 272, 3, 'Rain When I Die', '0:6:1');
INSERT INTO tracks (artist_id, album_id, release_id, number, title, length) VALUES (106, 272, 272, 4, 'Down In a Hole', '0:5:38');
INSERT INTO tracks (artist_id, album_id, release_id, number, title, length) VALUES (106, 272, 272, 5, 'Sickman', '0:5:29');
INSERT INTO tracks (artist_id, album_id, release_id, number, title, length) VALUES (106, 272, 272, 6, 'Rooster', '0:6:15');
INSERT INTO tracks (artist_id, album_id, release_id, number, title, length) VALUES (106, 272, 272, 7, 'Junkhead', '0:5:9');
INSERT INTO tracks (artist_id, album_id, release_id, number, title, length) VALUES (106, 272, 272, 8, 'Dirt', '0:5:16');
INSERT INTO tracks (artist_id, album_id, release_id, number, title, length) VALUES (106, 272, 272, 9, 'God Smack', '0:3:50');
INSERT INTO tracks (artist_id, album_id, release_id, number, title, length) VALUES (106, 272, 272, 10, 'Iron Gland', '0:0:43');
INSERT INTO tracks (artist_id, album_id, release_id, number, title, length) VALUES (106, 272, 272, 11, 'Hate to Feel', '0:5:16');
INSERT INTO tracks (artist_id, album_id, release_id, number, title, length) VALUES (106, 272, 272, 12, 'Angry Chair', '0:4:47');
INSERT INTO tracks (artist_id, album_id, release_id, number, title, length) VALUES (106, 272, 272, 13, 'Would?', '0:3:27');
INSERT INTO artists (name) VALUES ('Project 86');
INSERT INTO albums (artist_id, title, year) VALUES (107, 'RIval Factions', '2007-01-01');
INSERT INTO releases (album_id, description, year) VALUES (273, 'Standard CD', '2007-01-01');
INSERT INTO tracks (artist_id, album_id, release_id, number, title, length) VALUES (107, 273, 273, 1, 'Evil (A Chorus of Resistance)', '0:3:3');
INSERT INTO tracks (artist_id, album_id, release_id, number, title, length) VALUES (107, 273, 273, 2, 'Put Your Lips To The TV', '0:2:49');
INSERT INTO tracks (artist_id, album_id, release_id, number, title, length) VALUES (107, 273, 273, 3, 'The Forces Of Radio Have Dropped A Viper Into The Rhythm Section', '0:2:51');
INSERT INTO tracks (artist_id, album_id, release_id, number, title, length) VALUES (107, 273, 273, 4, 'Molotov', '0:3:12');
INSERT INTO tracks (artist_id, album_id, release_id, number, title, length) VALUES (107, 273, 273, 5, 'Slaves To Liberty', '0:3:2');
INSERT INTO tracks (artist_id, album_id, release_id, number, title, length) VALUES (107, 273, 273, 6, 'Pull Me Closer, Violent Dancer', '0:3:56');
INSERT INTO tracks (artist_id, album_id, release_id, number, title, length) VALUES (107, 273, 273, 7, 'Illuminate', '0:2:39');
INSERT INTO tracks (artist_id, album_id, release_id, number, title, length) VALUES (107, 273, 273, 9, 'Caveman Jam', '0:3:18');
INSERT INTO tracks (artist_id, album_id, release_id, number, title, length) VALUES (107, 273, 273, 10, 'Normandy', '0:5:4');
INSERT INTO tracks (artist_id, album_id, release_id, number, title, length) VALUES (107, 273, 273, 8, 'The Sanctuary Hum', '0:5:1');
INSERT INTO albums (artist_id, title, year) VALUES (107, 'Drawing Black Lines', '2000-01-01');
INSERT INTO releases (album_id, description, year) VALUES (274, 'Standard CD', '2000-01-01');
INSERT INTO tracks (artist_id, album_id, release_id, number, title, length) VALUES (107, 274, 274, 1, 'Stein''s Theme', '0:3:56');
INSERT INTO tracks (artist_id, album_id, release_id, number, title, length) VALUES (107, 274, 274, 2, 'One-Armed Man (Play On)', '0:3:44');
INSERT INTO tracks (artist_id, album_id, release_id, number, title, length) VALUES (107, 274, 274, 3, 'Me Against Me', '0:3:38');
INSERT INTO tracks (artist_id, album_id, release_id, number, title, length) VALUES (107, 274, 274, 4, 'PS', '0:5:54');
INSERT INTO tracks (artist_id, album_id, release_id, number, title, length) VALUES (107, 274, 274, 5, 'Set Me Up', '0:3:7');
INSERT INTO tracks (artist_id, album_id, release_id, number, title, length) VALUES (107, 274, 274, 6, 'Chimes', '0:4:58');
INSERT INTO tracks (artist_id, album_id, release_id, number, title, length) VALUES (107, 274, 274, 7, 'A Toast To My Former Self', '0:3:23');
INSERT INTO tracks (artist_id, album_id, release_id, number, title, length) VALUES (107, 274, 274, 8, 'Sad Machines', '0:4:16');
INSERT INTO tracks (artist_id, album_id, release_id, number, title, length) VALUES (107, 274, 274, 9, 'Star', '0:4:53');
INSERT INTO tracks (artist_id, album_id, release_id, number, title, length) VALUES (107, 274, 274, 10, 'Chapter 2', '0:3:16');
INSERT INTO tracks (artist_id, album_id, release_id, number, title, length) VALUES (107, 274, 274, 11, 'Open Hand', '0:2:39');
INSERT INTO tracks (artist_id, album_id, release_id, number, title, length) VALUES (107, 274, 274, 12, 'Twenty-Three', '0:12:59');
INSERT INTO artists (name) VALUES ('Reflux');
INSERT INTO albums (artist_id, title, year) VALUES (108, 'The Illusion Of Democracy', '2004-01-01');
INSERT INTO releases (album_id, description, year) VALUES (275, 'Standard CD', '2004-01-01');
INSERT INTO tracks (artist_id, album_id, release_id, number, title, length) VALUES (108, 275, 275, 1, 'Above The Pyramid And The Eye', '0:4:15');
INSERT INTO tracks (artist_id, album_id, release_id, number, title, length) VALUES (108, 275, 275, 2, 'Thoughts Dictate Reality', '0:7:38');
INSERT INTO tracks (artist_id, album_id, release_id, number, title, length) VALUES (108, 275, 275, 3, 'An Ode To The Evolution Of Human Consciousness', '0:3:59');
INSERT INTO tracks (artist_id, album_id, release_id, number, title, length) VALUES (108, 275, 275, 4, 'The Sudden Realization', '0:6:33');
INSERT INTO tracks (artist_id, album_id, release_id, number, title, length) VALUES (108, 275, 275, 5, 'Of What You Were Missing', '0:4:2');
INSERT INTO tracks (artist_id, album_id, release_id, number, title, length) VALUES (108, 275, 275, 7, 'Single File To Bliss', '0:5:39');
INSERT INTO tracks (artist_id, album_id, release_id, number, title, length) VALUES (108, 275, 275, 8, 'There''s No Sunlight In My Cubicle', '0:4:39');
INSERT INTO tracks (artist_id, album_id, release_id, number, title, length) VALUES (108, 275, 275, 9, 'The Keats Persona', '0:5:35');
INSERT INTO tracks (artist_id, album_id, release_id, number, title, length) VALUES (108, 275, 275, 10, '1984-2004', '0:1:14');
INSERT INTO tracks (artist_id, album_id, release_id, number, title, length) VALUES (108, 275, 275, 11, 'Modern Day Babylon', '0:6:2');
INSERT INTO tracks (artist_id, album_id, release_id, number, title, length) VALUES (108, 275, 275, 6, '-=[*]=-', '0:4:17');
INSERT INTO artists (name) VALUES ('Endwell');
INSERT INTO albums (artist_id, title, year) VALUES (109, 'Homeland Insecurity', '2006-01-01');
INSERT INTO releases (album_id, description, year) VALUES (276, 'Standard CD', '2006-01-01');
INSERT INTO tracks (artist_id, album_id, release_id, number, title, length) VALUES (109, 276, 276, 1, 'The End', '0:3:35');
INSERT INTO tracks (artist_id, album_id, release_id, number, title, length) VALUES (109, 276, 276, 2, 'A Taste Of Everest', '0:3:21');
INSERT INTO tracks (artist_id, album_id, release_id, number, title, length) VALUES (109, 276, 276, 3, 'Single And Loving It', '0:3:53');
INSERT INTO tracks (artist_id, album_id, release_id, number, title, length) VALUES (109, 276, 276, 4, 'Four Letter Words', '0:3:35');
INSERT INTO tracks (artist_id, album_id, release_id, number, title, length) VALUES (109, 276, 276, 5, 'Homeland Insecurity', '0:3:38');
INSERT INTO tracks (artist_id, album_id, release_id, number, title, length) VALUES (109, 276, 276, 6, 'Goodbyes Are Always Coldest In December', '0:2:6');
INSERT INTO tracks (artist_id, album_id, release_id, number, title, length) VALUES (109, 276, 276, 7, 'Boy Meets World War III', '0:3:34');
INSERT INTO tracks (artist_id, album_id, release_id, number, title, length) VALUES (109, 276, 276, 8, 'Im Frozen And Youre Dead', '0:3:45');
INSERT INTO tracks (artist_id, album_id, release_id, number, title, length) VALUES (109, 276, 276, 9, 'Drowning (One Last Breath)', '0:3:38');
INSERT INTO tracks (artist_id, album_id, release_id, number, title, length) VALUES (109, 276, 276, 10, 'Whine And Dine', '0:2:31');
INSERT INTO tracks (artist_id, album_id, release_id, number, title, length) VALUES (109, 276, 276, 11, 'Fever White', '0:3:56');
INSERT INTO tracks (artist_id, album_id, release_id, number, title, length) VALUES (109, 276, 276, 12, 'Zombies Never Think Twice', '0:3:49');
INSERT INTO artists (name) VALUES ('Screaming Trees');
INSERT INTO albums (artist_id, title, year) VALUES (110, 'Uncle Anesthesia', '1991-01-01');
INSERT INTO releases (album_id, description, year) VALUES (277, 'Standard CD', '1991-01-01');
INSERT INTO tracks (artist_id, album_id, release_id, number, title, length) VALUES (110, 277, 277, 1, 'Beyond This Horizon', '0:4:13');
INSERT INTO tracks (artist_id, album_id, release_id, number, title, length) VALUES (110, 277, 277, 2, 'Bed of Roses', '0:3:2');
INSERT INTO tracks (artist_id, album_id, release_id, number, title, length) VALUES (110, 277, 277, 3, 'Uncle Anesthesia', '0:3:52');
INSERT INTO tracks (artist_id, album_id, release_id, number, title, length) VALUES (110, 277, 277, 4, 'Story of Her Fate', '0:1:40');
INSERT INTO tracks (artist_id, album_id, release_id, number, title, length) VALUES (110, 277, 277, 5, 'Caught Between', '0:5:3');
INSERT INTO tracks (artist_id, album_id, release_id, number, title, length) VALUES (110, 277, 277, 6, 'Lay Your Head Down', '0:3:32');
INSERT INTO tracks (artist_id, album_id, release_id, number, title, length) VALUES (110, 277, 277, 7, 'Before We Arise', '0:2:26');
INSERT INTO tracks (artist_id, album_id, release_id, number, title, length) VALUES (110, 277, 277, 8, 'Something About Today', '0:3:2');
INSERT INTO tracks (artist_id, album_id, release_id, number, title, length) VALUES (110, 277, 277, 9, 'Alice Said', '0:4:11');
INSERT INTO tracks (artist_id, album_id, release_id, number, title, length) VALUES (110, 277, 277, 10, 'Time for Light', '0:3:50');
INSERT INTO tracks (artist_id, album_id, release_id, number, title, length) VALUES (110, 277, 277, 11, 'Disappearing', '0:3:12');
INSERT INTO tracks (artist_id, album_id, release_id, number, title, length) VALUES (110, 277, 277, 12, 'Ocean of Confusion', '0:3:5');
INSERT INTO tracks (artist_id, album_id, release_id, number, title, length) VALUES (110, 277, 277, 13, 'Closer', '0:5:48');
INSERT INTO albums (artist_id, title, year) VALUES (110, 'Clairvoyance', '1986-01-01');
INSERT INTO releases (album_id, description, year) VALUES (278, 'Standard CD', '1986-01-01');
INSERT INTO tracks (artist_id, album_id, release_id, number, title, length) VALUES (110, 278, 278, 1, 'Orange Airplane', '0:3:2');
INSERT INTO tracks (artist_id, album_id, release_id, number, title, length) VALUES (110, 278, 278, 2, 'You Tell Me All These Things', '0:2:12');
INSERT INTO tracks (artist_id, album_id, release_id, number, title, length) VALUES (110, 278, 278, 3, 'Standing On the Edge', '0:5:39');
INSERT INTO tracks (artist_id, album_id, release_id, number, title, length) VALUES (110, 278, 278, 4, 'Forever', '0:4:22');
INSERT INTO tracks (artist_id, album_id, release_id, number, title, length) VALUES (110, 278, 278, 5, 'Seeing and Believing', '0:3:35');
INSERT INTO tracks (artist_id, album_id, release_id, number, title, length) VALUES (110, 278, 278, 6, 'I See Stars', '0:4:32');
INSERT INTO tracks (artist_id, album_id, release_id, number, title, length) VALUES (110, 278, 278, 7, 'Lonely Girl', '0:3:6');
INSERT INTO tracks (artist_id, album_id, release_id, number, title, length) VALUES (110, 278, 278, 8, 'Strange Out Here', '0:4:27');
INSERT INTO tracks (artist_id, album_id, release_id, number, title, length) VALUES (110, 278, 278, 9, 'The Turning', '0:2:44');
INSERT INTO tracks (artist_id, album_id, release_id, number, title, length) VALUES (110, 278, 278, 10, 'Clairvoyance', '0:4:3');
INSERT INTO albums (artist_id, title, year) VALUES (110, 'Dust', '1996-01-01');
INSERT INTO releases (album_id, description, year) VALUES (279, 'Standard CD', '1996-01-01');
INSERT INTO tracks (artist_id, album_id, release_id, number, title, length) VALUES (110, 279, 279, 1, 'Halo Of Ashes', '0:4:4');
INSERT INTO tracks (artist_id, album_id, release_id, number, title, length) VALUES (110, 279, 279, 2, 'All I Know', '0:3:55');
INSERT INTO tracks (artist_id, album_id, release_id, number, title, length) VALUES (110, 279, 279, 3, 'Look At You', '0:4:42');
INSERT INTO tracks (artist_id, album_id, release_id, number, title, length) VALUES (110, 279, 279, 4, 'Dying Days', '0:4:51');
INSERT INTO tracks (artist_id, album_id, release_id, number, title, length) VALUES (110, 279, 279, 5, 'Make My Mind', '0:4:11');
INSERT INTO tracks (artist_id, album_id, release_id, number, title, length) VALUES (110, 279, 279, 6, 'Sworn And Broken', '0:3:34');
INSERT INTO tracks (artist_id, album_id, release_id, number, title, length) VALUES (110, 279, 279, 7, 'Witness', '0:3:39');
INSERT INTO tracks (artist_id, album_id, release_id, number, title, length) VALUES (110, 279, 279, 8, 'Traveler', '0:5:22');
INSERT INTO tracks (artist_id, album_id, release_id, number, title, length) VALUES (110, 279, 279, 9, 'Dime Western', '0:3:39');
INSERT INTO tracks (artist_id, album_id, release_id, number, title, length) VALUES (110, 279, 279, 10, 'Gospel Plow', '0:6:19');
INSERT INTO albums (artist_id, title, year) VALUES (110, 'Sweet Oblivion', '1992-01-01');
INSERT INTO releases (album_id, description, year) VALUES (280, 'Standard CD', '1992-01-01');
INSERT INTO tracks (artist_id, album_id, release_id, number, title, length) VALUES (110, 280, 280, 1, 'Shadow Of The Season', '0:4:34');
INSERT INTO tracks (artist_id, album_id, release_id, number, title, length) VALUES (110, 280, 280, 2, 'Nearly Lost You', '0:4:7');
INSERT INTO tracks (artist_id, album_id, release_id, number, title, length) VALUES (110, 280, 280, 3, 'Dollar Bill', '0:4:35');
INSERT INTO tracks (artist_id, album_id, release_id, number, title, length) VALUES (110, 280, 280, 4, 'More Or Less', '0:3:11');
INSERT INTO tracks (artist_id, album_id, release_id, number, title, length) VALUES (110, 280, 280, 5, 'Butterfly', '0:3:22');
INSERT INTO tracks (artist_id, album_id, release_id, number, title, length) VALUES (110, 280, 280, 6, 'For Celebrations Past', '0:4:9');
INSERT INTO tracks (artist_id, album_id, release_id, number, title, length) VALUES (110, 280, 280, 7, 'The Secret Kind', '0:3:8');
INSERT INTO tracks (artist_id, album_id, release_id, number, title, length) VALUES (110, 280, 280, 8, 'Winter Song', '0:3:43');
INSERT INTO tracks (artist_id, album_id, release_id, number, title, length) VALUES (110, 280, 280, 9, 'Troubled Times', '0:5:20');
INSERT INTO tracks (artist_id, album_id, release_id, number, title, length) VALUES (110, 280, 280, 10, 'No One Knows', '0:5:13');
INSERT INTO tracks (artist_id, album_id, release_id, number, title, length) VALUES (110, 280, 280, 11, 'Julie Paradise', '0:5:5');
INSERT INTO artists (name) VALUES ('Sister Machine Gun');
INSERT INTO albums (artist_id, title, year) VALUES (111, 'Burn', '1995-01-01');
INSERT INTO releases (album_id, description, year) VALUES (281, 'Standard CD', '1995-01-01');
INSERT INTO tracks (artist_id, album_id, release_id, number, title, length) VALUES (111, 281, 281, 1, 'Red', '0:5:29');
INSERT INTO tracks (artist_id, album_id, release_id, number, title, length) VALUES (111, 281, 281, 2, 'Overload', '0:4:47');
INSERT INTO tracks (artist_id, album_id, release_id, number, title, length) VALUES (111, 281, 281, 3, 'Hole in the Ground', '0:5:29');
INSERT INTO tracks (artist_id, album_id, release_id, number, title, length) VALUES (111, 281, 281, 4, 'Disease', '0:3:31');
INSERT INTO tracks (artist_id, album_id, release_id, number, title, length) VALUES (111, 281, 281, 5, 'Burn', '0:4:45');
INSERT INTO tracks (artist_id, album_id, release_id, number, title, length) VALUES (111, 281, 281, 6, 'Dispossessed', '0:3:44');
INSERT INTO tracks (artist_id, album_id, release_id, number, title, length) VALUES (111, 281, 281, 7, 'Better Than Me', '0:3:59');
INSERT INTO tracks (artist_id, album_id, release_id, number, title, length) VALUES (111, 281, 281, 8, 'Snake', '0:4:57');
INSERT INTO tracks (artist_id, album_id, release_id, number, title, length) VALUES (111, 281, 281, 9, 'I Don''t Believe', '0:5:36');
INSERT INTO tracks (artist_id, album_id, release_id, number, title, length) VALUES (111, 281, 281, 10, 'Inside', '0:8:43');
INSERT INTO albums (artist_id, title, year) VALUES (111, 'Metropolis', '1997-01-01');
INSERT INTO releases (album_id, description, year) VALUES (282, 'Standard CD', '1997-01-01');
INSERT INTO tracks (artist_id, album_id, release_id, number, title, length) VALUES (111, 282, 282, 1, 'This Metal Sky', '0:2:28');
INSERT INTO tracks (artist_id, album_id, release_id, number, title, length) VALUES (111, 282, 282, 2, 'Desperation', '0:3:45');
INSERT INTO tracks (artist_id, album_id, release_id, number, title, length) VALUES (111, 282, 282, 3, 'Temptation', '0:4:38');
INSERT INTO tracks (artist_id, album_id, release_id, number, title, length) VALUES (111, 282, 282, 4, 'Think', '0:3:49');
INSERT INTO tracks (artist_id, album_id, release_id, number, title, length) VALUES (111, 282, 282, 5, 'Living Without You', '0:3:51');
INSERT INTO tracks (artist_id, album_id, release_id, number, title, length) VALUES (111, 282, 282, 6, 'Torque', '0:4:5');
INSERT INTO tracks (artist_id, album_id, release_id, number, title, length) VALUES (111, 282, 282, 7, 'White Lightning', '0:4:52');
INSERT INTO tracks (artist_id, album_id, release_id, number, title, length) VALUES (111, 282, 282, 8, 'Everything', '0:4:59');
INSERT INTO tracks (artist_id, album_id, release_id, number, title, length) VALUES (111, 282, 282, 9, 'What Do You Want From Me', '0:4:12');
INSERT INTO tracks (artist_id, album_id, release_id, number, title, length) VALUES (111, 282, 282, 10, 'Admit', '0:5:5');
INSERT INTO tracks (artist_id, album_id, release_id, number, title, length) VALUES (111, 282, 282, 11, 'Bitter End', '0:5:20');
INSERT INTO tracks (artist_id, album_id, release_id, number, title, length) VALUES (111, 282, 282, 12, 'Cut Down', '0:6:11');
INSERT INTO albums (artist_id, title, year) VALUES (111, 'The Torture Technique', '1994-01-01');
INSERT INTO releases (album_id, description, year) VALUES (283, 'Standard CD', '1994-01-01');
INSERT INTO tracks (artist_id, album_id, release_id, number, title, length) VALUES (111, 283, 283, 1, 'Salvation', '0:6:11');
INSERT INTO tracks (artist_id, album_id, release_id, number, title, length) VALUES (111, 283, 283, 2, 'Sacrifice', '0:3:46');
INSERT INTO tracks (artist_id, album_id, release_id, number, title, length) VALUES (111, 283, 283, 3, 'Negative', '0:4:25');
INSERT INTO tracks (artist_id, album_id, release_id, number, title, length) VALUES (111, 283, 283, 4, 'Krackhead', '0:4:29');
INSERT INTO tracks (artist_id, album_id, release_id, number, title, length) VALUES (111, 283, 283, 5, 'Wired', '0:3:2');
INSERT INTO tracks (artist_id, album_id, release_id, number, title, length) VALUES (111, 283, 283, 6, 'Cocaine Jesus', '0:5:31');
INSERT INTO tracks (artist_id, album_id, release_id, number, title, length) VALUES (111, 283, 283, 7, 'Brother Bomb', '0:3:27');
INSERT INTO tracks (artist_id, album_id, release_id, number, title, length) VALUES (111, 283, 283, 8, 'Nothing', '0:4:35');
INSERT INTO tracks (artist_id, album_id, release_id, number, title, length) VALUES (111, 283, 283, 9, 'Torture Technique', '0:3:27');
INSERT INTO tracks (artist_id, album_id, release_id, number, title, length) VALUES (111, 283, 283, 10, 'Iron Sun', '0:5:46');
INSERT INTO tracks (artist_id, album_id, release_id, number, title, length) VALUES (111, 283, 283, 11, 'Heaven', '0:5:36');
INSERT INTO albums (artist_id, title, year) VALUES (111, 'Wired/Lung', '1994-01-01');
INSERT INTO releases (album_id, description, year) VALUES (284, 'Standard CD', '1994-01-01');
INSERT INTO tracks (artist_id, album_id, release_id, number, title, length) VALUES (111, 284, 284, 1, 'Wired (Radio Edit)', '0:2:55');
INSERT INTO tracks (artist_id, album_id, release_id, number, title, length) VALUES (111, 284, 284, 2, 'Wired (Album Version)', '0:3:36');
INSERT INTO tracks (artist_id, album_id, release_id, number, title, length) VALUES (111, 284, 284, 3, 'Wired (Silicon Satan Mix)', '0:4:0');
INSERT INTO tracks (artist_id, album_id, release_id, number, title, length) VALUES (111, 284, 284, 4, 'Wired (Industrial Stomp Mix)', '0:4:6');
INSERT INTO tracks (artist_id, album_id, release_id, number, title, length) VALUES (111, 284, 284, 5, 'Lung (Bronchitis Mix)', '0:3:11');
INSERT INTO artists (name) VALUES ('Jane''s Addiction');
INSERT INTO albums (artist_id, title, year) VALUES (112, 'Nothing''s Shocking', '1988-01-01');
INSERT INTO releases (album_id, description, year) VALUES (285, 'Standard CD', '1988-01-01');
INSERT INTO tracks (artist_id, album_id, release_id, number, title, length) VALUES (112, 285, 285, 1, 'Up the Beach', '0:3:1');
INSERT INTO tracks (artist_id, album_id, release_id, number, title, length) VALUES (112, 285, 285, 2, 'Ocean Size', '0:4:19');
INSERT INTO tracks (artist_id, album_id, release_id, number, title, length) VALUES (112, 285, 285, 3, 'Had a Dad', '0:3:45');
INSERT INTO tracks (artist_id, album_id, release_id, number, title, length) VALUES (112, 285, 285, 6, 'Summertime Rolls', '0:6:20');
INSERT INTO tracks (artist_id, album_id, release_id, number, title, length) VALUES (112, 285, 285, 7, 'Mountain Song', '0:4:3');
INSERT INTO tracks (artist_id, album_id, release_id, number, title, length) VALUES (112, 285, 285, 8, 'Idiots Rule', '0:3:1');
INSERT INTO tracks (artist_id, album_id, release_id, number, title, length) VALUES (112, 285, 285, 9, 'Jane Says', '0:4:53');
INSERT INTO tracks (artist_id, album_id, release_id, number, title, length) VALUES (112, 285, 285, 10, 'Thank You Boys', '0:1:4');
INSERT INTO tracks (artist_id, album_id, release_id, number, title, length) VALUES (112, 285, 285, 4, 'Ted, Just Admit It...', '0:7:22');
INSERT INTO tracks (artist_id, album_id, release_id, number, title, length) VALUES (112, 285, 285, 5, 'Standing in the Shower...Thinking', '0:3:5');
INSERT INTO tracks (artist_id, album_id, release_id, number, title, length) VALUES (112, 285, 285, 11, 'Pigs in Zen', '0:4:30');
INSERT INTO artists (name) VALUES ('Ninety Pound Wuss');
INSERT INTO albums (artist_id, title, year) VALUES (113, 'Short Hand Operation', '1999-01-01');
INSERT INTO releases (album_id, description, year) VALUES (286, 'Standard CD', '1999-01-01');
INSERT INTO tracks (artist_id, album_id, release_id, number, title, length) VALUES (113, 286, 286, 1, 'Short Hand Operation', '0:3:9');
INSERT INTO tracks (artist_id, album_id, release_id, number, title, length) VALUES (113, 286, 286, 2, 'Fulfilled', '0:4:26');
INSERT INTO tracks (artist_id, album_id, release_id, number, title, length) VALUES (113, 286, 286, 3, 'Torment in Tension', '0:3:14');
INSERT INTO tracks (artist_id, album_id, release_id, number, title, length) VALUES (113, 286, 286, 4, 'Outbreak', '0:2:21');
INSERT INTO tracks (artist_id, album_id, release_id, number, title, length) VALUES (113, 286, 286, 5, 'Nostalgia', '0:4:33');
INSERT INTO tracks (artist_id, album_id, release_id, number, title, length) VALUES (113, 286, 286, 6, 'It Seems so Far Away', '0:4:24');
INSERT INTO tracks (artist_id, album_id, release_id, number, title, length) VALUES (113, 286, 286, 7, 'Nolo Contendre', '0:3:1');
INSERT INTO tracks (artist_id, album_id, release_id, number, title, length) VALUES (113, 286, 286, 8, 'Hope', '0:2:35');
INSERT INTO tracks (artist_id, album_id, release_id, number, title, length) VALUES (113, 286, 286, 9, 'Letting Loose', '0:2:54');
INSERT INTO tracks (artist_id, album_id, release_id, number, title, length) VALUES (113, 286, 286, 10, 'Not Like Me', '0:1:53');
INSERT INTO tracks (artist_id, album_id, release_id, number, title, length) VALUES (113, 286, 286, 11, 'Intermediate Laceration', '0:4:59');
INSERT INTO tracks (artist_id, album_id, release_id, number, title, length) VALUES (113, 286, 286, 12, 'What I Am', '0:3:39');
INSERT INTO tracks (artist_id, album_id, release_id, number, title, length) VALUES (113, 286, 286, 13, 'Second Stage of Adolescence', '0:3:6');
INSERT INTO tracks (artist_id, album_id, release_id, number, title, length) VALUES (113, 286, 286, 14, 'At the End of It All', '0:3:48');
INSERT INTO artists (name) VALUES ('Pistol Grip');
INSERT INTO albums (artist_id, title, year) VALUES (114, 'Tear It All Down', '2004-01-01');
INSERT INTO releases (album_id, description, year) VALUES (287, 'Standard CD', '2004-01-01');
INSERT INTO tracks (artist_id, album_id, release_id, number, title, length) VALUES (114, 287, 287, 1, 'When The Ink Runs Dry', '0:1:49');
INSERT INTO tracks (artist_id, album_id, release_id, number, title, length) VALUES (114, 287, 287, 2, 'For I Have Sinned', '0:2:51');
INSERT INTO tracks (artist_id, album_id, release_id, number, title, length) VALUES (114, 287, 287, 3, 'Never B Another', '0:3:42');
INSERT INTO tracks (artist_id, album_id, release_id, number, title, length) VALUES (114, 287, 287, 4, 'Give In', '0:2:44');
INSERT INTO tracks (artist_id, album_id, release_id, number, title, length) VALUES (114, 287, 287, 5, 'Rusted Lining', '0:2:57');
INSERT INTO tracks (artist_id, album_id, release_id, number, title, length) VALUES (114, 287, 287, 6, 'Dog In Prague', '0:2:52');
INSERT INTO tracks (artist_id, album_id, release_id, number, title, length) VALUES (114, 287, 287, 7, 'The Network', '0:2:9');
INSERT INTO tracks (artist_id, album_id, release_id, number, title, length) VALUES (114, 287, 287, 8, 'Stained And Destructed', '0:3:10');
INSERT INTO tracks (artist_id, album_id, release_id, number, title, length) VALUES (114, 287, 287, 9, 'Can''t Keep Us Silent', '0:3:24');
INSERT INTO tracks (artist_id, album_id, release_id, number, title, length) VALUES (114, 287, 287, 10, 'Word Of Mouth', '0:2:51');
INSERT INTO tracks (artist_id, album_id, release_id, number, title, length) VALUES (114, 287, 287, 11, 'Closing Time', '0:2:34');
INSERT INTO tracks (artist_id, album_id, release_id, number, title, length) VALUES (114, 287, 287, 12, 'Lead The Way', '0:3:29');
INSERT INTO artists (name) VALUES ('AC/DC');
INSERT INTO albums (artist_id, title, year) VALUES (115, 'AC/DC Live', NULL);
INSERT INTO releases (album_id, description, year) VALUES (288, 'Standard CD', NULL);
INSERT INTO tracks (artist_id, album_id, release_id, number, title, length) VALUES (115, 288, 288, 1, 'Thunderstruck', '0:6:34');
INSERT INTO tracks (artist_id, album_id, release_id, number, title, length) VALUES (115, 288, 288, 2, 'Shoot To Thrill', '0:5:23');
INSERT INTO tracks (artist_id, album_id, release_id, number, title, length) VALUES (115, 288, 288, 3, 'Back In Black', '0:4:28');
INSERT INTO tracks (artist_id, album_id, release_id, number, title, length) VALUES (115, 288, 288, 4, 'Who Made Who', '0:5:16');
INSERT INTO tracks (artist_id, album_id, release_id, number, title, length) VALUES (115, 288, 288, 5, 'Heatseeker', '0:3:36');
INSERT INTO tracks (artist_id, album_id, release_id, number, title, length) VALUES (115, 288, 288, 6, 'The Jack', '0:6:57');
INSERT INTO tracks (artist_id, album_id, release_id, number, title, length) VALUES (115, 288, 288, 7, 'Moneytalks', '0:4:19');
INSERT INTO tracks (artist_id, album_id, release_id, number, title, length) VALUES (115, 288, 288, 8, 'Hells Bells', '0:6:1');
INSERT INTO tracks (artist_id, album_id, release_id, number, title, length) VALUES (115, 288, 288, 9, 'Dirty Deeds Done Dirt Cheap', '0:5:2');
INSERT INTO tracks (artist_id, album_id, release_id, number, title, length) VALUES (115, 288, 288, 10, 'Whole Lotta Rosie', '0:4:30');
INSERT INTO tracks (artist_id, album_id, release_id, number, title, length) VALUES (115, 288, 288, 11, 'You Shook Me All Night Long', '0:3:54');
INSERT INTO tracks (artist_id, album_id, release_id, number, title, length) VALUES (115, 288, 288, 12, 'Highway To Hell', '0:3:59');
INSERT INTO tracks (artist_id, album_id, release_id, number, title, length) VALUES (115, 288, 288, 13, 'T.N.T.', '0:3:47');
INSERT INTO tracks (artist_id, album_id, release_id, number, title, length) VALUES (115, 288, 288, 14, 'For Those About To Rock', '0:7:7');
INSERT INTO artists (name) VALUES ('Biomechanical');
INSERT INTO albums (artist_id, title, year) VALUES (116, 'The Empires Of The World', '2005-01-01');
INSERT INTO releases (album_id, description, year) VALUES (289, 'Standard CD', '2005-01-01');
INSERT INTO tracks (artist_id, album_id, release_id, number, title, length) VALUES (116, 289, 289, 1, 'Enemy Within', '0:4:55');
INSERT INTO tracks (artist_id, album_id, release_id, number, title, length) VALUES (116, 289, 289, 2, 'The Empires Of The World', '0:4:8');
INSERT INTO tracks (artist_id, album_id, release_id, number, title, length) VALUES (116, 289, 289, 3, 'Assaulter', '0:4:9');
INSERT INTO tracks (artist_id, album_id, release_id, number, title, length) VALUES (116, 289, 289, 4, 'Relinquished Destiny', '0:4:8');
INSERT INTO tracks (artist_id, album_id, release_id, number, title, length) VALUES (116, 289, 289, 5, 'Long Time Dead', '0:4:59');
INSERT INTO tracks (artist_id, album_id, release_id, number, title, length) VALUES (116, 289, 289, 6, 'Regenerated', '0:3:39');
INSERT INTO tracks (artist_id, album_id, release_id, number, title, length) VALUES (116, 289, 289, 7, 'DNA Metastasis', '0:3:29');
INSERT INTO tracks (artist_id, album_id, release_id, number, title, length) VALUES (116, 289, 289, 8, 'Survival', '0:3:39');
INSERT INTO tracks (artist_id, album_id, release_id, number, title, length) VALUES (116, 289, 289, 9, 'Existenz', '0:4:55');
INSERT INTO tracks (artist_id, album_id, release_id, number, title, length) VALUES (116, 289, 289, 10, 'Truth Denied', '0:3:28');
INSERT INTO tracks (artist_id, album_id, release_id, number, title, length) VALUES (116, 289, 289, 11, 'Absolution Part 1 - Final Offence', '0:3:22');
INSERT INTO tracks (artist_id, album_id, release_id, number, title, length) VALUES (116, 289, 289, 12, 'Absolution Part 2 - From The Abyss', '0:0:37');
INSERT INTO tracks (artist_id, album_id, release_id, number, title, length) VALUES (116, 289, 289, 13, 'Absolution Part 3 - Absolution', '0:3:49');
INSERT INTO tracks (artist_id, album_id, release_id, number, title, length) VALUES (116, 289, 289, 14, 'Absolution Part 4 - Disintergration', '0:4:46');
INSERT INTO artists (name) VALUES ('Blur');
INSERT INTO albums (artist_id, title, year) VALUES (117, 'Blur', '1997-01-01');
INSERT INTO releases (album_id, description, year) VALUES (290, 'Standard CD', '1997-01-01');
INSERT INTO tracks (artist_id, album_id, release_id, number, title, length) VALUES (117, 290, 290, 1, 'Beetlebum', '0:5:4');
INSERT INTO tracks (artist_id, album_id, release_id, number, title, length) VALUES (117, 290, 290, 2, 'Song 2', '0:2:1');
INSERT INTO tracks (artist_id, album_id, release_id, number, title, length) VALUES (117, 290, 290, 3, 'Country Sad Ballad Man', '0:4:50');
INSERT INTO tracks (artist_id, album_id, release_id, number, title, length) VALUES (117, 290, 290, 4, 'M.O.R.', '0:3:27');
INSERT INTO tracks (artist_id, album_id, release_id, number, title, length) VALUES (117, 290, 290, 5, 'On Your Own', '0:4:26');
INSERT INTO tracks (artist_id, album_id, release_id, number, title, length) VALUES (117, 290, 290, 6, 'Theme From Retro', '0:3:37');
INSERT INTO tracks (artist_id, album_id, release_id, number, title, length) VALUES (117, 290, 290, 7, 'You''re So Great', '0:3:35');
INSERT INTO tracks (artist_id, album_id, release_id, number, title, length) VALUES (117, 290, 290, 8, 'Death Of A Party', '0:4:33');
INSERT INTO tracks (artist_id, album_id, release_id, number, title, length) VALUES (117, 290, 290, 9, 'Chinese Bombs', '0:1:24');
INSERT INTO tracks (artist_id, album_id, release_id, number, title, length) VALUES (117, 290, 290, 10, 'I''m Just A Killer For Your Love', '0:4:11');
INSERT INTO tracks (artist_id, album_id, release_id, number, title, length) VALUES (117, 290, 290, 11, 'Look Inside America', '0:3:50');
INSERT INTO tracks (artist_id, album_id, release_id, number, title, length) VALUES (117, 290, 290, 12, 'Strange News From Another Star', '0:4:2');
INSERT INTO tracks (artist_id, album_id, release_id, number, title, length) VALUES (117, 290, 290, 13, 'Movin'' On', '0:3:44');
INSERT INTO tracks (artist_id, album_id, release_id, number, title, length) VALUES (117, 290, 290, 14, 'Essex Dogs', '0:11:24');
INSERT INTO albums (artist_id, title, year) VALUES (117, 'MOR', '1997-01-01');
INSERT INTO releases (album_id, description, year) VALUES (291, 'Standard CD', '1997-01-01');
INSERT INTO tracks (artist_id, album_id, release_id, number, title, length) VALUES (117, 291, 291, 1, 'MOR (Road Version)', '0:3:13');
INSERT INTO tracks (artist_id, album_id, release_id, number, title, length) VALUES (117, 291, 291, 2, 'Pop Scene (Live)', '0:2:58');
INSERT INTO tracks (artist_id, album_id, release_id, number, title, length) VALUES (117, 291, 291, 3, 'Song 2 (Live)', '0:1:56');
INSERT INTO tracks (artist_id, album_id, release_id, number, title, length) VALUES (117, 291, 291, 4, 'Bustin'' + Dronin''', '0:6:30');
INSERT INTO artists (name) VALUES ('Candlebox');
INSERT INTO albums (artist_id, title, year) VALUES (118, 'Lucy', '1995-01-01');
INSERT INTO releases (album_id, description, year) VALUES (292, 'Standard CD', '1995-01-01');
INSERT INTO tracks (artist_id, album_id, release_id, number, title, length) VALUES (118, 292, 292, 1, 'Simple Lessons', '0:2:52');
INSERT INTO tracks (artist_id, album_id, release_id, number, title, length) VALUES (118, 292, 292, 2, 'Drowned', '0:4:51');
INSERT INTO tracks (artist_id, album_id, release_id, number, title, length) VALUES (118, 292, 292, 3, 'Lucy', '0:4:45');
INSERT INTO tracks (artist_id, album_id, release_id, number, title, length) VALUES (118, 292, 292, 4, 'Best Friend', '0:3:27');
INSERT INTO tracks (artist_id, album_id, release_id, number, title, length) VALUES (118, 292, 292, 5, 'Become (To Tell)', '0:3:36');
INSERT INTO tracks (artist_id, album_id, release_id, number, title, length) VALUES (118, 292, 292, 6, 'Understanding', '0:4:48');
INSERT INTO tracks (artist_id, album_id, release_id, number, title, length) VALUES (118, 292, 292, 7, 'Crooked Halo', '0:4:2');
INSERT INTO tracks (artist_id, album_id, release_id, number, title, length) VALUES (118, 292, 292, 8, 'Bothered', '0:2:16');
INSERT INTO tracks (artist_id, album_id, release_id, number, title, length) VALUES (118, 292, 292, 9, 'Butterfly', '0:4:54');
INSERT INTO tracks (artist_id, album_id, release_id, number, title, length) VALUES (118, 292, 292, 10, 'It''s Amazing', '0:3:59');
INSERT INTO tracks (artist_id, album_id, release_id, number, title, length) VALUES (118, 292, 292, 11, 'Vulgar Before Me', '0:3:37');
INSERT INTO tracks (artist_id, album_id, release_id, number, title, length) VALUES (118, 292, 292, 12, 'Butterfly (Reprise)', '0:6:15');
INSERT INTO artists (name) VALUES ('C-Lekktor');
INSERT INTO albums (artist_id, title, year) VALUES (119, 'The Silence Procession', '2008-01-01');
INSERT INTO releases (album_id, description, year) VALUES (293, 'Standard CD', '2008-01-01');
INSERT INTO tracks (artist_id, album_id, release_id, number, title, length) VALUES (119, 293, 293, 1, 'Intro (Who The Fuck Are You?)', '0:1:12');
INSERT INTO tracks (artist_id, album_id, release_id, number, title, length) VALUES (119, 293, 293, 2, 'We Are All Ready Death', '0:6:19');
INSERT INTO tracks (artist_id, album_id, release_id, number, title, length) VALUES (119, 293, 293, 3, 'Damn Your Faith', '0:6:18');
INSERT INTO tracks (artist_id, album_id, release_id, number, title, length) VALUES (119, 293, 293, 4, 'Stigmata', '0:4:28');
INSERT INTO tracks (artist_id, album_id, release_id, number, title, length) VALUES (119, 293, 293, 5, 'Our Dark Side', '0:5:57');
INSERT INTO tracks (artist_id, album_id, release_id, number, title, length) VALUES (119, 293, 293, 6, 'Silence Remains', '0:6:47');
INSERT INTO tracks (artist_id, album_id, release_id, number, title, length) VALUES (119, 293, 293, 7, 'See My Hate', '0:4:32');
INSERT INTO tracks (artist_id, album_id, release_id, number, title, length) VALUES (119, 293, 293, 8, 'Pecados', '0:4:55');
INSERT INTO tracks (artist_id, album_id, release_id, number, title, length) VALUES (119, 293, 293, 9, 'An Empty Soul', '0:5:18');
INSERT INTO tracks (artist_id, album_id, release_id, number, title, length) VALUES (119, 293, 293, 10, 'De La Gloria Al Infierno', '0:5:22');
INSERT INTO tracks (artist_id, album_id, release_id, number, title, length) VALUES (119, 293, 293, 11, 'Infected', '0:4:41');
INSERT INTO artists (name) VALUES ('Collective Soul');
INSERT INTO albums (artist_id, title, year) VALUES (120, 'Collective Soul', '1995-01-01');
INSERT INTO releases (album_id, description, year) VALUES (294, 'Standard CD', '1995-01-01');
INSERT INTO tracks (artist_id, album_id, release_id, number, title, length) VALUES (120, 294, 294, 1, 'Simple', '0:3:45');
INSERT INTO tracks (artist_id, album_id, release_id, number, title, length) VALUES (120, 294, 294, 2, 'Untitled', '0:4:1');
INSERT INTO tracks (artist_id, album_id, release_id, number, title, length) VALUES (120, 294, 294, 3, 'The World I Know', '0:4:16');
INSERT INTO tracks (artist_id, album_id, release_id, number, title, length) VALUES (120, 294, 294, 4, 'Smashing Young Man', '0:3:45');
INSERT INTO tracks (artist_id, album_id, release_id, number, title, length) VALUES (120, 294, 294, 5, 'December', '0:4:45');
INSERT INTO tracks (artist_id, album_id, release_id, number, title, length) VALUES (120, 294, 294, 6, 'Where The River Flows', '0:3:35');
INSERT INTO tracks (artist_id, album_id, release_id, number, title, length) VALUES (120, 294, 294, 7, 'Gel', '0:3:0');
INSERT INTO tracks (artist_id, album_id, release_id, number, title, length) VALUES (120, 294, 294, 8, 'She Gathers Rain', '0:4:31');
INSERT INTO tracks (artist_id, album_id, release_id, number, title, length) VALUES (120, 294, 294, 9, 'When The Water Falls', '0:3:40');
INSERT INTO tracks (artist_id, album_id, release_id, number, title, length) VALUES (120, 294, 294, 10, 'Collection Of Goods', '0:4:14');
INSERT INTO tracks (artist_id, album_id, release_id, number, title, length) VALUES (120, 294, 294, 11, 'Bleed', '0:4:3');
INSERT INTO tracks (artist_id, album_id, release_id, number, title, length) VALUES (120, 294, 294, 12, 'Reunion', '0:2:35');
INSERT INTO artists (name) VALUES ('Cyberaktif');
INSERT INTO albums (artist_id, title, year) VALUES (121, 'Temper', '1990-01-01');
INSERT INTO releases (album_id, description, year) VALUES (295, 'Standard CD', '1990-01-01');
INSERT INTO tracks (artist_id, album_id, release_id, number, title, length) VALUES (121, 295, 295, 1, 'Temper [Ext. Mix]', '0:7:0');
INSERT INTO tracks (artist_id, album_id, release_id, number, title, length) VALUES (121, 295, 295, 2, 'Meltdown [Parody]', '0:7:40');
INSERT INTO tracks (artist_id, album_id, release_id, number, title, length) VALUES (121, 295, 295, 3, 'Dream Needle', '0:4:22');
INSERT INTO artists (name) VALUES ('DGENERATION');
INSERT INTO albums (artist_id, title, year) VALUES (122, 'Through The Darkness', '1999-01-01');
INSERT INTO releases (album_id, description, year) VALUES (296, 'Standard CD', '1999-01-01');
INSERT INTO tracks (artist_id, album_id, release_id, number, title, length) VALUES (122, 296, 296, 1, 'Helpless', '0:3:33');
INSERT INTO tracks (artist_id, album_id, release_id, number, title, length) VALUES (122, 296, 296, 2, 'Every Mother''s Son', '0:2:46');
INSERT INTO tracks (artist_id, album_id, release_id, number, title, length) VALUES (122, 296, 296, 3, 'Hatred', '0:3:19');
INSERT INTO tracks (artist_id, album_id, release_id, number, title, length) VALUES (122, 296, 296, 4, 'Rise & Fall', '0:2:53');
INSERT INTO tracks (artist_id, album_id, release_id, number, title, length) VALUES (122, 296, 296, 5, 'Only A Ghost', '0:4:4');
INSERT INTO tracks (artist_id, album_id, release_id, number, title, length) VALUES (122, 296, 296, 6, 'Lonely', '0:4:9');
INSERT INTO tracks (artist_id, album_id, release_id, number, title, length) VALUES (122, 296, 296, 7, 'Good Ship Down', '0:3:23');
INSERT INTO tracks (artist_id, album_id, release_id, number, title, length) VALUES (122, 296, 296, 8, 'Sick On The Radio', '0:3:30');
INSERT INTO tracks (artist_id, album_id, release_id, number, title, length) VALUES (122, 296, 296, 9, 'Chinatown', '0:2:9');
INSERT INTO tracks (artist_id, album_id, release_id, number, title, length) VALUES (122, 296, 296, 10, 'So Messed Up', '0:3:31');
INSERT INTO tracks (artist_id, album_id, release_id, number, title, length) VALUES (122, 296, 296, 11, 'Sunday Secret saints', '0:3:3');
INSERT INTO tracks (artist_id, album_id, release_id, number, title, length) VALUES (122, 296, 296, 12, 'Cornered', '0:3:25');
INSERT INTO tracks (artist_id, album_id, release_id, number, title, length) VALUES (122, 296, 296, 13, 'Don''t Be Denied', '0:16:27');
INSERT INTO artists (name) VALUES ('Downer');
INSERT INTO albums (artist_id, title, year) VALUES (123, 'Downer', '2001-01-01');
INSERT INTO releases (album_id, description, year) VALUES (297, 'Standard CD', '2001-01-01');
INSERT INTO tracks (artist_id, album_id, release_id, number, title, length) VALUES (123, 297, 297, 1, 'Flex', '0:3:18');
INSERT INTO tracks (artist_id, album_id, release_id, number, title, length) VALUES (123, 297, 297, 2, 'Bi-Furious', '0:4:11');
INSERT INTO tracks (artist_id, album_id, release_id, number, title, length) VALUES (123, 297, 297, 3, 'Last Time', '0:2:39');
INSERT INTO tracks (artist_id, album_id, release_id, number, title, length) VALUES (123, 297, 297, 4, 'Savior', '0:4:9');
INSERT INTO tracks (artist_id, album_id, release_id, number, title, length) VALUES (123, 297, 297, 5, 'Weed Eater', '0:2:52');
INSERT INTO tracks (artist_id, album_id, release_id, number, title, length) VALUES (123, 297, 297, 6, 'Mud Bath', '0:3:53');
INSERT INTO tracks (artist_id, album_id, release_id, number, title, length) VALUES (123, 297, 297, 7, 'Born Again', '0:2:50');
INSERT INTO tracks (artist_id, album_id, release_id, number, title, length) VALUES (123, 297, 297, 8, 'Speed Teeth', '0:2:43');
INSERT INTO tracks (artist_id, album_id, release_id, number, title, length) VALUES (123, 297, 297, 9, 'Punching Bag', '0:2:39');
INSERT INTO tracks (artist_id, album_id, release_id, number, title, length) VALUES (123, 297, 297, 10, 'Ventilation', '0:2:21');
INSERT INTO tracks (artist_id, album_id, release_id, number, title, length) VALUES (123, 297, 297, 11, 'Curbed', '0:35:13');
INSERT INTO artists (name) VALUES ('Download');
INSERT INTO albums (artist_id, title, year) VALUES (124, 'Microscopic', '1995-01-01');
INSERT INTO releases (album_id, description, year) VALUES (298, 'Standard CD', '1995-01-01');
INSERT INTO tracks (artist_id, album_id, release_id, number, title, length) VALUES (124, 298, 298, 1, 'Omniman (Remix)', '0:6:5');
INSERT INTO tracks (artist_id, album_id, release_id, number, title, length) VALUES (124, 298, 298, 2, 'Attalal (Remixed by Biosphere)', '0:7:17');
INSERT INTO tracks (artist_id, album_id, release_id, number, title, length) VALUES (124, 298, 298, 3, 'Mothersonne (Remixed by Newt)', '0:6:35');
INSERT INTO tracks (artist_id, album_id, release_id, number, title, length) VALUES (124, 298, 298, 4, 'Noh Mans Land V', '0:7:41');
INSERT INTO tracks (artist_id, album_id, release_id, number, title, length) VALUES (124, 298, 298, 5, 'Microscopic', '0:6:25');
INSERT INTO tracks (artist_id, album_id, release_id, number, title, length) VALUES (124, 298, 298, 6, 'Noh Mans Visit', '0:6:43');
INSERT INTO tracks (artist_id, album_id, release_id, number, title, length) VALUES (124, 298, 298, 7, 'Energy Plan', '0:12:35');
INSERT INTO tracks (artist_id, album_id, release_id, number, title, length) VALUES (124, 298, 298, 8, 'Papa Papa Mula Cwm', '0:0:58');
INSERT INTO artists (name) VALUES ('Equinox');
INSERT INTO albums (artist_id, title, year) VALUES (125, 'Holon', '1998-01-01');
INSERT INTO releases (album_id, description, year) VALUES (299, 'Standard CD', '1998-01-01');
INSERT INTO tracks (artist_id, album_id, release_id, number, title, length) VALUES (125, 299, 299, 1, 'Contact', '0:7:43');
INSERT INTO tracks (artist_id, album_id, release_id, number, title, length) VALUES (125, 299, 299, 2, 'Nova Man', '0:7:56');
INSERT INTO tracks (artist_id, album_id, release_id, number, title, length) VALUES (125, 299, 299, 3, 'Janus Effect', '0:6:58');
INSERT INTO tracks (artist_id, album_id, release_id, number, title, length) VALUES (125, 299, 299, 4, 'Phenomena', '0:5:48');
INSERT INTO tracks (artist_id, album_id, release_id, number, title, length) VALUES (125, 299, 299, 5, 'Binary Star', '0:7:15');
INSERT INTO tracks (artist_id, album_id, release_id, number, title, length) VALUES (125, 299, 299, 6, 'Funky Ass', '0:6:19');
INSERT INTO tracks (artist_id, album_id, release_id, number, title, length) VALUES (125, 299, 299, 7, 'Electronic Dreams', '0:9:5');
INSERT INTO tracks (artist_id, album_id, release_id, number, title, length) VALUES (125, 299, 299, 8, 'Remember Today', '0:7:7');
INSERT INTO tracks (artist_id, album_id, release_id, number, title, length) VALUES (125, 299, 299, 9, 'Horizon', '0:8:41');
INSERT INTO artists (name) VALUES ('Funker Vogt');
INSERT INTO albums (artist_id, title, year) VALUES (126, 'Gunman', '2000-01-01');
INSERT INTO releases (album_id, description, year) VALUES (300, 'Standard CD', '2000-01-01');
INSERT INTO tracks (artist_id, album_id, release_id, number, title, length) VALUES (126, 300, 300, 1, 'Gunman (Classic)', '0:4:19');
INSERT INTO tracks (artist_id, album_id, release_id, number, title, length) VALUES (126, 300, 300, 2, 'F-117', '0:4:54');
INSERT INTO tracks (artist_id, album_id, release_id, number, title, length) VALUES (126, 300, 300, 3, 'Gunman (Crossed)', '0:4:20');
INSERT INTO tracks (artist_id, album_id, release_id, number, title, length) VALUES (126, 300, 300, 4, 'Gunman (Female)', '0:6:30');
INSERT INTO tracks (artist_id, album_id, release_id, number, title, length) VALUES (126, 300, 300, 5, 'Nuclear Winter (Frost-Bitten)', '0:5:30');
INSERT INTO artists (name) VALUES ('Lobotomy');
INSERT INTO albums (artist_id, title, year) VALUES (127, 'Born In Hell', '1999-01-01');
INSERT INTO releases (album_id, description, year) VALUES (301, 'Standard CD', '1999-01-01');
INSERT INTO tracks (artist_id, album_id, release_id, number, title, length) VALUES (127, 301, 301, 1, 'Born In Hell', '0:5:4');
INSERT INTO tracks (artist_id, album_id, release_id, number, title, length) VALUES (127, 301, 301, 2, 'Fistful of Demons', '0:3:8');
INSERT INTO tracks (artist_id, album_id, release_id, number, title, length) VALUES (127, 301, 301, 3, 'Dead', '0:5:47');
INSERT INTO tracks (artist_id, album_id, release_id, number, title, length) VALUES (127, 301, 301, 4, 'Scream For Me', '0:2:58');
INSERT INTO tracks (artist_id, album_id, release_id, number, title, length) VALUES (127, 301, 301, 5, 'Burden of Sin', '0:3:13');
INSERT INTO tracks (artist_id, album_id, release_id, number, title, length) VALUES (127, 301, 301, 6, 'Ashes', '0:3:55');
INSERT INTO tracks (artist_id, album_id, release_id, number, title, length) VALUES (127, 301, 301, 7, 'Bloodangel', '0:4:48');
INSERT INTO tracks (artist_id, album_id, release_id, number, title, length) VALUES (127, 301, 301, 8, 'Painreleaser', '0:2:50');
INSERT INTO tracks (artist_id, album_id, release_id, number, title, length) VALUES (127, 301, 301, 9, 'Bed of Flies', '0:5:23');
INSERT INTO tracks (artist_id, album_id, release_id, number, title, length) VALUES (127, 301, 301, 10, 'Dying Days', '0:5:31');
INSERT INTO artists (name) VALUES ('Love Battery');
INSERT INTO albums (artist_id, title, year) VALUES (128, 'Dayglo', '1992-01-01');
INSERT INTO releases (album_id, description, year) VALUES (302, 'Standard CD', '1992-01-01');
INSERT INTO tracks (artist_id, album_id, release_id, number, title, length) VALUES (128, 302, 302, 1, 'Out Of Focus', '0:5:23');
INSERT INTO tracks (artist_id, album_id, release_id, number, title, length) VALUES (128, 302, 302, 2, 'Foot', '0:3:48');
INSERT INTO tracks (artist_id, album_id, release_id, number, title, length) VALUES (128, 302, 302, 3, 'Damaged', '0:3:58');
INSERT INTO tracks (artist_id, album_id, release_id, number, title, length) VALUES (128, 302, 302, 4, 'See Your Mind', '0:3:21');
INSERT INTO tracks (artist_id, album_id, release_id, number, title, length) VALUES (128, 302, 302, 5, 'Side (With You)', '0:5:0');
INSERT INTO tracks (artist_id, album_id, release_id, number, title, length) VALUES (128, 302, 302, 6, 'Cool School (Trane Of Thought)', '0:4:27');
INSERT INTO tracks (artist_id, album_id, release_id, number, title, length) VALUES (128, 302, 302, 7, 'Sometimes', '0:3:23');
INSERT INTO tracks (artist_id, album_id, release_id, number, title, length) VALUES (128, 302, 302, 8, 'Blonde', '0:4:19');
INSERT INTO tracks (artist_id, album_id, release_id, number, title, length) VALUES (128, 302, 302, 9, 'Dayglo', '0:3:42');
INSERT INTO tracks (artist_id, album_id, release_id, number, title, length) VALUES (128, 302, 302, 10, '23 Modern Stories', '0:3:29');
INSERT INTO artists (name) VALUES ('Make Sweet Love');
INSERT INTO albums (artist_id, title, year) VALUES (129, 'Return To Olympus', '1986-01-01');
INSERT INTO releases (album_id, description, year) VALUES (303, 'Standard CD', '1986-01-01');
INSERT INTO tracks (artist_id, album_id, release_id, number, title, length) VALUES (129, 303, 303, 10, 'Region', '0:5:5');
INSERT INTO artists (name) VALUES ('Malfunkshun');
INSERT INTO albums (artist_id, title, year) VALUES (130, 'Return To Olympus', '1986-01-01');
INSERT INTO releases (album_id, description, year) VALUES (304, 'Standard CD', '1986-01-01');
INSERT INTO tracks (artist_id, album_id, release_id, number, title, length) VALUES (130, 304, 304, 1, 'Enter L''Andrew', '0:2:50');
INSERT INTO tracks (artist_id, album_id, release_id, number, title, length) VALUES (130, 304, 304, 2, 'My Only Fan', '0:4:22');
INSERT INTO tracks (artist_id, album_id, release_id, number, title, length) VALUES (130, 304, 304, 3, 'Mr. Liberty (With Morals)', '0:3:24');
INSERT INTO tracks (artist_id, album_id, release_id, number, title, length) VALUES (130, 304, 304, 4, 'Jezebel Woman', '0:4:31');
INSERT INTO tracks (artist_id, album_id, release_id, number, title, length) VALUES (130, 304, 304, 5, 'Shotgun Wedding', '0:4:16');
INSERT INTO tracks (artist_id, album_id, release_id, number, title, length) VALUES (130, 304, 304, 6, 'Wang Dang Sweet Poontang', '0:3:19');
INSERT INTO tracks (artist_id, album_id, release_id, number, title, length) VALUES (130, 304, 304, 7, 'Until The Ocean', '0:2:54');
INSERT INTO tracks (artist_id, album_id, release_id, number, title, length) VALUES (130, 304, 304, 8, 'I Wanna Be Yo'' Daddy', '0:4:55');
INSERT INTO tracks (artist_id, album_id, release_id, number, title, length) VALUES (130, 304, 304, 9, 'Winter Bites', '0:7:38');
INSERT INTO tracks (artist_id, album_id, release_id, number, title, length) VALUES (130, 304, 304, 11, 'Luxury Bed (The Rocketship Chair)', '0:4:57');
INSERT INTO tracks (artist_id, album_id, release_id, number, title, length) VALUES (130, 304, 304, 12, 'Exit L''Andrew', '0:1:50');
INSERT INTO tracks (artist_id, album_id, release_id, number, title, length) VALUES (130, 304, 304, 13, ' ', '0:0:10');
INSERT INTO tracks (artist_id, album_id, release_id, number, title, length) VALUES (130, 304, 304, 14, ' ', '0:0:4');
INSERT INTO tracks (artist_id, album_id, release_id, number, title, length) VALUES (130, 304, 304, 15, ' ', '0:0:4');
INSERT INTO tracks (artist_id, album_id, release_id, number, title, length) VALUES (130, 304, 304, 16, ' ', '0:0:4');
INSERT INTO tracks (artist_id, album_id, release_id, number, title, length) VALUES (130, 304, 304, 17, ' ', '0:0:4');
INSERT INTO tracks (artist_id, album_id, release_id, number, title, length) VALUES (130, 304, 304, 18, ' ', '0:0:4');
INSERT INTO tracks (artist_id, album_id, release_id, number, title, length) VALUES (130, 304, 304, 19, ' ', '0:0:4');
INSERT INTO tracks (artist_id, album_id, release_id, number, title, length) VALUES (130, 304, 304, 20, ' ', '0:0:4');
INSERT INTO tracks (artist_id, album_id, release_id, number, title, length) VALUES (130, 304, 304, 21, ' ', '0:0:4');
INSERT INTO tracks (artist_id, album_id, release_id, number, title, length) VALUES (130, 304, 304, 22, ' ', '0:0:4');
INSERT INTO tracks (artist_id, album_id, release_id, number, title, length) VALUES (130, 304, 304, 23, ' ', '0:0:10');
INSERT INTO tracks (artist_id, album_id, release_id, number, title, length) VALUES (130, 304, 304, 24, ' ', '0:0:4');
INSERT INTO tracks (artist_id, album_id, release_id, number, title, length) VALUES (130, 304, 304, 25, ' ', '0:0:4');
INSERT INTO tracks (artist_id, album_id, release_id, number, title, length) VALUES (130, 304, 304, 26, ' ', '0:0:4');
INSERT INTO tracks (artist_id, album_id, release_id, number, title, length) VALUES (130, 304, 304, 27, ' ', '0:0:4');
INSERT INTO tracks (artist_id, album_id, release_id, number, title, length) VALUES (130, 304, 304, 28, ' ', '0:0:4');
INSERT INTO tracks (artist_id, album_id, release_id, number, title, length) VALUES (130, 304, 304, 29, ' ', '0:0:4');
INSERT INTO tracks (artist_id, album_id, release_id, number, title, length) VALUES (130, 304, 304, 30, ' ', '0:0:4');
INSERT INTO tracks (artist_id, album_id, release_id, number, title, length) VALUES (130, 304, 304, 31, ' ', '0:0:4');
INSERT INTO tracks (artist_id, album_id, release_id, number, title, length) VALUES (130, 304, 304, 32, ' ', '0:0:4');
INSERT INTO tracks (artist_id, album_id, release_id, number, title, length) VALUES (130, 304, 304, 33, 'With Yo'' Heart (Not Yo'' Hands) [Live]', '0:6:35');
INSERT INTO artists (name) VALUES ('Marcia Griffiths');
INSERT INTO albums (artist_id, title, year) VALUES (131, 'Carousel', '1990-01-01');
INSERT INTO releases (album_id, description, year) VALUES (305, 'Standard CD', '1990-01-01');
INSERT INTO tracks (artist_id, album_id, release_id, number, title, length) VALUES (131, 305, 305, 1, 'Electric Boogie', '0:4:2');
INSERT INTO tracks (artist_id, album_id, release_id, number, title, length) VALUES (131, 305, 305, 2, 'Do Unto Others', '0:4:15');
INSERT INTO tracks (artist_id, album_id, release_id, number, title, length) VALUES (131, 305, 305, 3, 'Groovin''', '0:4:14');
INSERT INTO tracks (artist_id, album_id, release_id, number, title, length) VALUES (131, 305, 305, 4, 'All Over The World', '0:4:38');
INSERT INTO tracks (artist_id, album_id, release_id, number, title, length) VALUES (131, 305, 305, 5, 'Carousel', '0:3:40');
INSERT INTO tracks (artist_id, album_id, release_id, number, title, length) VALUES (131, 305, 305, 6, 'Sugar Shack', '0:3:31');
INSERT INTO tracks (artist_id, album_id, release_id, number, title, length) VALUES (131, 305, 305, 7, 'The One Who Really Loves You', '0:3:28');
INSERT INTO tracks (artist_id, album_id, release_id, number, title, length) VALUES (131, 305, 305, 8, 'Money In The Bank', '0:4:43');
INSERT INTO tracks (artist_id, album_id, release_id, number, title, length) VALUES (131, 305, 305, 9, 'Electric Boogie (Dub Mix)', '0:5:17');
INSERT INTO artists (name) VALUES ('Melvins');
INSERT INTO albums (artist_id, title, year) VALUES (132, 'A Senile Animal', '2006-01-01');
INSERT INTO releases (album_id, description, year) VALUES (306, 'Standard CD', '2006-01-01');
INSERT INTO tracks (artist_id, album_id, release_id, number, title, length) VALUES (132, 306, 306, 1, 'The Talking Horse', '0:2:40');
INSERT INTO tracks (artist_id, album_id, release_id, number, title, length) VALUES (132, 306, 306, 2, 'Blood Witch', '0:2:44');
INSERT INTO tracks (artist_id, album_id, release_id, number, title, length) VALUES (132, 306, 306, 3, 'Civilized Worm', '0:5:57');
INSERT INTO tracks (artist_id, album_id, release_id, number, title, length) VALUES (132, 306, 306, 4, 'A History of Drunks', '0:2:19');
INSERT INTO tracks (artist_id, album_id, release_id, number, title, length) VALUES (132, 306, 306, 5, 'Rat Faced', '0:2:40');
INSERT INTO tracks (artist_id, album_id, release_id, number, title, length) VALUES (132, 306, 306, 6, 'The Hawk', '0:2:34');
INSERT INTO tracks (artist_id, album_id, release_id, number, title, length) VALUES (132, 306, 306, 7, 'You''ve Never Been Right', '0:2:29');
INSERT INTO tracks (artist_id, album_id, release_id, number, title, length) VALUES (132, 306, 306, 8, 'A History of Bad Men', '0:6:42');
INSERT INTO tracks (artist_id, album_id, release_id, number, title, length) VALUES (132, 306, 306, 9, 'The Mechanical Bride', '0:6:25');
INSERT INTO tracks (artist_id, album_id, release_id, number, title, length) VALUES (132, 306, 306, 10, 'A Vast Filthy Prison', '0:6:44');
INSERT INTO artists (name) VALUES ('Pearl Jam');
INSERT INTO albums (artist_id, title, year) VALUES (133, 'Given To Fly (CD Single)', '1998-01-01');
INSERT INTO releases (album_id, description, year) VALUES (307, 'Standard CD', '1998-01-01');
INSERT INTO tracks (artist_id, album_id, release_id, number, title, length) VALUES (133, 307, 307, 1, 'Given To Fly', '0:4:1');
INSERT INTO tracks (artist_id, album_id, release_id, number, title, length) VALUES (133, 307, 307, 2, 'Pilate', '0:2:58');
INSERT INTO tracks (artist_id, album_id, release_id, number, title, length) VALUES (133, 307, 307, 3, 'Leatherman', '0:2:31');
INSERT INTO albums (artist_id, title, year) VALUES (133, 'Jeremy', '1991-01-01');
INSERT INTO releases (album_id, description, year) VALUES (308, 'Standard CD', '1991-01-01');
INSERT INTO tracks (artist_id, album_id, release_id, number, title, length) VALUES (133, 308, 308, 1, 'Jeremy (single version)', '0:4:52');
INSERT INTO tracks (artist_id, album_id, release_id, number, title, length) VALUES (133, 308, 308, 2, 'Yellow Ledbetter', '0:5:4');
INSERT INTO tracks (artist_id, album_id, release_id, number, title, length) VALUES (133, 308, 308, 3, 'Alive (live)', '0:4:55');
INSERT INTO albums (artist_id, title, year) VALUES (133, 'Pearl Jam', '1993-01-01');
INSERT INTO releases (album_id, description, year) VALUES (309, 'Standard CD', '1993-01-01');
INSERT INTO tracks (artist_id, album_id, release_id, number, title, length) VALUES (133, 309, 309, 1, 'Go', '0:3:13');
INSERT INTO tracks (artist_id, album_id, release_id, number, title, length) VALUES (133, 309, 309, 2, 'Animal', '0:2:49');
INSERT INTO tracks (artist_id, album_id, release_id, number, title, length) VALUES (133, 309, 309, 3, 'Daughter', '0:3:55');
INSERT INTO tracks (artist_id, album_id, release_id, number, title, length) VALUES (133, 309, 309, 4, 'Glorified G', '0:3:26');
INSERT INTO tracks (artist_id, album_id, release_id, number, title, length) VALUES (133, 309, 309, 5, 'Dissident', '0:3:35');
INSERT INTO tracks (artist_id, album_id, release_id, number, title, length) VALUES (133, 309, 309, 6, 'W.M.A.', '0:5:59');
INSERT INTO tracks (artist_id, album_id, release_id, number, title, length) VALUES (133, 309, 309, 7, 'Blood', '0:2:50');
INSERT INTO tracks (artist_id, album_id, release_id, number, title, length) VALUES (133, 309, 309, 8, 'Rearview Mirror', '0:4:44');
INSERT INTO tracks (artist_id, album_id, release_id, number, title, length) VALUES (133, 309, 309, 9, 'Rats', '0:4:15');
INSERT INTO tracks (artist_id, album_id, release_id, number, title, length) VALUES (133, 309, 309, 10, 'Elderly woman Behind teh Counter in a Small Town', '0:3:16');
INSERT INTO tracks (artist_id, album_id, release_id, number, title, length) VALUES (133, 309, 309, 11, 'Leash', '0:3:9');
INSERT INTO tracks (artist_id, album_id, release_id, number, title, length) VALUES (133, 309, 309, 12, 'Indifference', '0:5:1');
INSERT INTO albums (artist_id, title, year) VALUES (133, 'Spin The Black Circle', '1994-01-01');
INSERT INTO releases (album_id, description, year) VALUES (310, 'Standard CD', '1994-01-01');
INSERT INTO tracks (artist_id, album_id, release_id, number, title, length) VALUES (133, 310, 310, 1, 'Spin The Black Circle', '0:2:48');
INSERT INTO tracks (artist_id, album_id, release_id, number, title, length) VALUES (133, 310, 310, 2, 'Tremor Christ', '0:4:10');
INSERT INTO albums (artist_id, title, year) VALUES (133, 'Ten', '1991-01-01');
INSERT INTO releases (album_id, description, year) VALUES (311, 'Standard CD', '1991-01-01');
INSERT INTO tracks (artist_id, album_id, release_id, number, title, length) VALUES (133, 311, 311, 1, 'Once', '0:3:51');
INSERT INTO tracks (artist_id, album_id, release_id, number, title, length) VALUES (133, 311, 311, 2, 'Even Flow', '0:4:53');
INSERT INTO tracks (artist_id, album_id, release_id, number, title, length) VALUES (133, 311, 311, 3, 'Alive', '0:5:41');
INSERT INTO tracks (artist_id, album_id, release_id, number, title, length) VALUES (133, 311, 311, 4, 'Why Go', '0:3:19');
INSERT INTO tracks (artist_id, album_id, release_id, number, title, length) VALUES (133, 311, 311, 5, 'Black', '0:5:43');
INSERT INTO tracks (artist_id, album_id, release_id, number, title, length) VALUES (133, 311, 311, 6, 'Jeremy', '0:5:19');
INSERT INTO tracks (artist_id, album_id, release_id, number, title, length) VALUES (133, 311, 311, 7, 'Oceans', '0:2:41');
INSERT INTO tracks (artist_id, album_id, release_id, number, title, length) VALUES (133, 311, 311, 8, 'Porch', '0:3:30');
INSERT INTO tracks (artist_id, album_id, release_id, number, title, length) VALUES (133, 311, 311, 9, 'Garden', '0:4:58');
INSERT INTO tracks (artist_id, album_id, release_id, number, title, length) VALUES (133, 311, 311, 10, 'Deep', '0:4:18');
INSERT INTO tracks (artist_id, album_id, release_id, number, title, length) VALUES (133, 311, 311, 11, 'Release', '0:9:6');
INSERT INTO artists (name) VALUES ('Sammy Kaye & His Orchestra');
INSERT INTO albums (artist_id, title, year) VALUES (134, '22 Original Big Band Hits', '1941-01-01');
INSERT INTO releases (album_id, description, year) VALUES (312, 'Standard CD', '1941-01-01');
INSERT INTO tracks (artist_id, album_id, release_id, number, title, length) VALUES (134, 312, 312, 1, 'Daddy', '0:2:50');
INSERT INTO tracks (artist_id, album_id, release_id, number, title, length) VALUES (134, 312, 312, 2, 'I Can''t Begin to Tell You - Nancy Norman', '0:2:45');
INSERT INTO tracks (artist_id, album_id, release_id, number, title, length) VALUES (134, 312, 312, 3, 'Please Don''t Play That Old Song', '0:2:3');
INSERT INTO tracks (artist_id, album_id, release_id, number, title, length) VALUES (134, 312, 312, 4, 'I''ll Buy That Dream', '0:2:56');
INSERT INTO tracks (artist_id, album_id, release_id, number, title, length) VALUES (134, 312, 312, 5, 'You''ve Got Me Crying Again - Billy Williams', '0:2:51');
INSERT INTO tracks (artist_id, album_id, release_id, number, title, length) VALUES (134, 312, 312, 6, 'The Hut Song', '0:2:35');
INSERT INTO tracks (artist_id, album_id, release_id, number, title, length) VALUES (134, 312, 312, 7, 'Sunny Side of the Street - Betty Barclay', '0:4:20');
INSERT INTO tracks (artist_id, album_id, release_id, number, title, length) VALUES (134, 312, 312, 8, 'Powder Your Face with Sunshine - Three Kaydets', '0:2:32');
INSERT INTO tracks (artist_id, album_id, release_id, number, title, length) VALUES (134, 312, 312, 9, 'Sentimental Journey', '0:2:28');
INSERT INTO tracks (artist_id, album_id, release_id, number, title, length) VALUES (134, 312, 312, 10, 'Candy - Nancy Norman', '0:2:26');
INSERT INTO tracks (artist_id, album_id, release_id, number, title, length) VALUES (134, 312, 312, 11, 'Along the Navajo Trail - Billy Williams', '0:2:6');
INSERT INTO tracks (artist_id, album_id, release_id, number, title, length) VALUES (134, 312, 312, 12, 'I Guess I''ll Have to Dream The Rest - Three Kaydets', '0:2:27');
INSERT INTO tracks (artist_id, album_id, release_id, number, title, length) VALUES (134, 312, 312, 13, 'Give Me The Simple Life - Betty Barclay', '0:2:30');
INSERT INTO tracks (artist_id, album_id, release_id, number, title, length) VALUES (134, 312, 312, 14, 'Like Someone in Love - Nancy Norman', '0:2:2');
INSERT INTO tracks (artist_id, album_id, release_id, number, title, length) VALUES (134, 312, 312, 15, 'Saturday Night Is The Loneliest Night Of The Week - Nancy Norman', '0:2:40');
INSERT INTO tracks (artist_id, album_id, release_id, number, title, length) VALUES (134, 312, 312, 16, 'Why Does It Get So Late So Early - Don Cronell & Betty Barclay', '0:2:31');
INSERT INTO tracks (artist_id, album_id, release_id, number, title, length) VALUES (134, 312, 312, 17, 'I Promise You - Billy Williams', '0:1:57');
INSERT INTO tracks (artist_id, album_id, release_id, number, title, length) VALUES (134, 312, 312, 18, 'I''ll Be Walking With My Honey - Billy Williams & Nancy Norman', '0:2:43');
INSERT INTO tracks (artist_id, album_id, release_id, number, title, length) VALUES (134, 312, 312, 19, 'It''s Only A Paper Moon - Billy Williams', '0:2:55');
INSERT INTO tracks (artist_id, album_id, release_id, number, title, length) VALUES (134, 312, 312, 20, 'This Is No Laughing Matter - Tommy Ryan', '0:2:42');
INSERT INTO tracks (artist_id, album_id, release_id, number, title, length) VALUES (134, 312, 312, 21, 'I''m Beginning To See The Light - Nancy Norman', '0:2:48');
INSERT INTO tracks (artist_id, album_id, release_id, number, title, length) VALUES (134, 312, 312, 22, 'I''m Heading East - Billy Williams', '0:2:27');
INSERT INTO artists (name) VALUES ('Soul Asylum');
INSERT INTO albums (artist_id, title, year) VALUES (135, 'Let Your Dim Light Shine', '1995-01-01');
INSERT INTO releases (album_id, description, year) VALUES (313, 'Standard CD', '1995-01-01');
INSERT INTO tracks (artist_id, album_id, release_id, number, title, length) VALUES (135, 313, 313, 1, 'Misery', '0:4:24');
INSERT INTO tracks (artist_id, album_id, release_id, number, title, length) VALUES (135, 313, 313, 2, 'Shut Down', '0:2:51');
INSERT INTO tracks (artist_id, album_id, release_id, number, title, length) VALUES (135, 313, 313, 3, 'To My Own Devices', '0:2:59');
INSERT INTO tracks (artist_id, album_id, release_id, number, title, length) VALUES (135, 313, 313, 4, 'Hopes Up', '0:3:45');
INSERT INTO tracks (artist_id, album_id, release_id, number, title, length) VALUES (135, 313, 313, 5, 'Promises Broken', '0:3:14');
INSERT INTO tracks (artist_id, album_id, release_id, number, title, length) VALUES (135, 313, 313, 6, 'Bittersweetheart', '0:3:34');
INSERT INTO tracks (artist_id, album_id, release_id, number, title, length) VALUES (135, 313, 313, 7, 'String of Pearls', '0:4:56');
INSERT INTO tracks (artist_id, album_id, release_id, number, title, length) VALUES (135, 313, 313, 8, 'Crawl', '0:4:0');
INSERT INTO tracks (artist_id, album_id, release_id, number, title, length) VALUES (135, 313, 313, 9, 'Caged Rat', '0:3:3');
INSERT INTO tracks (artist_id, album_id, release_id, number, title, length) VALUES (135, 313, 313, 10, 'Eyes of a Child', '0:3:35');
INSERT INTO tracks (artist_id, album_id, release_id, number, title, length) VALUES (135, 313, 313, 11, 'Just Like Anyone', '0:2:47');
INSERT INTO tracks (artist_id, album_id, release_id, number, title, length) VALUES (135, 313, 313, 12, 'Tell Me When', '0:3:42');
INSERT INTO tracks (artist_id, album_id, release_id, number, title, length) VALUES (135, 313, 313, 13, 'Nothing to Write Home About', '0:3:14');
INSERT INTO tracks (artist_id, album_id, release_id, number, title, length) VALUES (135, 313, 313, 14, 'I Did My Best', '0:3:44');
INSERT INTO artists (name) VALUES ('Sugar');
INSERT INTO albums (artist_id, title, year) VALUES (136, 'File Under: Easy Listening', '1994-01-01');
INSERT INTO releases (album_id, description, year) VALUES (314, 'Standard CD', '1994-01-01');
INSERT INTO tracks (artist_id, album_id, release_id, number, title, length) VALUES (136, 314, 314, 1, 'Gift', '0:4:14');
INSERT INTO tracks (artist_id, album_id, release_id, number, title, length) VALUES (136, 314, 314, 2, 'Company Book', '0:3:45');
INSERT INTO tracks (artist_id, album_id, release_id, number, title, length) VALUES (136, 314, 314, 3, 'Your Favorite Thing', '0:3:51');
INSERT INTO tracks (artist_id, album_id, release_id, number, title, length) VALUES (136, 314, 314, 4, 'What You Want It To Be', '0:4:13');
INSERT INTO tracks (artist_id, album_id, release_id, number, title, length) VALUES (136, 314, 314, 5, 'Gee Angel', '0:3:56');
INSERT INTO tracks (artist_id, album_id, release_id, number, title, length) VALUES (136, 314, 314, 6, 'Panama City Motel', '0:4:7');
INSERT INTO tracks (artist_id, album_id, release_id, number, title, length) VALUES (136, 314, 314, 7, 'Can''t Help You Anymore', '0:3:29');
INSERT INTO tracks (artist_id, album_id, release_id, number, title, length) VALUES (136, 314, 314, 8, 'Granny Cool', '0:3:33');
INSERT INTO tracks (artist_id, album_id, release_id, number, title, length) VALUES (136, 314, 314, 9, 'Believe What You''re Saying', '0:3:56');
INSERT INTO tracks (artist_id, album_id, release_id, number, title, length) VALUES (136, 314, 314, 10, 'Explode And Make Up', '0:4:54');
INSERT INTO artists (name) VALUES ('The B-52''s');
INSERT INTO albums (artist_id, title, year) VALUES (137, 'Cosmic Thing', '1989-01-01');
INSERT INTO releases (album_id, description, year) VALUES (315, 'Standard CD', '1989-01-01');
INSERT INTO tracks (artist_id, album_id, release_id, number, title, length) VALUES (137, 315, 315, 1, 'Cosmic Thing', '0:3:52');
INSERT INTO tracks (artist_id, album_id, release_id, number, title, length) VALUES (137, 315, 315, 2, 'Dry Country', '0:4:54');
INSERT INTO tracks (artist_id, album_id, release_id, number, title, length) VALUES (137, 315, 315, 3, 'Deadbeat Club', '0:4:47');
INSERT INTO tracks (artist_id, album_id, release_id, number, title, length) VALUES (137, 315, 315, 4, 'Love Shack', '0:5:21');
INSERT INTO tracks (artist_id, album_id, release_id, number, title, length) VALUES (137, 315, 315, 5, 'June Bug', '0:5:7');
INSERT INTO tracks (artist_id, album_id, release_id, number, title, length) VALUES (137, 315, 315, 6, 'Roam', '0:4:55');
INSERT INTO tracks (artist_id, album_id, release_id, number, title, length) VALUES (137, 315, 315, 7, 'Bushfire', '0:4:57');
INSERT INTO tracks (artist_id, album_id, release_id, number, title, length) VALUES (137, 315, 315, 8, 'Channel Z', '0:4:49');
INSERT INTO tracks (artist_id, album_id, release_id, number, title, length) VALUES (137, 315, 315, 9, 'Topaz', '0:4:21');
INSERT INTO tracks (artist_id, album_id, release_id, number, title, length) VALUES (137, 315, 315, 10, 'Follow Your Bliss', '0:4:8');
INSERT INTO artists (name) VALUES ('Vanilla Ice');
INSERT INTO albums (artist_id, title, year) VALUES (138, 'To The Extreme', '1990-01-01');
INSERT INTO releases (album_id, description, year) VALUES (316, 'Standard CD', '1990-01-01');
INSERT INTO tracks (artist_id, album_id, release_id, number, title, length) VALUES (138, 316, 316, 1, 'Ice Ice Baby', '0:4:31');
INSERT INTO tracks (artist_id, album_id, release_id, number, title, length) VALUES (138, 316, 316, 2, 'Yo Vanilla', '0:0:4');
INSERT INTO tracks (artist_id, album_id, release_id, number, title, length) VALUES (138, 316, 316, 3, 'Stop That Train', '0:4:29');
INSERT INTO tracks (artist_id, album_id, release_id, number, title, length) VALUES (138, 316, 316, 4, 'Hooked', '0:4:52');
INSERT INTO tracks (artist_id, album_id, release_id, number, title, length) VALUES (138, 316, 316, 5, 'Ice Is Workin'' It', '0:4:36');
INSERT INTO tracks (artist_id, album_id, release_id, number, title, length) VALUES (138, 316, 316, 6, 'Life Is A Fantasy', '0:4:47');
INSERT INTO tracks (artist_id, album_id, release_id, number, title, length) VALUES (138, 316, 316, 7, 'Play That Funky Music', '0:4:45');
INSERT INTO tracks (artist_id, album_id, release_id, number, title, length) VALUES (138, 316, 316, 8, 'Dancin''', '0:5:0');
INSERT INTO tracks (artist_id, album_id, release_id, number, title, length) VALUES (138, 316, 316, 9, 'Go Ill', '0:4:58');
INSERT INTO tracks (artist_id, album_id, release_id, number, title, length) VALUES (138, 316, 316, 10, 'It''s A Party', '0:4:39');
INSERT INTO tracks (artist_id, album_id, release_id, number, title, length) VALUES (138, 316, 316, 11, 'Juice To Get Loose Boy', '0:0:8');
INSERT INTO tracks (artist_id, album_id, release_id, number, title, length) VALUES (138, 316, 316, 12, 'Ice Cold', '0:4:5');
INSERT INTO tracks (artist_id, album_id, release_id, number, title, length) VALUES (138, 316, 316, 13, 'Rosta Man', '0:4:36');
INSERT INTO tracks (artist_id, album_id, release_id, number, title, length) VALUES (138, 316, 316, 14, 'I Love You', '0:5:6');
INSERT INTO tracks (artist_id, album_id, release_id, number, title, length) VALUES (138, 316, 316, 15, 'Havin'' A Roni', '0:1:9');
INSERT INTO artists (name) VALUES ('Doc Powell');
INSERT INTO albums (artist_id, title, year) VALUES (139, '97th & Columbus', '2003-01-01');
INSERT INTO releases (album_id, description, year) VALUES (317, 'Standard CD', '2003-01-01');
INSERT INTO tracks (artist_id, album_id, release_id, number, title, length) VALUES (139, 317, 317, 1, 'The Flavour', '0:3:17');
INSERT INTO tracks (artist_id, album_id, release_id, number, title, length) VALUES (139, 317, 317, 2, 'Breezin', '0:3:39');
INSERT INTO tracks (artist_id, album_id, release_id, number, title, length) VALUES (139, 317, 317, 3, '97th & Columbus (feat Ron Brown)', '0:4:50');
INSERT INTO tracks (artist_id, album_id, release_id, number, title, length) VALUES (139, 317, 317, 4, 'Two Hearts', '0:3:48');
INSERT INTO tracks (artist_id, album_id, release_id, number, title, length) VALUES (139, 317, 317, 5, 'Sun Goddes', '0:3:58');
INSERT INTO tracks (artist_id, album_id, release_id, number, title, length) VALUES (139, 317, 317, 6, 'Thank You', '0:4:29');
INSERT INTO tracks (artist_id, album_id, release_id, number, title, length) VALUES (139, 317, 317, 7, 'Let''s Jam', '0:4:40');
INSERT INTO tracks (artist_id, album_id, release_id, number, title, length) VALUES (139, 317, 317, 8, 'Ode To Chet', '0:4:47');
INSERT INTO tracks (artist_id, album_id, release_id, number, title, length) VALUES (139, 317, 317, 9, 'Upward Bound', '0:4:2');
INSERT INTO tracks (artist_id, album_id, release_id, number, title, length) VALUES (139, 317, 317, 10, 'What''s Going On', '0:6:5');
INSERT INTO artists (name) VALUES ('Backstreet Boys');
INSERT INTO albums (artist_id, title, year) VALUES (140, 'For The Fans', '2000-01-01');
INSERT INTO releases (album_id, description, year) VALUES (318, 'Standard CD', '2000-01-01');
INSERT INTO tracks (artist_id, album_id, release_id, number, title, length) VALUES (140, 318, 318, 1, 'Larger Than Life (Live)', '0:3:57');
INSERT INTO tracks (artist_id, album_id, release_id, number, title, length) VALUES (140, 318, 318, 2, 'Back To Your Heart (Live)', '0:4:32');
INSERT INTO tracks (artist_id, album_id, release_id, number, title, length) VALUES (140, 318, 318, 3, 'All I Have To Give (Live)', '0:4:6');
INSERT INTO tracks (artist_id, album_id, release_id, number, title, length) VALUES (140, 318, 318, 1, 'The One (live)', '0:5:35');
INSERT INTO tracks (artist_id, album_id, release_id, number, title, length) VALUES (140, 318, 318, 2, 'Show Me The Meaning (live)', '0:4:44');
INSERT INTO tracks (artist_id, album_id, release_id, number, title, length) VALUES (140, 318, 318, 3, 'Quit Playing Games With My Heart (live)', '0:5:58');
INSERT INTO tracks (artist_id, album_id, release_id, number, title, length) VALUES (140, 318, 318, 4, 'It''s True', '0:4:11');
INSERT INTO tracks (artist_id, album_id, release_id, number, title, length) VALUES (140, 318, 318, 5, 'That''s What She Said', '0:4:1');
INSERT INTO tracks (artist_id, album_id, release_id, number, title, length) VALUES (140, 318, 318, 6, 'All I Have To Give (A Cappella)', '0:3:46');
INSERT INTO artists (name) VALUES ('Krystal Harris');
INSERT INTO albums (artist_id, title, year) VALUES (141, 'For The Fans', '2000-01-01');
INSERT INTO releases (album_id, description, year) VALUES (319, 'Standard CD', '2000-01-01');
INSERT INTO tracks (artist_id, album_id, release_id, number, title, length) VALUES (141, 319, 319, 7, 'My Religion', '0:4:33');
INSERT INTO albums (artist_id, title, year) VALUES (140, 'Millennium', '1999-01-01');
INSERT INTO releases (album_id, description, year) VALUES (320, 'Standard CD', '1999-01-01');
INSERT INTO tracks (artist_id, album_id, release_id, number, title, length) VALUES (140, 320, 320, 1, 'Larger Than Life', '0:3:53');
INSERT INTO tracks (artist_id, album_id, release_id, number, title, length) VALUES (140, 320, 320, 2, 'I Want It That Way', '0:3:33');
INSERT INTO tracks (artist_id, album_id, release_id, number, title, length) VALUES (140, 320, 320, 3, 'Show Me the Meaning of Being Lonely', '0:3:55');
INSERT INTO tracks (artist_id, album_id, release_id, number, title, length) VALUES (140, 320, 320, 4, 'It''s Gotta Be You', '0:2:57');
INSERT INTO tracks (artist_id, album_id, release_id, number, title, length) VALUES (140, 320, 320, 5, 'I Need You Tonight', '0:4:23');
INSERT INTO tracks (artist_id, album_id, release_id, number, title, length) VALUES (140, 320, 320, 6, 'Don''t Want You Back', '0:3:26');
INSERT INTO tracks (artist_id, album_id, release_id, number, title, length) VALUES (140, 320, 320, 7, 'Don''t Wanna Lose You Now', '0:3:54');
INSERT INTO tracks (artist_id, album_id, release_id, number, title, length) VALUES (140, 320, 320, 8, 'The One', '0:3:46');
INSERT INTO tracks (artist_id, album_id, release_id, number, title, length) VALUES (140, 320, 320, 9, 'Back to Your Heart', '0:4:21');
INSERT INTO tracks (artist_id, album_id, release_id, number, title, length) VALUES (140, 320, 320, 10, 'Spanish Eyes', '0:3:55');
INSERT INTO tracks (artist_id, album_id, release_id, number, title, length) VALUES (140, 320, 320, 11, 'No One Else Comes Close', '0:3:43');
INSERT INTO tracks (artist_id, album_id, release_id, number, title, length) VALUES (140, 320, 320, 12, 'The Perfect Fan', '0:4:14');
INSERT INTO artists (name) VALUES ('Lenny Kravitz');
INSERT INTO albums (artist_id, title, year) VALUES (1, 'KISS My A - Classic KISS Regrooved', '1994-01-01');
INSERT INTO releases (album_id, description, year) VALUES (321, 'Standard CD', '1994-01-01');
INSERT INTO tracks (artist_id, album_id, release_id, number, title, length) VALUES (142, 321, 321, 1, 'Deuce', '0:4:9');
INSERT INTO artists (name) VALUES ('Garth Brooks');
INSERT INTO tracks (artist_id, album_id, release_id, number, title, length) VALUES (143, 321, 321, 2, 'Hard Luck Woman', '0:3:16');
INSERT INTO artists (name) VALUES ('Anthrax');
INSERT INTO tracks (artist_id, album_id, release_id, number, title, length) VALUES (144, 321, 321, 3, 'She', '0:4:50');
INSERT INTO artists (name) VALUES ('Gin Blossoms');
INSERT INTO tracks (artist_id, album_id, release_id, number, title, length) VALUES (145, 321, 321, 4, 'Christine Sixteen', '0:3:9');
INSERT INTO artists (name) VALUES ('Toad the Wet Sprocket');
INSERT INTO tracks (artist_id, album_id, release_id, number, title, length) VALUES (146, 321, 321, 5, 'Rock And Roll All Nite', '0:2:53');
INSERT INTO artists (name) VALUES ('Shandi''s Addiction');
INSERT INTO tracks (artist_id, album_id, release_id, number, title, length) VALUES (147, 321, 321, 6, 'Calling Dr Love', '0:4:54');
INSERT INTO artists (name) VALUES ('Dinosaur Jr');
INSERT INTO tracks (artist_id, album_id, release_id, number, title, length) VALUES (148, 321, 321, 7, 'Goin'' Blind', '0:3:24');
INSERT INTO artists (name) VALUES ('Extreme');
INSERT INTO tracks (artist_id, album_id, release_id, number, title, length) VALUES (149, 321, 321, 8, 'Strutter', '0:4:40');
INSERT INTO artists (name) VALUES ('The Lemonheads');
INSERT INTO tracks (artist_id, album_id, release_id, number, title, length) VALUES (150, 321, 321, 9, 'Plaster Caster', '0:3:0');
INSERT INTO artists (name) VALUES ('The Mighty Mighty Bosstones');
INSERT INTO tracks (artist_id, album_id, release_id, number, title, length) VALUES (151, 321, 321, 10, 'Detroit Rock City', '0:4:21');
INSERT INTO artists (name) VALUES ('Yoshiki');
INSERT INTO tracks (artist_id, album_id, release_id, number, title, length) VALUES (152, 321, 321, 11, 'Black Diamond', '0:7:8');
INSERT INTO artists (name) VALUES ('Ray J');
INSERT INTO albums (artist_id, title, year) VALUES (1, 'Dr Dolittle The Album', '1998-01-01');
INSERT INTO releases (album_id, description, year) VALUES (322, 'Standard CD', '1998-01-01');
INSERT INTO tracks (artist_id, album_id, release_id, number, title, length) VALUES (153, 322, 322, 1, 'That''s Why I Lie', '0:4:51');
INSERT INTO artists (name) VALUES ('Montell Jordan');
INSERT INTO tracks (artist_id, album_id, release_id, number, title, length) VALUES (154, 322, 322, 2, 'Let''s Ride (Remix)', '0:4:53');
INSERT INTO artists (name) VALUES ('Aaliyah');
INSERT INTO tracks (artist_id, album_id, release_id, number, title, length) VALUES (155, 322, 322, 3, 'Are You That Somebody', '0:4:27');
INSERT INTO artists (name) VALUES ('Ginuwine');
INSERT INTO tracks (artist_id, album_id, release_id, number, title, length) VALUES (156, 322, 322, 4, 'Same Ol'' G', '0:4:21');
INSERT INTO artists (name) VALUES ('All Saints');
INSERT INTO tracks (artist_id, album_id, release_id, number, title, length) VALUES (157, 322, 322, 5, 'Lady Marmalade (Timbaland Remix)', '0:4:3');
INSERT INTO artists (name) VALUES ('Timbaland');
INSERT INTO tracks (artist_id, album_id, release_id, number, title, length) VALUES (158, 322, 322, 6, 'Da Funk', '0:4:29');
INSERT INTO artists (name) VALUES ('Changing Faces');
INSERT INTO tracks (artist_id, album_id, release_id, number, title, length) VALUES (159, 322, 322, 7, 'Do Little Things', '0:5:9');
INSERT INTO artists (name) VALUES ('Playa');
INSERT INTO tracks (artist_id, album_id, release_id, number, title, length) VALUES (160, 322, 322, 8, 'Your Dress', '0:3:59');
INSERT INTO artists (name) VALUES ('69 Boyz');
INSERT INTO tracks (artist_id, album_id, release_id, number, title, length) VALUES (161, 322, 322, 9, 'Woof Woof', '0:4:11');
INSERT INTO artists (name) VALUES ('Dawn Robinson');
INSERT INTO tracks (artist_id, album_id, release_id, number, title, length) VALUES (162, 322, 322, 10, 'Rock Steady', '0:3:5');
INSERT INTO artists (name) VALUES ('Twista & The Speed Knot Mobsters');
INSERT INTO tracks (artist_id, album_id, release_id, number, title, length) VALUES (163, 322, 322, 11, 'In Your World', '0:4:50');
INSERT INTO artists (name) VALUES ('Jody Watley');
INSERT INTO tracks (artist_id, album_id, release_id, number, title, length) VALUES (164, 322, 322, 12, 'Lovin'' You So', '0:3:35');
INSERT INTO artists (name) VALUES ('Robin S feat Mary Mary');
INSERT INTO tracks (artist_id, album_id, release_id, number, title, length) VALUES (165, 322, 322, 13, 'Dance', '0:3:38');
INSERT INTO artists (name) VALUES ('Eddie Kane & DeVille');
INSERT INTO tracks (artist_id, album_id, release_id, number, title, length) VALUES (166, 322, 322, 14, 'Push ''Em Up', '0:3:46');
INSERT INTO artists (name) VALUES ('Sugarhill Gang');
INSERT INTO tracks (artist_id, album_id, release_id, number, title, length) VALUES (167, 322, 322, 15, 'Ain''t Nothin'' But A Party', '0:3:57');
INSERT INTO artists (name) VALUES ('Will Smith');
INSERT INTO albums (artist_id, title, year) VALUES (1, 'Men in Black The Album', '1997-01-01');
INSERT INTO releases (album_id, description, year) VALUES (323, 'Standard CD', '1997-01-01');
INSERT INTO tracks (artist_id, album_id, release_id, number, title, length) VALUES (168, 323, 323, 1, 'Men in Black', '0:3:45');
INSERT INTO artists (name) VALUES ('Snoop Doggy Dogg featuring Jo');
INSERT INTO tracks (artist_id, album_id, release_id, number, title, length) VALUES (169, 323, 323, 2, 'We Just Wanna Party With You', '0:4:32');
INSERT INTO tracks (artist_id, album_id, release_id, number, title, length) VALUES (156, 323, 323, 3, 'I''m Feeling You', '0:4:40');
INSERT INTO artists (name) VALUES ('Alicia Keys');
INSERT INTO tracks (artist_id, album_id, release_id, number, title, length) VALUES (170, 323, 323, 4, 'Dah Dee Dah (Sexy Thing)', '0:4:11');
INSERT INTO tracks (artist_id, album_id, release_id, number, title, length) VALUES (168, 323, 323, 5, 'Just Cruisin''', '0:3:59');
INSERT INTO artists (name) VALUES ('The Roots');
INSERT INTO tracks (artist_id, album_id, release_id, number, title, length) VALUES (171, 323, 323, 6, 'The ''Notic', '0:5:20');
INSERT INTO artists (name) VALUES ('Trey Lorenz');
INSERT INTO tracks (artist_id, album_id, release_id, number, title, length) VALUES (172, 323, 323, 7, 'Make You Happy', '0:4:6');
INSERT INTO artists (name) VALUES ('NAS');
INSERT INTO tracks (artist_id, album_id, release_id, number, title, length) VALUES (173, 323, 323, 8, 'Escobar ''97', '0:3:31');
INSERT INTO artists (name) VALUES ('Emoja');
INSERT INTO tracks (artist_id, album_id, release_id, number, title, length) VALUES (174, 323, 323, 9, 'Erotik City', '0:4:34');
INSERT INTO artists (name) VALUES ('A Tribe Called Quest');
INSERT INTO tracks (artist_id, album_id, release_id, number, title, length) VALUES (175, 323, 323, 10, 'Same Ol'' Thing', '0:4:26');
INSERT INTO artists (name) VALUES ('Destiny''s Child');
INSERT INTO tracks (artist_id, album_id, release_id, number, title, length) VALUES (176, 323, 323, 11, 'Killing Time', '0:5:7');
INSERT INTO artists (name) VALUES ('3T');
INSERT INTO tracks (artist_id, album_id, release_id, number, title, length) VALUES (177, 323, 323, 12, 'Waiting For Love', '0:3:47');
INSERT INTO artists (name) VALUES ('De La Soul');
INSERT INTO tracks (artist_id, album_id, release_id, number, title, length) VALUES (178, 323, 323, 13, 'Chanel No Fever', '0:3:23');
INSERT INTO artists (name) VALUES ('Buckshot LeFonque');
INSERT INTO tracks (artist_id, album_id, release_id, number, title, length) VALUES (179, 323, 323, 14, 'Some Cow Fonque (More Tea, Vicar)', '0:5:9');
INSERT INTO artists (name) VALUES ('Danny Elfman');
INSERT INTO tracks (artist_id, album_id, release_id, number, title, length) VALUES (180, 323, 323, 15, 'MIB Main Theme', '0:2:58');
INSERT INTO tracks (artist_id, album_id, release_id, number, title, length) VALUES (180, 323, 323, 16, 'MIB Closing Theme', '0:2:37');
INSERT INTO artists (name) VALUES ('Super Deluxe');
INSERT INTO albums (artist_id, title, year) VALUES (1, 'Kingpin', '1996-01-01');
INSERT INTO releases (album_id, description, year) VALUES (324, 'Standard CD', '1996-01-01');
INSERT INTO tracks (artist_id, album_id, release_id, number, title, length) VALUES (181, 324, 324, 1, 'She Came On', '0:3:12');
INSERT INTO artists (name) VALUES ('Blues Traveler');
INSERT INTO tracks (artist_id, album_id, release_id, number, title, length) VALUES (182, 324, 324, 2, 'But Anyway', '0:2:58');
INSERT INTO artists (name) VALUES ('English Beat');
INSERT INTO tracks (artist_id, album_id, release_id, number, title, length) VALUES (183, 324, 324, 3, 'Save It For Later', '0:3:34');
INSERT INTO artists (name) VALUES ('Goldfinger');
INSERT INTO tracks (artist_id, album_id, release_id, number, title, length) VALUES (184, 324, 324, 4, 'Superman', '0:2:56');
INSERT INTO artists (name) VALUES ('Red Eye');
INSERT INTO tracks (artist_id, album_id, release_id, number, title, length) VALUES (185, 324, 324, 5, 'Ooh La La', '0:3:57');
INSERT INTO artists (name) VALUES ('The Trammps');
INSERT INTO tracks (artist_id, album_id, release_id, number, title, length) VALUES (186, 324, 324, 6, 'Disco Inferno', '0:3:34');
INSERT INTO artists (name) VALUES ('Colin James & The Little Big Band');
INSERT INTO tracks (artist_id, album_id, release_id, number, title, length) VALUES (187, 324, 324, 7, 'Surely (I Love You)', '0:3:40');
INSERT INTO artists (name) VALUES ('Jono Band Manson');
INSERT INTO tracks (artist_id, album_id, release_id, number, title, length) VALUES (188, 324, 324, 8, 'Miss Fabulous', '0:4:7');
INSERT INTO artists (name) VALUES ('Josh Clayton-Felt');
INSERT INTO tracks (artist_id, album_id, release_id, number, title, length) VALUES (189, 324, 324, 9, 'Soon Enough', '0:4:38');
INSERT INTO artists (name) VALUES ('Freedy Johnston');
INSERT INTO tracks (artist_id, album_id, release_id, number, title, length) VALUES (190, 324, 324, 10, 'This Perfect World', '0:4:33');
INSERT INTO artists (name) VALUES ('Todd Rundgren');
INSERT INTO tracks (artist_id, album_id, release_id, number, title, length) VALUES (191, 324, 324, 11, 'I Saw The Light', '0:2:58');
INSERT INTO artists (name) VALUES ('Billy Goodrum');
INSERT INTO tracks (artist_id, album_id, release_id, number, title, length) VALUES (192, 324, 324, 12, 'We Should Always Be Together', '0:3:28');
INSERT INTO artists (name) VALUES ('23 Skido');
INSERT INTO albums (artist_id, title, year) VALUES (1, 'Industrial Dance', '2000-01-01');
INSERT INTO releases (album_id, description, year) VALUES (325, 'Standard CD', '2000-01-01');
INSERT INTO tracks (artist_id, album_id, release_id, number, title, length) VALUES (193, 325, 325, 1, 'Shugyosha Step', '0:5:6');
INSERT INTO artists (name) VALUES ('Tackhead');
INSERT INTO tracks (artist_id, album_id, release_id, number, title, length) VALUES (194, 325, 325, 2, 'King of the Beat', '0:4:21');
INSERT INTO artists (name) VALUES ('Severed Heads');
INSERT INTO tracks (artist_id, album_id, release_id, number, title, length) VALUES (195, 325, 325, 3, 'Jet Lag', '0:4:0');
INSERT INTO artists (name) VALUES ('The Shaman');
INSERT INTO tracks (artist_id, album_id, release_id, number, title, length) VALUES (196, 325, 325, 4, 'You, Me, Everything', '0:4:43');
INSERT INTO artists (name) VALUES ('Pop Will Eat Itself');
INSERT INTO tracks (artist_id, album_id, release_id, number, title, length) VALUES (197, 325, 325, 5, 'menofearthereaper', '0:6:24');
INSERT INTO tracks (artist_id, album_id, release_id, number, title, length) VALUES (81, 325, 325, 6, 'Psyche Out', '0:3:51');
INSERT INTO artists (name) VALUES ('Startled Insects');
INSERT INTO tracks (artist_id, album_id, release_id, number, title, length) VALUES (198, 325, 325, 7, 'Revenge of the Insects', '0:5:31');
INSERT INTO artists (name) VALUES ('A Guy Called Gerald');
INSERT INTO tracks (artist_id, album_id, release_id, number, title, length) VALUES (199, 325, 325, 8, 'Escape', '0:5:15');
INSERT INTO tracks (artist_id, album_id, release_id, number, title, length) VALUES (101, 325, 325, 9, 'Brothers', '0:5:57');
INSERT INTO artists (name) VALUES ('Orbital');
INSERT INTO tracks (artist_id, album_id, release_id, number, title, length) VALUES (200, 325, 325, 10, 'Open Mind', '0:6:28');
INSERT INTO artists (name) VALUES ('Fini Tribe');
INSERT INTO tracks (artist_id, album_id, release_id, number, title, length) VALUES (201, 325, 325, 11, 'Electrolux', '0:5:44');
INSERT INTO artists (name) VALUES ('Drug Free America');
INSERT INTO tracks (artist_id, album_id, release_id, number, title, length) VALUES (202, 325, 325, 12, 'Just Like Daddy''s Gun', '0:4:15');
INSERT INTO artists (name) VALUES ('Surfers for Satan');
INSERT INTO tracks (artist_id, album_id, release_id, number, title, length) VALUES (203, 325, 325, 13, 'Closeout', '0:3:35');
INSERT INTO artists (name) VALUES ('Gunshot');
INSERT INTO tracks (artist_id, album_id, release_id, number, title, length) VALUES (204, 325, 325, 14, 'Mind of a Razor', '0:4:48');
INSERT INTO artists (name) VALUES ('Donna Summer');
INSERT INTO albums (artist_id, title, year) VALUES (1, 'Pokémon 2000', '2000-01-01');
INSERT INTO releases (album_id, description, year) VALUES (326, 'Standard CD', '2000-01-01');
INSERT INTO tracks (artist_id, album_id, release_id, number, title, length) VALUES (205, 326, 326, 1, 'The Power of One', '0:3:49');
INSERT INTO artists (name) VALUES ('Alysha');
INSERT INTO tracks (artist_id, album_id, release_id, number, title, length) VALUES (206, 326, 326, 2, 'Dreams', '0:4:4');
INSERT INTO artists (name) VALUES ('Dream Street');
INSERT INTO tracks (artist_id, album_id, release_id, number, title, length) VALUES (207, 326, 326, 3, 'They Don''t Understand', '0:2:58');
INSERT INTO artists (name) VALUES ('Angela Via');
INSERT INTO tracks (artist_id, album_id, release_id, number, title, length) VALUES (208, 326, 326, 4, 'Wonderland', '0:3:52');
INSERT INTO artists (name) VALUES ('Plus One');
INSERT INTO tracks (artist_id, album_id, release_id, number, title, length) VALUES (209, 326, 326, 5, 'With All Your Heart', '0:3:40');
INSERT INTO artists (name) VALUES ('Laura Pausini');
INSERT INTO tracks (artist_id, album_id, release_id, number, title, length) VALUES (210, 326, 326, 6, 'The Extra Mile', '0:4:5');
INSERT INTO artists (name) VALUES ('Westlife');
INSERT INTO tracks (artist_id, album_id, release_id, number, title, length) VALUES (211, 326, 326, 7, 'Flying Without Wings', '0:3:35');
INSERT INTO artists (name) VALUES ('Nobody''s Angel, Youngstown');
INSERT INTO tracks (artist_id, album_id, release_id, number, title, length) VALUES (212, 326, 326, 8, 'Pokémon World', '0:3:48');
INSERT INTO artists (name) VALUES ('Devotion 2 Music');
INSERT INTO tracks (artist_id, album_id, release_id, number, title, length) VALUES (213, 326, 326, 9, 'Blah, Blah, Blah', '0:2:34');
INSERT INTO tracks (artist_id, album_id, release_id, number, title, length) VALUES (77, 326, 326, 10, 'Polkamon', '0:2:3');
INSERT INTO artists (name) VALUES ('B-52''s');
INSERT INTO tracks (artist_id, album_id, release_id, number, title, length) VALUES (214, 326, 326, 11, 'The Chosen One', '0:3:23');
INSERT INTO artists (name) VALUES ('O-Town');
INSERT INTO tracks (artist_id, album_id, release_id, number, title, length) VALUES (215, 326, 326, 12, 'One Heart', '0:3:59');
INSERT INTO artists (name) VALUES ('Denisse Lara');
INSERT INTO tracks (artist_id, album_id, release_id, number, title, length) VALUES (216, 326, 326, 13, 'One', '0:4:13');
INSERT INTO tracks (artist_id, album_id, release_id, number, title, length) VALUES (215, 326, 326, 14, 'Comin'' to the Rescue', '0:1:45');
INSERT INTO artists (name) VALUES ('From Pikachu''s Rescue Adventure Score');
INSERT INTO tracks (artist_id, album_id, release_id, number, title, length) VALUES (217, 326, 326, 15, 'Dance of the Bellossom', '0:1:4');
INSERT INTO artists (name) VALUES ('From The Power of One Score');
INSERT INTO tracks (artist_id, album_id, release_id, number, title, length) VALUES (218, 326, 326, 16, 'The Legend Comes to Life', '0:4:15');
INSERT INTO artists (name) VALUES ('The Electric Hellfire Club');
INSERT INTO albums (artist_id, title, year) VALUES (1, 'Covered In Black', '1997-01-01');
INSERT INTO releases (album_id, description, year) VALUES (327, 'Standard CD', '1997-01-01');
INSERT INTO tracks (artist_id, album_id, release_id, number, title, length) VALUES (219, 327, 327, 1, 'Highway To Hell', '0:3:17');
INSERT INTO artists (name) VALUES ('Genitorturers');
INSERT INTO tracks (artist_id, album_id, release_id, number, title, length) VALUES (220, 327, 327, 2, 'Squealer', '0:4:37');
INSERT INTO artists (name) VALUES ('Die Krupps');
INSERT INTO tracks (artist_id, album_id, release_id, number, title, length) VALUES (221, 327, 327, 3, 'It''s A Long Way To The Top', '0:5:13');
INSERT INTO artists (name) VALUES ('Spahn Ranch');
INSERT INTO tracks (artist_id, album_id, release_id, number, title, length) VALUES (222, 327, 327, 4, 'Shot Down In Flames', '0:3:14');
INSERT INTO artists (name) VALUES ('Godflesh');
INSERT INTO tracks (artist_id, album_id, release_id, number, title, length) VALUES (223, 327, 327, 5, 'For Those About To Rock', '0:5:27');
INSERT INTO artists (name) VALUES ('Joined At The Head');
INSERT INTO tracks (artist_id, album_id, release_id, number, title, length) VALUES (224, 327, 327, 6, 'Whole Lotta Rosie', '0:6:42');
INSERT INTO artists (name) VALUES ('Pigface vs Sheep On Drugs');
INSERT INTO tracks (artist_id, album_id, release_id, number, title, length) VALUES (225, 327, 327, 7, 'Back In Black', '0:6:17');
INSERT INTO artists (name) VALUES ('Birmingham 6');
INSERT INTO tracks (artist_id, album_id, release_id, number, title, length) VALUES (226, 327, 327, 8, 'Thunder Struck', '0:5:16');
INSERT INTO artists (name) VALUES ('Razed In Black');
INSERT INTO tracks (artist_id, album_id, release_id, number, title, length) VALUES (227, 327, 327, 9, 'Hells Bells', '0:5:2');
INSERT INTO artists (name) VALUES ('Psychopomps');
INSERT INTO tracks (artist_id, album_id, release_id, number, title, length) VALUES (228, 327, 327, 10, 'Badlands', '0:4:55');
INSERT INTO artists (name) VALUES ('Klute');
INSERT INTO tracks (artist_id, album_id, release_id, number, title, length) VALUES (229, 327, 327, 11, 'The Furor', '0:4:10');
INSERT INTO artists (name) VALUES ('Terminal Sect');
INSERT INTO tracks (artist_id, album_id, release_id, number, title, length) VALUES (230, 327, 327, 12, 'Who Made Who', '0:4:34');
INSERT INTO tracks (artist_id, album_id, release_id, number, title, length) VALUES (111, 327, 327, 13, 'TNT', '0:3:47');
INSERT INTO artists (name) VALUES ('16 Volt');
INSERT INTO tracks (artist_id, album_id, release_id, number, title, length) VALUES (231, 327, 327, 14, 'Dirty Deeds Done Dirt Cheap', '0:4:38');
INSERT INTO albums (artist_id, title, year) VALUES (1, 'Remix Wars Strike 2', '1996-01-01');
INSERT INTO releases (album_id, description, year) VALUES (328, 'Standard CD', '1996-01-01');
INSERT INTO tracks (artist_id, album_id, release_id, number, title, length) VALUES (221, 328, 328, 1, 'Metalmorphosis (Shifting Mutation Mix)', '0:4:19');
INSERT INTO tracks (artist_id, album_id, release_id, number, title, length) VALUES (221, 328, 328, 2, 'The Last Flood (Blood Stream Mix)', '0:5:36');
INSERT INTO tracks (artist_id, album_id, release_id, number, title, length) VALUES (221, 328, 328, 3, 'Scent (Pheromone Mix)', '0:4:52');
INSERT INTO tracks (artist_id, album_id, release_id, number, title, length) VALUES (3, 328, 328, 4, 'Neologic Spasm (Dislocated Mix)', '0:3:54');
INSERT INTO tracks (artist_id, album_id, release_id, number, title, length) VALUES (3, 328, 328, 5, 'Barcode (Re-Assembled Mix)', '0:4:13');
INSERT INTO tracks (artist_id, album_id, release_id, number, title, length) VALUES (3, 328, 328, 6, 'Transparent Species (Clustered Mix)', '0:6:19');
INSERT INTO artists (name) VALUES ('Hal Mcintyre & His Orchestra');
INSERT INTO albums (artist_id, title, year) VALUES (1, 'Best Of The Big Band Era - 1944-45', '1997-01-01');
INSERT INTO releases (album_id, description, year) VALUES (329, 'Standard CD', '1997-01-01');
INSERT INTO tracks (artist_id, album_id, release_id, number, title, length) VALUES (232, 329, 329, 1, 'Sentimental Journey', '0:2:53');
INSERT INTO artists (name) VALUES ('Vaughn Monroe & His Orchestra');
INSERT INTO tracks (artist_id, album_id, release_id, number, title, length) VALUES (233, 329, 329, 2, 'There I''ve Said It Again', '0:3:10');
INSERT INTO artists (name) VALUES ('Dinah Shore');
INSERT INTO tracks (artist_id, album_id, release_id, number, title, length) VALUES (234, 329, 329, 3, 'Candy', '0:3:10');
INSERT INTO artists (name) VALUES ('Charlie Spivak & His Orchestra');
INSERT INTO tracks (artist_id, album_id, release_id, number, title, length) VALUES (235, 329, 329, 4, 'It''s Been A Long, Long Time', '0:2:46');
INSERT INTO artists (name) VALUES ('Tony Pastor & His Orchestra');
INSERT INTO tracks (artist_id, album_id, release_id, number, title, length) VALUES (236, 329, 329, 5, 'Bell Bottom Trousers', '0:3:2');
INSERT INTO artists (name) VALUES ('Freddy Martin & His Orchestra');
INSERT INTO tracks (artist_id, album_id, release_id, number, title, length) VALUES (237, 329, 329, 6, 'Laura', '0:3:5');
INSERT INTO artists (name) VALUES ('Swing & Sway With Sammy Kaye');
INSERT INTO tracks (artist_id, album_id, release_id, number, title, length) VALUES (238, 329, 329, 7, 'Don''t Fence Me In', '0:2:41');
INSERT INTO artists (name) VALUES ('Perry Como');
INSERT INTO tracks (artist_id, album_id, release_id, number, title, length) VALUES (239, 329, 329, 8, 'Till The End Of Time', '0:3:11');
INSERT INTO artists (name) VALUES ('Erskine Hawkins & His Orchestra');
INSERT INTO tracks (artist_id, album_id, release_id, number, title, length) VALUES (240, 329, 329, 9, 'Tippin'' In', '0:3:21');
INSERT INTO artists (name) VALUES ('Duke Ellington & His Famous Orchestra');
INSERT INTO tracks (artist_id, album_id, release_id, number, title, length) VALUES (241, 329, 329, 10, 'I''m Beginning To See The Light', '0:3:11');
INSERT INTO artists (name) VALUES ('Bleeding Through');
INSERT INTO albums (artist_id, title, year) VALUES (1, 'Trustkill Takeover Vol 2', '2006-01-01');
INSERT INTO releases (album_id, description, year) VALUES (330, 'Standard CD', '2006-01-01');
INSERT INTO tracks (artist_id, album_id, release_id, number, title, length) VALUES (242, 330, 330, 1, 'One Last Second', '0:3:43');
INSERT INTO artists (name) VALUES ('Bullet For My Valentine');
INSERT INTO tracks (artist_id, album_id, release_id, number, title, length) VALUES (243, 330, 330, 2, 'My Fist, Your Mouth, Her Scars', '0:3:52');
INSERT INTO artists (name) VALUES ('Crash Romeo');
INSERT INTO tracks (artist_id, album_id, release_id, number, title, length) VALUES (244, 330, 330, 3, 'Hell Of A Time', '0:3:19');
INSERT INTO artists (name) VALUES ('It Dies Today');
INSERT INTO tracks (artist_id, album_id, release_id, number, title, length) VALUES (245, 330, 330, 4, 'Sacred Heart', '0:3:14');
INSERT INTO artists (name) VALUES ('Bedlight For Blue Eyes');
INSERT INTO tracks (artist_id, album_id, release_id, number, title, length) VALUES (246, 330, 330, 5, 'Waste My Time', '0:2:47');
INSERT INTO artists (name) VALUES ('Walls Of Jericho');
INSERT INTO tracks (artist_id, album_id, release_id, number, title, length) VALUES (247, 330, 330, 6, 'The Revolving Door Strategy', '0:2:8');
INSERT INTO artists (name) VALUES ('This Is Hell');
INSERT INTO tracks (artist_id, album_id, release_id, number, title, length) VALUES (248, 330, 330, 7, 'Wreck Your Life', '0:2:9');
INSERT INTO artists (name) VALUES ('Fight Paris');
INSERT INTO tracks (artist_id, album_id, release_id, number, title, length) VALUES (249, 330, 330, 8, 'Casanova', '0:3:43');
INSERT INTO artists (name) VALUES ('Roses Are Red');
INSERT INTO tracks (artist_id, album_id, release_id, number, title, length) VALUES (250, 330, 330, 9, 'We Never Knew', '0:4:3');
INSERT INTO artists (name) VALUES ('Eighteen Visions');
INSERT INTO tracks (artist_id, album_id, release_id, number, title, length) VALUES (251, 330, 330, 10, 'All We''ve Got', '0:3:46');
INSERT INTO artists (name) VALUES ('Terror');
INSERT INTO tracks (artist_id, album_id, release_id, number, title, length) VALUES (252, 330, 330, 11, 'Back At You', '0:1:33');
INSERT INTO artists (name) VALUES ('Most Precious Blood');
INSERT INTO tracks (artist_id, album_id, release_id, number, title, length) VALUES (253, 330, 330, 12, 'Aimed Carefully, Fired Relentlessly', '0:2:16');
INSERT INTO artists (name) VALUES ('Hopesfall');
INSERT INTO tracks (artist_id, album_id, release_id, number, title, length) VALUES (254, 330, 330, 13, 'Bird Flu', '0:4:58');
INSERT INTO artists (name) VALUES ('Throwdown');
INSERT INTO tracks (artist_id, album_id, release_id, number, title, length) VALUES (255, 330, 330, 14, 'London Dungeon', '0:4:5');
INSERT INTO artists (name) VALUES ('First Blood');
INSERT INTO tracks (artist_id, album_id, release_id, number, title, length) VALUES (256, 330, 330, 15, 'Conspiracy', '0:3:26');
INSERT INTO artists (name) VALUES ('Open Hand');
INSERT INTO tracks (artist_id, album_id, release_id, number, title, length) VALUES (257, 330, 330, 16, 'Old Hat', '0:2:34');
INSERT INTO artists (name) VALUES ('Dropkick Murphys');
INSERT INTO albums (artist_id, title, year) VALUES (1, 'World Warped III Live', '2000-01-01');
INSERT INTO releases (album_id, description, year) VALUES (331, 'Standard CD', '2000-01-01');
INSERT INTO tracks (artist_id, album_id, release_id, number, title, length) VALUES (258, 331, 331, 1, 'Barroom Hero', '0:2:41');
INSERT INTO artists (name) VALUES ('Unwritten Law');
INSERT INTO tracks (artist_id, album_id, release_id, number, title, length) VALUES (259, 331, 331, 2, 'Lonesome', '0:4:22');
INSERT INTO artists (name) VALUES ('No Use for a Name');
INSERT INTO tracks (artist_id, album_id, release_id, number, title, length) VALUES (260, 331, 331, 3, 'Straight from the Jacket', '0:2:12');
INSERT INTO artists (name) VALUES ('Less Than Jake');
INSERT INTO tracks (artist_id, album_id, release_id, number, title, length) VALUES (261, 331, 331, 4, 'Liquor Store', '0:3:13');
INSERT INTO artists (name) VALUES ('7 Seconds');
INSERT INTO tracks (artist_id, album_id, release_id, number, title, length) VALUES (262, 331, 331, 5, 'Sooner or Later', '0:1:16');
INSERT INTO artists (name) VALUES ('Mighty Mighty Bosstones');
INSERT INTO tracks (artist_id, album_id, release_id, number, title, length) VALUES (263, 331, 331, 6, 'I''ll Drink to That', '0:3:14');
INSERT INTO artists (name) VALUES ('NOFX');
INSERT INTO tracks (artist_id, album_id, release_id, number, title, length) VALUES (264, 331, 331, 7, 'Please Play This Song on the Radio', '0:2:26');
INSERT INTO artists (name) VALUES ('Long Beach Dub Allstars');
INSERT INTO tracks (artist_id, album_id, release_id, number, title, length) VALUES (265, 331, 331, 8, 'My Own Life', '0:2:49');
INSERT INTO artists (name) VALUES ('Hot Water Music');
INSERT INTO tracks (artist_id, album_id, release_id, number, title, length) VALUES (266, 331, 331, 9, 'Better Sense', '0:2:51');
INSERT INTO artists (name) VALUES ('Gob');
INSERT INTO tracks (artist_id, album_id, release_id, number, title, length) VALUES (267, 331, 331, 10, 'Custer''s Last 1 Nite Stand', '0:1:46');
INSERT INTO artists (name) VALUES ('Pennywise');
INSERT INTO tracks (artist_id, album_id, release_id, number, title, length) VALUES (268, 331, 331, 11, 'Rules Made Up by You', '0:1:35');
INSERT INTO artists (name) VALUES ('The Amazing Crowns');
INSERT INTO tracks (artist_id, album_id, release_id, number, title, length) VALUES (269, 331, 331, 12, 'Baby''s Out on Bail', '0:3:5');
INSERT INTO artists (name) VALUES ('MxPx');
INSERT INTO tracks (artist_id, album_id, release_id, number, title, length) VALUES (270, 331, 331, 13, 'Tomorrow''s Another Day', '0:3:12');
INSERT INTO artists (name) VALUES ('Lit');
INSERT INTO tracks (artist_id, album_id, release_id, number, title, length) VALUES (271, 331, 331, 14, 'No Big Thing', '0:3:40');
INSERT INTO artists (name) VALUES ('Royal Crown Revue');
INSERT INTO tracks (artist_id, album_id, release_id, number, title, length) VALUES (272, 331, 331, 15, 'Walkin'' Like Brando', '0:3:28');
INSERT INTO artists (name) VALUES ('Supersuckers');
INSERT INTO tracks (artist_id, album_id, release_id, number, title, length) VALUES (273, 331, 331, 16, 'Cowboy Song', '0:4:40');
INSERT INTO artists (name) VALUES ('Papa Roach');
INSERT INTO tracks (artist_id, album_id, release_id, number, title, length) VALUES (274, 331, 331, 17, 'Dead Cell', '0:3:15');
INSERT INTO artists (name) VALUES ('H2O');
INSERT INTO tracks (artist_id, album_id, release_id, number, title, length) VALUES (275, 331, 331, 18, 'Faster Than the World', '0:2:10');
INSERT INTO artists (name) VALUES ('Blink 182');
INSERT INTO tracks (artist_id, album_id, release_id, number, title, length) VALUES (276, 331, 331, 19, 'Dammit', '0:2:42');
INSERT INTO artists (name) VALUES ('The Line');
INSERT INTO tracks (artist_id, album_id, release_id, number, title, length) VALUES (277, 331, 331, 20, 'D-Term Nation', '0:3:0');
INSERT INTO artists (name) VALUES ('Flogging Molly');
INSERT INTO tracks (artist_id, album_id, release_id, number, title, length) VALUES (278, 331, 331, 21, 'Every Dog Has It''s Day', '0:4:46');
INSERT INTO artists (name) VALUES ('One Man Army');
INSERT INTO tracks (artist_id, album_id, release_id, number, title, length) VALUES (279, 331, 331, 22, 'All Your Friends', '0:3:14');
INSERT INTO artists (name) VALUES ('Lunachicks');
INSERT INTO tracks (artist_id, album_id, release_id, number, title, length) VALUES (280, 331, 331, 23, 'Throwin It Away', '0:2:20');
INSERT INTO artists (name) VALUES ('Bad Religion');
INSERT INTO tracks (artist_id, album_id, release_id, number, title, length) VALUES (281, 331, 331, 24, 'Hear It', '0:2:1');
INSERT INTO artists (name) VALUES ('Anti-Flag');
INSERT INTO tracks (artist_id, album_id, release_id, number, title, length) VALUES (282, 331, 331, 25, 'New Kind of Army', '0:3:40');
INSERT INTO albums (artist_id, title, year) VALUES (1, 'Cryogenic Studios 2', '2001-01-01');
INSERT INTO releases (album_id, description, year) VALUES (332, 'Standard CD', '2001-01-01');
INSERT INTO tracks (artist_id, album_id, release_id, number, title, length) VALUES (23, 332, 332, 1, 'Paradise', '0:8:38');
INSERT INTO tracks (artist_id, album_id, release_id, number, title, length) VALUES (23, 332, 332, 2, 'Biosphere', '0:9:37');
INSERT INTO tracks (artist_id, album_id, release_id, number, title, length) VALUES (2, 332, 332, 3, 'Amnesia', '0:9:21');
INSERT INTO tracks (artist_id, album_id, release_id, number, title, length) VALUES (30, 332, 332, 4, 'Eros', '0:6:43');
INSERT INTO tracks (artist_id, album_id, release_id, number, title, length) VALUES (125, 332, 332, 5, 'Phenomena', '0:5:46');
INSERT INTO tracks (artist_id, album_id, release_id, number, title, length) VALUES (83, 332, 332, 6, 'Door To The Otherside', '0:11:15');
INSERT INTO tracks (artist_id, album_id, release_id, number, title, length) VALUES (23, 332, 332, 7, 'The Drain', '0:6:50');
INSERT INTO tracks (artist_id, album_id, release_id, number, title, length) VALUES (3, 332, 332, 8, 'Amorpheus', '0:4:56');
INSERT INTO tracks (artist_id, album_id, release_id, number, title, length) VALUES (23, 332, 332, 1, 'Miracle', '0:6:46');
INSERT INTO tracks (artist_id, album_id, release_id, number, title, length) VALUES (23, 332, 332, 2, 'Inner Chaos', '0:7:52');
INSERT INTO tracks (artist_id, album_id, release_id, number, title, length) VALUES (2, 332, 332, 3, 'Ambience', '0:4:48');
INSERT INTO tracks (artist_id, album_id, release_id, number, title, length) VALUES (125, 332, 332, 4, 'Electronic Dream', '0:9:3');
INSERT INTO tracks (artist_id, album_id, release_id, number, title, length) VALUES (30, 332, 332, 5, 'Re-Thread', '0:7:44');
INSERT INTO artists (name) VALUES ('Synaesthia');
INSERT INTO tracks (artist_id, album_id, release_id, number, title, length) VALUES (283, 332, 332, 6, 'Floatation', '0:8:38');
INSERT INTO tracks (artist_id, album_id, release_id, number, title, length) VALUES (23, 332, 332, 7, 'Alle Gegan Alle', '0:4:32');
INSERT INTO tracks (artist_id, album_id, release_id, number, title, length) VALUES (23, 332, 332, 8, 'Penance', '0:6:5');
INSERT INTO tracks (artist_id, album_id, release_id, number, title, length) VALUES (3, 332, 332, 9, 'Mutilate', '0:5:41');
INSERT INTO albums (artist_id, title, year) VALUES (1, 'Cryogenic Studios', '1998-01-01');
INSERT INTO releases (album_id, description, year) VALUES (333, 'Standard CD', '1998-01-01');
INSERT INTO tracks (artist_id, album_id, release_id, number, title, length) VALUES (125, 333, 333, 1, 'Contact (Remix Version)', '0:7:44');
INSERT INTO tracks (artist_id, album_id, release_id, number, title, length) VALUES (125, 333, 333, 2, 'Nova Man (Remix Version)', '0:7:53');
INSERT INTO tracks (artist_id, album_id, release_id, number, title, length) VALUES (3, 333, 333, 3, 'Equilibrium', '0:7:8');
INSERT INTO tracks (artist_id, album_id, release_id, number, title, length) VALUES (3, 333, 333, 4, 'Transmutation', '0:4:55');
INSERT INTO tracks (artist_id, album_id, release_id, number, title, length) VALUES (2, 333, 333, 5, 'Infra-Stellar (Remix Version)', '0:8:19');
INSERT INTO tracks (artist_id, album_id, release_id, number, title, length) VALUES (2, 333, 333, 6, 'Desert (Remix Version)', '0:10:37');
INSERT INTO artists (name) VALUES ('ProTech');
INSERT INTO tracks (artist_id, album_id, release_id, number, title, length) VALUES (284, 333, 333, 7, 'Thread-Dead', '0:8:48');
INSERT INTO tracks (artist_id, album_id, release_id, number, title, length) VALUES (284, 333, 333, 8, 'Erotic Onthology (Remix Version)', '0:7:21');
INSERT INTO tracks (artist_id, album_id, release_id, number, title, length) VALUES (83, 333, 333, 9, 'The Flood', '0:9:17');
INSERT INTO artists (name) VALUES ('Cellador');
INSERT INTO albums (artist_id, title, year) VALUES (1, 'Metal Massacre XII', '2006-01-01');
INSERT INTO releases (album_id, description, year) VALUES (334, 'Standard CD', '2006-01-01');
INSERT INTO tracks (artist_id, album_id, release_id, number, title, length) VALUES (285, 334, 334, 1, 'Leaving All Behind', '0:3:14');
INSERT INTO artists (name) VALUES ('The Black Dahlia Murder');
INSERT INTO tracks (artist_id, album_id, release_id, number, title, length) VALUES (286, 334, 334, 2, 'Miasma', '0:4:41');
INSERT INTO artists (name) VALUES ('Six Feet Under');
INSERT INTO tracks (artist_id, album_id, release_id, number, title, length) VALUES (287, 334, 334, 3, 'Shadow Of The Reaper', '0:3:38');
INSERT INTO tracks (artist_id, album_id, release_id, number, title, length) VALUES (46, 334, 334, 4, 'Swarm!', '0:2:49');
INSERT INTO artists (name) VALUES ('Demiricous');
INSERT INTO tracks (artist_id, album_id, release_id, number, title, length) VALUES (288, 334, 334, 5, 'Vagrant Idol', '0:3:36');
INSERT INTO artists (name) VALUES ('3');
INSERT INTO tracks (artist_id, album_id, release_id, number, title, length) VALUES (289, 334, 334, 6, 'Alien Angel', '0:3:45');
INSERT INTO artists (name) VALUES ('Bolt Thrower');
INSERT INTO tracks (artist_id, album_id, release_id, number, title, length) VALUES (290, 334, 334, 7, 'The Killchain', '0:4:41');
INSERT INTO artists (name) VALUES ('Into The Moat');
INSERT INTO tracks (artist_id, album_id, release_id, number, title, length) VALUES (291, 334, 334, 8, 'Dead Before I Stray', '0:2:41');
INSERT INTO artists (name) VALUES ('The Red Chord');
INSERT INTO tracks (artist_id, album_id, release_id, number, title, length) VALUES (292, 334, 334, 9, 'Fixation On Plastics', '0:2:44');
INSERT INTO artists (name) VALUES ('Fragments Of Unbecoming');
INSERT INTO tracks (artist_id, album_id, release_id, number, title, length) VALUES (293, 334, 334, 10, 'Sterling Black Icon', '0:5:14');
INSERT INTO artists (name) VALUES ('Paths Of Possession');
INSERT INTO tracks (artist_id, album_id, release_id, number, title, length) VALUES (294, 334, 334, 11, 'Bleed The Meek', '0:4:25');
INSERT INTO artists (name) VALUES ('The Absence');
INSERT INTO tracks (artist_id, album_id, release_id, number, title, length) VALUES (295, 334, 334, 12, 'From Your Grave', '0:4:15');
INSERT INTO artists (name) VALUES ('God Dethroned');
INSERT INTO tracks (artist_id, album_id, release_id, number, title, length) VALUES (296, 334, 334, 13, 'Sigma Enigma', '0:4:5');
INSERT INTO artists (name) VALUES ('Amon Amarth');
INSERT INTO tracks (artist_id, album_id, release_id, number, title, length) VALUES (297, 334, 334, 14, 'The Pursuit Of Vikings', '0:4:30');
INSERT INTO artists (name) VALUES ('Machinemade God');
INSERT INTO tracks (artist_id, album_id, release_id, number, title, length) VALUES (298, 334, 334, 15, 'Kiss Me Now Kill Me Later', '0:3:45');
INSERT INTO artists (name) VALUES ('The Ocean');
INSERT INTO tracks (artist_id, album_id, release_id, number, title, length) VALUES (299, 334, 334, 16, 'One With The Ocean', '0:2:34');
INSERT INTO artists (name) VALUES ('And The Hero Fails');
INSERT INTO tracks (artist_id, album_id, release_id, number, title, length) VALUES (300, 334, 334, 17, 'His Imperial Victory', '0:3:44');
INSERT INTO artists (name) VALUES ('Gaza');
INSERT INTO tracks (artist_id, album_id, release_id, number, title, length) VALUES (301, 334, 334, 18, 'Cult', '0:4:42');
INSERT INTO artists (name) VALUES ('End It All');
INSERT INTO tracks (artist_id, album_id, release_id, number, title, length) VALUES (302, 334, 334, 19, 'Echo Of Cries', '0:5:30');
INSERT INTO artists (name) VALUES ('Bauhaus');
INSERT INTO albums (artist_id, title, year) VALUES (1, 'Gothic Rock', '1993-01-01');
INSERT INTO releases (album_id, description, year) VALUES (335, 'Standard CD', '1993-01-01');
INSERT INTO tracks (artist_id, album_id, release_id, number, title, length) VALUES (303, 335, 335, 1, 'Dark Entries', '0:3:51');
INSERT INTO artists (name) VALUES ('Southern Death Cult');
INSERT INTO tracks (artist_id, album_id, release_id, number, title, length) VALUES (304, 335, 335, 2, 'Moya', '0:4:40');
INSERT INTO artists (name) VALUES ('X-Mal Deutschland');
INSERT INTO tracks (artist_id, album_id, release_id, number, title, length) VALUES (305, 335, 335, 3, 'Incubus Succubus II', '0:4:29');
INSERT INTO artists (name) VALUES ('Theatre Of Hate');
INSERT INTO tracks (artist_id, album_id, release_id, number, title, length) VALUES (306, 335, 335, 4, 'Black Madonna', '0:3:21');
INSERT INTO artists (name) VALUES ('Gene Loves Jezebel');
INSERT INTO tracks (artist_id, album_id, release_id, number, title, length) VALUES (307, 335, 335, 5, 'Shaving My Neck', '0:2:53');
INSERT INTO artists (name) VALUES ('Fields Of The Nephilim');
INSERT INTO tracks (artist_id, album_id, release_id, number, title, length) VALUES (308, 335, 335, 6, 'Preacher Man', '0:4:52');
INSERT INTO artists (name) VALUES ('UK Decay');
INSERT INTO tracks (artist_id, album_id, release_id, number, title, length) VALUES (309, 335, 335, 7, 'Testament', '0:3:6');
INSERT INTO artists (name) VALUES ('Virgin Prunes');
INSERT INTO tracks (artist_id, album_id, release_id, number, title, length) VALUES (310, 335, 335, 8, 'Pagan Love Song', '0:3:28');
INSERT INTO artists (name) VALUES ('Danse Society');
INSERT INTO tracks (artist_id, album_id, release_id, number, title, length) VALUES (311, 335, 335, 9, 'We''re So Happy', '0:5:1');
INSERT INTO artists (name) VALUES ('Tones On Tail');
INSERT INTO tracks (artist_id, album_id, release_id, number, title, length) VALUES (312, 335, 335, 10, 'Burning Skies (Edit)', '0:5:15');
INSERT INTO artists (name) VALUES ('Alien Sex Fiend');
INSERT INTO tracks (artist_id, album_id, release_id, number, title, length) VALUES (313, 335, 335, 11, 'Now I''m Feeling Zombified (Extended Version)', '0:6:53');
INSERT INTO artists (name) VALUES ('Sex Gang Children');
INSERT INTO tracks (artist_id, album_id, release_id, number, title, length) VALUES (314, 335, 335, 1, 'Dieche (12 Version)', '0:7:1');
INSERT INTO artists (name) VALUES ('Specimen');
INSERT INTO tracks (artist_id, album_id, release_id, number, title, length) VALUES (315, 335, 335, 2, 'Syria', '0:3:15');
INSERT INTO artists (name) VALUES ('Play Dead');
INSERT INTO tracks (artist_id, album_id, release_id, number, title, length) VALUES (316, 335, 335, 3, 'Propaganda', '0:3:12');
INSERT INTO artists (name) VALUES ('Christian Death');
INSERT INTO tracks (artist_id, album_id, release_id, number, title, length) VALUES (317, 335, 335, 4, 'This Is Heresy (Edit)', '0:3:15');
INSERT INTO artists (name) VALUES ('Gitane Demone');
INSERT INTO tracks (artist_id, album_id, release_id, number, title, length) VALUES (318, 335, 335, 5, 'Incendiary Lover', '0:4:4');
INSERT INTO artists (name) VALUES ('The Marionettes');
INSERT INTO tracks (artist_id, album_id, release_id, number, title, length) VALUES (319, 335, 335, 6, 'Ave Dementia (Edit)', '0:3:50');
INSERT INTO tracks (artist_id, album_id, release_id, number, title, length) VALUES (33, 335, 335, 7, 'Deeper', '0:4:51');
INSERT INTO artists (name) VALUES ('Creaming Jesus');
INSERT INTO tracks (artist_id, album_id, release_id, number, title, length) VALUES (320, 335, 335, 8, 'Reptile', '0:3:49');
INSERT INTO artists (name) VALUES ('James Ray & the Performance');
INSERT INTO tracks (artist_id, album_id, release_id, number, title, length) VALUES (321, 335, 335, 9, 'Assassin 64', '0:3:57');
INSERT INTO artists (name) VALUES ('Every New Dead Ghost');
INSERT INTO tracks (artist_id, album_id, release_id, number, title, length) VALUES (322, 335, 335, 10, 'Not In A Lifetime', '0:3:44');
INSERT INTO artists (name) VALUES ('Terminal Power Company');
INSERT INTO tracks (artist_id, album_id, release_id, number, title, length) VALUES (323, 335, 335, 11, 'Burning Chrome (Mk I)', '0:3:12');
INSERT INTO artists (name) VALUES ('Nosferatu');
INSERT INTO tracks (artist_id, album_id, release_id, number, title, length) VALUES (324, 335, 335, 12, 'Inside The Devil', '0:5:8');
INSERT INTO artists (name) VALUES ('Dominator X');
INSERT INTO tracks (artist_id, album_id, release_id, number, title, length) VALUES (325, 335, 335, 13, 'Psycho Sister', '0:2:52');
INSERT INTO albums (artist_id, title, year) VALUES (1, 'Electropolis Volume I', '1998-01-01');
INSERT INTO releases (album_id, description, year) VALUES (336, 'Standard CD', '1998-01-01');
INSERT INTO tracks (artist_id, album_id, release_id, number, title, length) VALUES (3, 336, 336, 1, 'Bliss', '0:6:37');
INSERT INTO tracks (artist_id, album_id, release_id, number, title, length) VALUES (1, 336, 336, 2, 'Numb - Blood (Crash and Bleed Edit)', '0:8:32');
INSERT INTO artists (name) VALUES ('Wumpscut');
INSERT INTO tracks (artist_id, album_id, release_id, number, title, length) VALUES (326, 336, 336, 3, 'Soylent Green (German Lyrics)', '0:5:52');
INSERT INTO artists (name) VALUES ('Informätik');
INSERT INTO tracks (artist_id, album_id, release_id, number, title, length) VALUES (327, 336, 336, 4, 'Entropy', '0:5:11');
INSERT INTO artists (name) VALUES ('Mentallo & The Fixer');
INSERT INTO tracks (artist_id, album_id, release_id, number, title, length) VALUES (328, 336, 336, 5, 'Vision (Metro Mix)', '0:8:12');
INSERT INTO artists (name) VALUES ('Thinkingman');
INSERT INTO tracks (artist_id, album_id, release_id, number, title, length) VALUES (329, 336, 336, 6, 'Screaming Saints (Numb Remix)', '0:4:42');
INSERT INTO artists (name) VALUES ('Out Out');
INSERT INTO tracks (artist_id, album_id, release_id, number, title, length) VALUES (330, 336, 336, 7, 'Futile (Version 9D)', '0:3:48');
INSERT INTO tracks (artist_id, album_id, release_id, number, title, length) VALUES (230, 336, 336, 8, 'Backwards Effigy', '0:4:50');
INSERT INTO artists (name) VALUES ('Necrofix');
INSERT INTO tracks (artist_id, album_id, release_id, number, title, length) VALUES (331, 336, 336, 9, 'Il Mostro', '0:4:14');
INSERT INTO artists (name) VALUES ('In Strict Confidence');
INSERT INTO tracks (artist_id, album_id, release_id, number, title, length) VALUES (332, 336, 336, 10, 'Prediction (Extended Remix)', '0:5:24');
INSERT INTO tracks (artist_id, album_id, release_id, number, title, length) VALUES (126, 336, 336, 11, 'Killing Fields (Guitar Fixer Mix)', '0:5:7');
INSERT INTO artists (name) VALUES ('Evil''s Toy');
INSERT INTO tracks (artist_id, album_id, release_id, number, title, length) VALUES (333, 336, 336, 12, 'Organics (Slow Motion Mix)', '0:3:58');
INSERT INTO artists (name) VALUES ('Haujobb');
INSERT INTO tracks (artist_id, album_id, release_id, number, title, length) VALUES (334, 336, 336, 13, 'Time Is Elastic', '0:6:34');
INSERT INTO artists (name) VALUES ('Snog');
INSERT INTO tracks (artist_id, album_id, release_id, number, title, length) VALUES (335, 336, 336, 14, 'Born To Be Mild (Overture)', '0:3:32');
INSERT INTO artists (name) VALUES ('Soundgarden');
INSERT INTO albums (artist_id, title, year) VALUES (1, 'SFW In-Store Sampler', '1994-01-01');
INSERT INTO releases (album_id, description, year) VALUES (337, 'Standard CD', '1994-01-01');
INSERT INTO tracks (artist_id, album_id, release_id, number, title, length) VALUES (336, 337, 337, 1, 'Jesus Christ Pose', '0:5:52');
INSERT INTO artists (name) VALUES ('Pretty Mary Sunshine');
INSERT INTO tracks (artist_id, album_id, release_id, number, title, length) VALUES (337, 337, 337, 2, 'Can I Stay', '0:3:4');
INSERT INTO artists (name) VALUES ('Hole');
INSERT INTO tracks (artist_id, album_id, release_id, number, title, length) VALUES (338, 337, 337, 3, 'Teenage Whore', '0:2:58');
INSERT INTO artists (name) VALUES ('Chris Cornell');
INSERT INTO tracks (artist_id, album_id, release_id, number, title, length) VALUES (339, 337, 337, 4, 'Like Suicide', '0:6:13');
INSERT INTO tracks (artist_id, album_id, release_id, number, title, length) VALUES (27, 337, 337, 5, 'Surrender', '0:3:55');
INSERT INTO artists (name) VALUES ('Radiohead');
INSERT INTO tracks (artist_id, album_id, release_id, number, title, length) VALUES (340, 337, 337, 6, 'Creep', '0:3:57');
INSERT INTO artists (name) VALUES ('Cop Shoot Cop');
INSERT INTO tracks (artist_id, album_id, release_id, number, title, length) VALUES (341, 337, 337, 7, 'Two At A Time', '0:4:0');
INSERT INTO artists (name) VALUES ('Babes in Toyland');
INSERT INTO tracks (artist_id, album_id, release_id, number, title, length) VALUES (342, 337, 337, 8, 'Say What You Want', '0:3:36');
INSERT INTO artists (name) VALUES ('Graeme Revell');
INSERT INTO tracks (artist_id, album_id, release_id, number, title, length) VALUES (343, 337, 337, 9, 'Spab ''N'' Janet EveningThe Green Room', '0:2:56');
INSERT INTO artists (name) VALUES ('Dismantled');
INSERT INTO albums (artist_id, title, year) VALUES (1, 'Dependence 2011', '2011-01-01');
INSERT INTO releases (album_id, description, year) VALUES (338, 'Standard CD', '2011-01-01');
INSERT INTO tracks (artist_id, album_id, release_id, number, title, length) VALUES (344, 338, 338, 1, 'Kill Or Be Killed', '0:5:44');
INSERT INTO artists (name) VALUES ('Clicks');
INSERT INTO tracks (artist_id, album_id, release_id, number, title, length) VALUES (345, 338, 338, 2, 'TV (Monochrome Version)', '0:4:13');
INSERT INTO artists (name) VALUES ('Encephalon');
INSERT INTO tracks (artist_id, album_id, release_id, number, title, length) VALUES (346, 338, 338, 3, 'Daylight (Remix)', '0:5:19');
INSERT INTO tracks (artist_id, album_id, release_id, number, title, length) VALUES (7, 338, 338, 4, 'Come On - Go Off (Rotersand Remix)', '0:4:41');
INSERT INTO artists (name) VALUES ('Informatik');
INSERT INTO tracks (artist_id, album_id, release_id, number, title, length) VALUES (347, 338, 338, 5, 'Something To Believe In', '0:4:34');
INSERT INTO artists (name) VALUES ('Mesh');
INSERT INTO tracks (artist_id, album_id, release_id, number, title, length) VALUES (348, 338, 338, 6, 'Is It So Hard (Remixed by Iris ft Julia Beyer)', '0:5:41');
INSERT INTO artists (name) VALUES ('Ghost & Writer');
INSERT INTO tracks (artist_id, album_id, release_id, number, title, length) VALUES (349, 338, 338, 7, 'Nightshift (Forma Tadre Remix)', '0:5:1');
INSERT INTO artists (name) VALUES ('Fractured');
INSERT INTO tracks (artist_id, album_id, release_id, number, title, length) VALUES (350, 338, 338, 8, 'You Are (The Voice Inside My Head)', '0:3:24');
INSERT INTO tracks (artist_id, album_id, release_id, number, title, length) VALUES (75, 338, 338, 9, 'Mind Against Matter', '0:5:0');
INSERT INTO tracks (artist_id, album_id, release_id, number, title, length) VALUES (3, 338, 338, 10, 'Day Of Violence', '0:8:26');
INSERT INTO artists (name) VALUES ('Stromkern');
INSERT INTO tracks (artist_id, album_id, release_id, number, title, length) VALUES (351, 338, 338, 11, 'Sub-Librarian', '0:4:55');
INSERT INTO artists (name) VALUES ('System Syn');
INSERT INTO tracks (artist_id, album_id, release_id, number, title, length) VALUES (352, 338, 338, 12, 'Chemical (Deathproof Mix by SMP)', '0:3:21');
INSERT INTO artists (name) VALUES ('Veil Veil Vanish');
INSERT INTO tracks (artist_id, album_id, release_id, number, title, length) VALUES (353, 338, 338, 13, 'Modern Lust', '0:3:35');
INSERT INTO artists (name) VALUES ('Edge Of Dawn');
INSERT INTO tracks (artist_id, album_id, release_id, number, title, length) VALUES (354, 338, 338, 14, 'All The Time (Urceus Exit Remix)', '0:5:48');
INSERT INTO artists (name) VALUES ('Mindless Faith');
INSERT INTO tracks (artist_id, album_id, release_id, number, title, length) VALUES (355, 338, 338, 15, 'Down Here (Iron Fist Remix)', '0:5:17');
INSERT INTO artists (name) VALUES ('Airbourne');
INSERT INTO albums (artist_id, title, year) VALUES (1, 'TNT', '2008-01-01');
INSERT INTO releases (album_id, description, year) VALUES (339, 'Standard CD', '2008-01-01');
INSERT INTO tracks (artist_id, album_id, release_id, number, title, length) VALUES (356, 339, 339, 1, 'Too Much, Too Young, Too Fast', '0:3:44');
INSERT INTO artists (name) VALUES ('Rose Tatoo');
INSERT INTO tracks (artist_id, album_id, release_id, number, title, length) VALUES (357, 339, 339, 2, 'Man About Town', '0:3:20');
INSERT INTO artists (name) VALUES ('BugGirl');
INSERT INTO tracks (artist_id, album_id, release_id, number, title, length) VALUES (358, 339, 339, 3, 'Ian Astbury', '0:4:24');
INSERT INTO artists (name) VALUES ('Stone Gods');
INSERT INTO tracks (artist_id, album_id, release_id, number, title, length) VALUES (359, 339, 339, 4, 'I''m With The Band', '0:4:14');
INSERT INTO artists (name) VALUES ('Thunderwing');
INSERT INTO tracks (artist_id, album_id, release_id, number, title, length) VALUES (360, 339, 339, 5, 'Alive In The USA', '0:2:15');
INSERT INTO artists (name) VALUES ('Zero Down');
INSERT INTO tracks (artist_id, album_id, release_id, number, title, length) VALUES (361, 339, 339, 6, 'Good Times At The Gates Of Hell', '0:3:9');
INSERT INTO artists (name) VALUES ('Krokus');
INSERT INTO tracks (artist_id, album_id, release_id, number, title, length) VALUES (362, 339, 339, 7, 'Hellraiser', '0:3:38');
INSERT INTO artists (name) VALUES ('The Donnas');
INSERT INTO tracks (artist_id, album_id, release_id, number, title, length) VALUES (363, 339, 339, 8, 'Girl Talk', '0:3:16');
INSERT INTO artists (name) VALUES ('Broken Teeth');
INSERT INTO tracks (artist_id, album_id, release_id, number, title, length) VALUES (364, 339, 339, 9, 'Blood On The Radio', '0:3:9');
INSERT INTO artists (name) VALUES ('The Cheaters');
INSERT INTO tracks (artist_id, album_id, release_id, number, title, length) VALUES (365, 339, 339, 10, 'All Of The Drugs', '0:3:43');
INSERT INTO artists (name) VALUES ('The Infamous');
INSERT INTO tracks (artist_id, album_id, release_id, number, title, length) VALUES (366, 339, 339, 11, 'Inside', '0:2:22');
INSERT INTO artists (name) VALUES ('The Datsuns');
INSERT INTO tracks (artist_id, album_id, release_id, number, title, length) VALUES (367, 339, 339, 12, 'Your Bones', '0:2:29');
INSERT INTO artists (name) VALUES ('Rebolt');
INSERT INTO tracks (artist_id, album_id, release_id, number, title, length) VALUES (368, 339, 339, 13, 'Bad Boy (For You)', '0:3:23');
INSERT INTO artists (name) VALUES ('The Orphans');
INSERT INTO tracks (artist_id, album_id, release_id, number, title, length) VALUES (369, 339, 339, 14, 'Monster', '0:2:58');
INSERT INTO artists (name) VALUES ('Saxon');
INSERT INTO tracks (artist_id, album_id, release_id, number, title, length) VALUES (370, 339, 339, 15, 'Wheels Of Steel (Live)', '0:8:51');
INSERT INTO albums (artist_id, title, year) VALUES (1, 'Trustkill', '2006-01-01');
INSERT INTO releases (album_id, description, year) VALUES (340, 'Standard CD', '2006-01-01');
INSERT INTO tracks (artist_id, album_id, release_id, number, title, length) VALUES (243, 340, 340, 1, '4 Words (To Choke Upon)', '0:3:47');
INSERT INTO tracks (artist_id, album_id, release_id, number, title, length) VALUES (243, 340, 340, 2, 'Suffacating Under Words of Sorrow', '0:3:39');
INSERT INTO tracks (artist_id, album_id, release_id, number, title, length) VALUES (253, 340, 340, 3, 'Shark ethic', '0:3:44');
INSERT INTO tracks (artist_id, album_id, release_id, number, title, length) VALUES (253, 340, 340, 4, 'Damage Control Freak', '0:3:23');
INSERT INTO tracks (artist_id, album_id, release_id, number, title, length) VALUES (255, 340, 340, 5, 'Speak The Truth', '0:3:20');
INSERT INTO tracks (artist_id, album_id, release_id, number, title, length) VALUES (249, 340, 340, 6, '100 Proof Woman', '0:3:41');
INSERT INTO tracks (artist_id, album_id, release_id, number, title, length) VALUES (252, 340, 340, 7, 'Keep Your Mouth Shut', '0:2:25');
INSERT INTO tracks (artist_id, album_id, release_id, number, title, length) VALUES (245, 340, 340, 8, 'Freak Gasoline Fight Accident', '0:3:49');
INSERT INTO artists (name) VALUES ('God Forbid');
INSERT INTO albums (artist_id, title, year) VALUES (1, 'Knuckletracks XCI', '1900-01-01');
INSERT INTO releases (album_id, description, year) VALUES (341, 'Standard CD', '1900-01-01');
INSERT INTO tracks (artist_id, album_id, release_id, number, title, length) VALUES (371, 341, 341, 1, 'Chains Of Humanity', '0:4:6');
INSERT INTO artists (name) VALUES ('Cannae');
INSERT INTO tracks (artist_id, album_id, release_id, number, title, length) VALUES (372, 341, 341, 2, 'Rats, Snakes and Thieves', '0:4:21');
INSERT INTO tracks (artist_id, album_id, release_id, number, title, length) VALUES (286, 341, 341, 3, 'I''m Charming', '0:2:56');
INSERT INTO tracks (artist_id, album_id, release_id, number, title, length) VALUES (24, 341, 341, 4, 'Insane', '0:3:27');
INSERT INTO artists (name) VALUES ('Hypocrisy');
INSERT INTO tracks (artist_id, album_id, release_id, number, title, length) VALUES (373, 341, 341, 5, 'Scrutinized', '0:4:26');
INSERT INTO artists (name) VALUES ('King''s X');
INSERT INTO tracks (artist_id, album_id, release_id, number, title, length) VALUES (374, 341, 341, 6, 'Alone', '0:2:58');
INSERT INTO artists (name) VALUES ('Wetwork');
INSERT INTO tracks (artist_id, album_id, release_id, number, title, length) VALUES (375, 341, 341, 7, 'Heavens Advocate', '0:3:47');
INSERT INTO artists (name) VALUES ('Watch Them Die');
INSERT INTO tracks (artist_id, album_id, release_id, number, title, length) VALUES (376, 341, 341, 8, 'Bastard Son', '0:3:7');
INSERT INTO artists (name) VALUES ('Scar Symetry');
INSERT INTO tracks (artist_id, album_id, release_id, number, title, length) VALUES (377, 341, 341, 9, 'Underneath The Surface', '0:3:52');
INSERT INTO artists (name) VALUES ('Methodust');
INSERT INTO tracks (artist_id, album_id, release_id, number, title, length) VALUES (378, 341, 341, 10, 'Lost', '0:3:49');
INSERT INTO artists (name) VALUES ('Atheist');
INSERT INTO tracks (artist_id, album_id, release_id, number, title, length) VALUES (379, 341, 341, 11, 'And The Psychic Saw', '0:4:51');
INSERT INTO artists (name) VALUES ('Soilent Green');
INSERT INTO tracks (artist_id, album_id, release_id, number, title, length) VALUES (380, 341, 341, 12, 'Leaves Of Three', '0:3:29');
INSERT INTO artists (name) VALUES ('Naglfar');
INSERT INTO tracks (artist_id, album_id, release_id, number, title, length) VALUES (381, 341, 341, 13, 'A Swarm Of Plagues', '0:4:49');
INSERT INTO artists (name) VALUES ('Afterlife');
INSERT INTO tracks (artist_id, album_id, release_id, number, title, length) VALUES (382, 341, 341, 14, 'With A Look From The Outside', '0:4:10');
INSERT INTO artists (name) VALUES ('Portal');
INSERT INTO tracks (artist_id, album_id, release_id, number, title, length) VALUES (383, 341, 341, 15, 'Tempus Fugit', '0:4:21');
INSERT INTO artists (name) VALUES ('Stream Of Passion');
INSERT INTO tracks (artist_id, album_id, release_id, number, title, length) VALUES (384, 341, 341, 16, 'Deciever', '0:5:11');
INSERT INTO artists (name) VALUES ('My Empty Rom');
INSERT INTO tracks (artist_id, album_id, release_id, number, title, length) VALUES (385, 341, 341, 17, 'Blind (edit)', '0:5:46');
INSERT INTO artists (name) VALUES ('Skulshifter');
INSERT INTO tracks (artist_id, album_id, release_id, number, title, length) VALUES (386, 341, 341, 18, 'I, Punishment', '0:5:36');
INSERT INTO artists (name) VALUES ('The Mission');
INSERT INTO albums (artist_id, title, year) VALUES (1, 'The Goth Anthology', '2006-01-01');
INSERT INTO releases (album_id, description, year) VALUES (342, 'Standard CD', '2006-01-01');
INSERT INTO tracks (artist_id, album_id, release_id, number, title, length) VALUES (387, 342, 342, 1, 'Tower Of Strength', '0:8:8');
INSERT INTO tracks (artist_id, album_id, release_id, number, title, length) VALUES (308, 342, 342, 2, 'From The Fire', '0:3:46');
INSERT INTO artists (name) VALUES ('All About Eve');
INSERT INTO tracks (artist_id, album_id, release_id, number, title, length) VALUES (388, 342, 342, 3, 'Martha''s Harbour', '0:3:5');
INSERT INTO artists (name) VALUES ('Nico');
INSERT INTO tracks (artist_id, album_id, release_id, number, title, length) VALUES (389, 342, 342, 4, 'All Tomorrow''s Parties', '0:4:1');
INSERT INTO artists (name) VALUES ('March Violets');
INSERT INTO tracks (artist_id, album_id, release_id, number, title, length) VALUES (390, 342, 342, 5, 'Walk Into The Sun', '0:4:53');
INSERT INTO tracks (artist_id, album_id, release_id, number, title, length) VALUES (320, 342, 342, 6, 'Blind', '0:3:2');
INSERT INTO tracks (artist_id, album_id, release_id, number, title, length) VALUES (313, 342, 342, 7, 'EST  (Trip To The Moon)', '0:4:30');
INSERT INTO tracks (artist_id, album_id, release_id, number, title, length) VALUES (317, 342, 342, 8, 'Church Of No Return', '0:3:45');
INSERT INTO tracks (artist_id, album_id, release_id, number, title, length) VALUES (311, 342, 342, 9, 'Somewhere', '0:4:17');
INSERT INTO tracks (artist_id, album_id, release_id, number, title, length) VALUES (33, 342, 342, 10, 'Reward', '0:2:52');
INSERT INTO tracks (artist_id, album_id, release_id, number, title, length) VALUES (316, 342, 342, 11, 'The Tenant', '0:5:38');
INSERT INTO artists (name) VALUES ('Bone Orchard');
INSERT INTO tracks (artist_id, album_id, release_id, number, title, length) VALUES (391, 342, 342, 12, 'Kickin'' Up The Sawdust', '0:5:14');
INSERT INTO artists (name) VALUES ('Children On Stun');
INSERT INTO tracks (artist_id, album_id, release_id, number, title, length) VALUES (392, 342, 342, 13, 'Cats Or Devils Eyes  (Rosetta Stone Mix)', '0:4:16');
INSERT INTO artists (name) VALUES ('Big Electric Cat');
INSERT INTO tracks (artist_id, album_id, release_id, number, title, length) VALUES (393, 342, 342, 14, 'Orchid Dreaming', '0:6:48');
INSERT INTO artists (name) VALUES ('Salvation');
INSERT INTO tracks (artist_id, album_id, release_id, number, title, length) VALUES (394, 342, 342, 15, 'Sunshine Superman', '0:3:29');
INSERT INTO artists (name) VALUES ('Sigue Sigue Sputnik');
INSERT INTO tracks (artist_id, album_id, release_id, number, title, length) VALUES (395, 342, 342, 1, 'Love Missile F1-11', '0:4:57');
INSERT INTO artists (name) VALUES ('Adam & The Ants');
INSERT INTO tracks (artist_id, album_id, release_id, number, title, length) VALUES (396, 342, 342, 2, 'Zerox', '0:3:48');
INSERT INTO artists (name) VALUES ('Front 242');
INSERT INTO tracks (artist_id, album_id, release_id, number, title, length) VALUES (397, 342, 342, 3, 'Headhunter', '0:4:45');
INSERT INTO tracks (artist_id, album_id, release_id, number, title, length) VALUES (308, 342, 342, 4, 'One More Nightmare', '0:5:20');
INSERT INTO tracks (artist_id, album_id, release_id, number, title, length) VALUES (313, 342, 342, 5, 'I Walk The Line', '0:4:53');
INSERT INTO tracks (artist_id, album_id, release_id, number, title, length) VALUES (317, 342, 342, 6, 'Haloes', '0:3:38');
INSERT INTO tracks (artist_id, album_id, release_id, number, title, length) VALUES (390, 342, 342, 7, 'Snake Dance', '0:4:8');
INSERT INTO artists (name) VALUES ('Red Lorry Yellow Lorry');
INSERT INTO tracks (artist_id, album_id, release_id, number, title, length) VALUES (398, 342, 342, 8, 'Temptation', '0:3:8');
INSERT INTO artists (name) VALUES ('Screaming Dead');
INSERT INTO tracks (artist_id, album_id, release_id, number, title, length) VALUES (399, 342, 342, 9, 'Night Creatures', '0:4:1');
INSERT INTO artists (name) VALUES ('Screams For Tina');
INSERT INTO tracks (artist_id, album_id, release_id, number, title, length) VALUES (400, 342, 342, 10, 'Kristen', '0:4:11');
INSERT INTO artists (name) VALUES ('Skeletal Family');
INSERT INTO tracks (artist_id, album_id, release_id, number, title, length) VALUES (401, 342, 342, 11, 'She Cries Alone', '0:5:18');
INSERT INTO tracks (artist_id, album_id, release_id, number, title, length) VALUES (315, 342, 342, 12, 'Hex', '0:4:29');
INSERT INTO tracks (artist_id, album_id, release_id, number, title, length) VALUES (222, 342, 342, 13, 'Cesium', '0:5:2');
INSERT INTO artists (name) VALUES ('Craddle Of Filth');
INSERT INTO tracks (artist_id, album_id, release_id, number, title, length) VALUES (402, 342, 342, 14, 'Summer Dying Fast', '0:4:40');
INSERT INTO artists (name) VALUES ('The Damned');
INSERT INTO tracks (artist_id, album_id, release_id, number, title, length) VALUES (403, 342, 342, 1, 'Eloise', '0:5:11');
INSERT INTO artists (name) VALUES ('The Psychedelic Furs');
INSERT INTO tracks (artist_id, album_id, release_id, number, title, length) VALUES (404, 342, 342, 2, 'Pretty In Pink', '0:4:0');
INSERT INTO tracks (artist_id, album_id, release_id, number, title, length) VALUES (308, 342, 342, 3, 'Power', '0:4:10');
INSERT INTO tracks (artist_id, album_id, release_id, number, title, length) VALUES (398, 342, 342, 4, 'Beating My Head', '0:3:16');
INSERT INTO artists (name) VALUES ('Caged');
INSERT INTO tracks (artist_id, album_id, release_id, number, title, length) VALUES (405, 342, 342, 5, '1919', '0:2:31');
INSERT INTO artists (name) VALUES ('Kill Switch Klick');
INSERT INTO tracks (artist_id, album_id, release_id, number, title, length) VALUES (406, 342, 342, 6, 'Addiction', '0:4:46');
INSERT INTO tracks (artist_id, album_id, release_id, number, title, length) VALUES (315, 342, 342, 7, 'Sharp Teeth Pretty Teeh', '0:3:51');
INSERT INTO artists (name) VALUES ('The Wake');
INSERT INTO tracks (artist_id, album_id, release_id, number, title, length) VALUES (407, 342, 342, 8, 'Side Show', '0:4:20');
INSERT INTO artists (name) VALUES ('Usherhouse');
INSERT INTO tracks (artist_id, album_id, release_id, number, title, length) VALUES (408, 342, 342, 9, 'November Rain', '0:5:19');
INSERT INTO artists (name) VALUES ('Sunglasses After Dark');
INSERT INTO tracks (artist_id, album_id, release_id, number, title, length) VALUES (409, 342, 342, 10, 'Morbid Silence', '0:4:7');
INSERT INTO artists (name) VALUES ('Switchblade Symphony');
INSERT INTO tracks (artist_id, album_id, release_id, number, title, length) VALUES (410, 342, 342, 11, 'Gutter Glitter', '0:3:52');
INSERT INTO tracks (artist_id, album_id, release_id, number, title, length) VALUES (401, 342, 342, 12, 'So Sure', '0:4:5');
INSERT INTO artists (name) VALUES ('Superheroines');
INSERT INTO tracks (artist_id, album_id, release_id, number, title, length) VALUES (411, 342, 342, 13, 'Remebering Love', '0:3:25');
INSERT INTO artists (name) VALUES ('Cradle Of Filth');
INSERT INTO tracks (artist_id, album_id, release_id, number, title, length) VALUES (412, 342, 342, 14, 'The Forest Whispers My Name', '0:4:44');
INSERT INTO artists (name) VALUES ('Tenek');
INSERT INTO albums (artist_id, title, year) VALUES (1, 'Electronic Saviors II Recurrence', '2012-01-01');
INSERT INTO releases (album_id, description, year) VALUES (343, 'Standard CD', '2012-01-01');
INSERT INTO tracks (artist_id, album_id, release_id, number, title, length) VALUES (413, 343, 343, 1, 'A World Of No Relief', '0:4:48');
INSERT INTO artists (name) VALUES ('Deathline Int''l');
INSERT INTO tracks (artist_id, album_id, release_id, number, title, length) VALUES (414, 343, 343, 2, 'Inside', '0:5:22');
INSERT INTO artists (name) VALUES ('Cancerface');
INSERT INTO tracks (artist_id, album_id, release_id, number, title, length) VALUES (415, 343, 343, 3, 'Tumor Curbjob', '0:3:52');
INSERT INTO artists (name) VALUES ('Panic Lift');
INSERT INTO tracks (artist_id, album_id, release_id, number, title, length) VALUES (416, 343, 343, 4, 'Footsteps', '0:4:47');
INSERT INTO artists (name) VALUES ('The Gothsicles');
INSERT INTO tracks (artist_id, album_id, release_id, number, title, length) VALUES (417, 343, 343, 5, 'Who Wants To Join Our Super Hero Team (Right Now, It''s Just Me & Jim)', '0:3:23');
INSERT INTO artists (name) VALUES ('Inertia');
INSERT INTO tracks (artist_id, album_id, release_id, number, title, length) VALUES (418, 343, 343, 6, 'Deworld (New Day Mix)', '0:4:16');
INSERT INTO artists (name) VALUES ('Santa Hates You');
INSERT INTO tracks (artist_id, album_id, release_id, number, title, length) VALUES (419, 343, 343, 7, 'Pack Your Bags Honey, We''re Going To Hell! (Road Trip Remix)', '0:4:19');
INSERT INTO artists (name) VALUES ('The Azoic');
INSERT INTO tracks (artist_id, album_id, release_id, number, title, length) VALUES (420, 343, 343, 8, 'Corruption (Remix By Encoder)', '0:4:53');
INSERT INTO artists (name) VALUES ('Rein[Forced]');
INSERT INTO tracks (artist_id, album_id, release_id, number, title, length) VALUES (421, 343, 343, 9, 'Burnt', '0:5:41');
INSERT INTO artists (name) VALUES ('Deathproof');
INSERT INTO tracks (artist_id, album_id, release_id, number, title, length) VALUES (422, 343, 343, 10, 'Bitcrush', '0:2:58');
INSERT INTO artists (name) VALUES ('Cyferdyne');
INSERT INTO tracks (artist_id, album_id, release_id, number, title, length) VALUES (423, 343, 343, 11, 'Nova', '0:4:56');
INSERT INTO artists (name) VALUES ('Null Device');
INSERT INTO tracks (artist_id, album_id, release_id, number, title, length) VALUES (424, 343, 343, 12, 'Through Closing Eyes', '0:4:12');
INSERT INTO artists (name) VALUES ('Sonik Foundry');
INSERT INTO tracks (artist_id, album_id, release_id, number, title, length) VALUES (425, 343, 343, 13, 'Relapse', '0:4:13');
INSERT INTO artists (name) VALUES ('Left Spine Down');
INSERT INTO tracks (artist_id, album_id, release_id, number, title, length) VALUES (426, 343, 343, 14, 'Stolen Car (B&E Mix)', '0:4:8');
INSERT INTO tracks (artist_id, album_id, release_id, number, title, length) VALUES (76, 343, 343, 15, 'Under Fire', '0:4:19');
INSERT INTO tracks (artist_id, album_id, release_id, number, title, length) VALUES (332, 343, 343, 16, 'Bitter Truth', '0:4:31');
INSERT INTO tracks (artist_id, album_id, release_id, number, title, length) VALUES (354, 343, 343, 17, 'Lucid Dreams (Standeg Remix)', '0:4:50');
INSERT INTO artists (name) VALUES ('Constance Rudert');
INSERT INTO tracks (artist_id, album_id, release_id, number, title, length) VALUES (427, 343, 343, 18, 'The Harbour Song', '0:2:28');
INSERT INTO artists (name) VALUES ('Wreckcreation');
INSERT INTO tracks (artist_id, album_id, release_id, number, title, length) VALUES (428, 343, 343, 1, 'No Regrets', '0:3:49');
INSERT INTO tracks (artist_id, album_id, release_id, number, title, length) VALUES (93, 343, 343, 2, 'Lament (Electronic Saviors Remix)', '0:6:8');
INSERT INTO artists (name) VALUES ('Solitary Experiments');
INSERT INTO tracks (artist_id, album_id, release_id, number, title, length) VALUES (429, 343, 343, 3, 'Immortal (Icon of Coil Mix by Sebastian Komar)', '0:4:57');
INSERT INTO artists (name) VALUES ('Hypefactor');
INSERT INTO tracks (artist_id, album_id, release_id, number, title, length) VALUES (430, 343, 343, 4, 'Descriptive', '0:5:5');
INSERT INTO artists (name) VALUES ('Uberbyte');
INSERT INTO tracks (artist_id, album_id, release_id, number, title, length) VALUES (431, 343, 343, 5, 'Phantasm', '0:4:21');
INSERT INTO tracks (artist_id, album_id, release_id, number, title, length) VALUES (355, 343, 343, 6, 'Tragedy', '0:4:52');
INSERT INTO artists (name) VALUES ('Soil & Eclipse');
INSERT INTO tracks (artist_id, album_id, release_id, number, title, length) VALUES (432, 343, 343, 7, 'The Will (Survival Mix)', '0:5:15');
INSERT INTO artists (name) VALUES ('Suicide Commando');
INSERT INTO tracks (artist_id, album_id, release_id, number, title, length) VALUES (433, 343, 343, 8, 'The Perils of Indifference (Stahlnebel Vs Black Selket Remix)', '0:5:0');
INSERT INTO artists (name) VALUES ('Lowe');
INSERT INTO tracks (artist_id, album_id, release_id, number, title, length) VALUES (434, 343, 343, 9, 'Mirage (Saviors Mix)', '0:5:50');
INSERT INTO artists (name) VALUES ('CYLiX');
INSERT INTO tracks (artist_id, album_id, release_id, number, title, length) VALUES (435, 343, 343, 10, 'I Don''t Exist', '0:4:13');
INSERT INTO artists (name) VALUES ('I Scintilla');
INSERT INTO tracks (artist_id, album_id, release_id, number, title, length) VALUES (436, 343, 343, 11, 'Swimmers Can Drown (Diabolic Art Mix)', '0:5:54');
INSERT INTO artists (name) VALUES ('Inure');
INSERT INTO tracks (artist_id, album_id, release_id, number, title, length) VALUES (437, 343, 343, 12, 'This is the Life (Cryogen Second Remix)', '0:4:8');
INSERT INTO artists (name) VALUES ('Trakktor');
INSERT INTO tracks (artist_id, album_id, release_id, number, title, length) VALUES (438, 343, 343, 13, 'Hollow Spirits', '0:3:55');
INSERT INTO artists (name) VALUES ('23RAINYDAYS');
INSERT INTO tracks (artist_id, album_id, release_id, number, title, length) VALUES (439, 343, 343, 14, 'Monster (v2)', '0:4:43');
INSERT INTO artists (name) VALUES ('Accessory');
INSERT INTO tracks (artist_id, album_id, release_id, number, title, length) VALUES (440, 343, 343, 15, 'Voran (Der Teufel im Spiegel Mix by Boole)', '0:3:25');
INSERT INTO artists (name) VALUES ('Twilight Laboratory');
INSERT INTO tracks (artist_id, album_id, release_id, number, title, length) VALUES (441, 343, 343, 16, 'Intention', '0:4:3');
INSERT INTO artists (name) VALUES ('TERRORFAKT');
INSERT INTO tracks (artist_id, album_id, release_id, number, title, length) VALUES (442, 343, 343, 17, 'Marching Into Valhalla', '0:3:43');
INSERT INTO tracks (artist_id, album_id, release_id, number, title, length) VALUES (352, 343, 343, 1, 'Goddamn [Imperative Reaction Remix]', '0:3:58');
INSERT INTO artists (name) VALUES ('Ad Iferna');
INSERT INTO tracks (artist_id, album_id, release_id, number, title, length) VALUES (443, 343, 343, 2, 'AI Dominion', '0:4:43');
INSERT INTO artists (name) VALUES ('Boole');
INSERT INTO tracks (artist_id, album_id, release_id, number, title, length) VALUES (444, 343, 343, 3, 'Walpurgisnacht', '0:5:26');
INSERT INTO artists (name) VALUES ('Ego Likeness');
INSERT INTO tracks (artist_id, album_id, release_id, number, title, length) VALUES (445, 343, 343, 4, 'Infidel', '0:4:1');
INSERT INTO artists (name) VALUES ('Binary Park');
INSERT INTO tracks (artist_id, album_id, release_id, number, title, length) VALUES (446, 343, 343, 5, 'Worlds Collide [Saviors Mix]', '0:6:16');
INSERT INTO artists (name) VALUES ('Die Sektor');
INSERT INTO tracks (artist_id, album_id, release_id, number, title, length) VALUES (447, 343, 343, 6, 'The Just Will Be Silenced', '0:4:43');
INSERT INTO artists (name) VALUES ('Stiff Valentine');
INSERT INTO tracks (artist_id, album_id, release_id, number, title, length) VALUES (448, 343, 343, 7, 'Suicide Execute', '0:3:21');
INSERT INTO artists (name) VALUES ('Head-Less');
INSERT INTO tracks (artist_id, album_id, release_id, number, title, length) VALUES (449, 343, 343, 8, 'Punish Your Head [Mental Discipline Remix]', '0:5:16');
INSERT INTO artists (name) VALUES ('The Ludovico Technique');
INSERT INTO tracks (artist_id, album_id, release_id, number, title, length) VALUES (450, 343, 343, 9, 'This Life [Lexincrypt Remix]', '0:4:52');
INSERT INTO artists (name) VALUES ('Psy''Aviah');
INSERT INTO tracks (artist_id, album_id, release_id, number, title, length) VALUES (451, 343, 343, 10, 'Sweet Hard Revenge [Fallon Nieves Rendition]', '0:5:18');
INSERT INTO artists (name) VALUES ('Aesthetic Perfection');
INSERT INTO tracks (artist_id, album_id, release_id, number, title, length) VALUES (452, 343, 343, 11, 'The Devil''s In The Details [Sthilmann Remix]', '0:5:6');
INSERT INTO artists (name) VALUES ('Terminal Choice');
INSERT INTO tracks (artist_id, album_id, release_id, number, title, length) VALUES (453, 343, 343, 12, 'Fight The System [Rabia Sorda Mix]', '0:5:6');
INSERT INTO artists (name) VALUES ('Diverje');
INSERT INTO tracks (artist_id, album_id, release_id, number, title, length) VALUES (454, 343, 343, 13, 'Suffer This World [Centhron Remix]', '0:5:36');
INSERT INTO artists (name) VALUES ('ampsyche');
INSERT INTO tracks (artist_id, album_id, release_id, number, title, length) VALUES (455, 343, 343, 14, 'My Enemy', '0:4:24');
INSERT INTO artists (name) VALUES ('The Rain Within');
INSERT INTO tracks (artist_id, album_id, release_id, number, title, length) VALUES (456, 343, 343, 15, 'The Other Side', '0:3:23');
INSERT INTO artists (name) VALUES ('Jon Zaremba');
INSERT INTO tracks (artist_id, album_id, release_id, number, title, length) VALUES (457, 343, 343, 17, 'Snakes, You Get Out Of Here! This Is Not Your Room, This Is My Room Now, You Just Get Out Of Here!', '0:4:24');
INSERT INTO artists (name) VALUES ('The Mighty Chouffe');
INSERT INTO tracks (artist_id, album_id, release_id, number, title, length) VALUES (458, 343, 343, 1, 'Always This Heart', '0:3:22');
INSERT INTO artists (name) VALUES ('Angels On Acid');
INSERT INTO tracks (artist_id, album_id, release_id, number, title, length) VALUES (459, 343, 343, 2, 'Satellite', '0:4:45');
INSERT INTO artists (name) VALUES ('Terrolokaust');
INSERT INTO tracks (artist_id, album_id, release_id, number, title, length) VALUES (460, 343, 343, 3, 'Thirsty [V20]', '0:4:32');
INSERT INTO artists (name) VALUES ('Ashbury Heights');
INSERT INTO tracks (artist_id, album_id, release_id, number, title, length) VALUES (461, 343, 343, 4, 'Decent Cancer', '0:6:50');
INSERT INTO artists (name) VALUES ('God Module');
INSERT INTO tracks (artist_id, album_id, release_id, number, title, length) VALUES (462, 343, 343, 5, 'The Great Commandment', '0:4:50');
INSERT INTO artists (name) VALUES ('Bella Morte');
INSERT INTO tracks (artist_id, album_id, release_id, number, title, length) VALUES (463, 343, 343, 6, 'Lost', '0:4:4');
INSERT INTO artists (name) VALUES ('Encoder');
INSERT INTO tracks (artist_id, album_id, release_id, number, title, length) VALUES (464, 343, 343, 7, 'Shadows', '0:4:38');
INSERT INTO artists (name) VALUES ('Alter Der Ruine');
INSERT INTO tracks (artist_id, album_id, release_id, number, title, length) VALUES (465, 343, 343, 8, 'Ghosts [Swank Version]', '0:4:31');
INSERT INTO artists (name) VALUES ('Militant');
INSERT INTO tracks (artist_id, album_id, release_id, number, title, length) VALUES (466, 343, 343, 9, 'Sabotage', '0:1:53');
INSERT INTO tracks (artist_id, album_id, release_id, number, title, length) VALUES (349, 343, 343, 10, 'Hurricane [Splitter Mix]', '0:5:5');
INSERT INTO artists (name) VALUES ('iVardensphere');
INSERT INTO tracks (artist_id, album_id, release_id, number, title, length) VALUES (467, 343, 343, 11, 'Chasing The Dragon [Lost Tribe Version]', '0:5:3');
INSERT INTO artists (name) VALUES ('Spetsnaz');
INSERT INTO tracks (artist_id, album_id, release_id, number, title, length) VALUES (468, 343, 343, 12, 'Satiric Strokes', '0:4:23');
INSERT INTO tracks (artist_id, album_id, release_id, number, title, length) VALUES (65, 343, 343, 13, 'Come And See', '0:4:41');
INSERT INTO artists (name) VALUES ('SD6');
INSERT INTO tracks (artist_id, album_id, release_id, number, title, length) VALUES (469, 343, 343, 14, 'These Days [Single Mix]', '0:4:38');
INSERT INTO artists (name) VALUES ('Distorted Memory');
INSERT INTO tracks (artist_id, album_id, release_id, number, title, length) VALUES (470, 343, 343, 15, 'Hand Of God [Iszoloscope Remix]', '0:4:1');
INSERT INTO artists (name) VALUES ('Cryogen Second');
INSERT INTO tracks (artist_id, album_id, release_id, number, title, length) VALUES (471, 343, 343, 16, 'Thirty Eight [Featuring Sarah Chenoweth]', '0:4:31');
INSERT INTO artists (name) VALUES ('Trigger10d');
INSERT INTO tracks (artist_id, album_id, release_id, number, title, length) VALUES (472, 343, 343, 17, 'Puddlehopping [Alternate Mix By Todd Aeschliman]', '0:5:7');
INSERT INTO artists (name) VALUES ('Life Cried');
INSERT INTO tracks (artist_id, album_id, release_id, number, title, length) VALUES (473, 343, 343, 18, 'Another Sacrifice [Rejected]', '0:2:31');
INSERT INTO tracks (artist_id, album_id, release_id, number, title, length) VALUES (348, 343, 343, 1, 'You''ll Never Understand [Harder]', '0:5:20');
INSERT INTO artists (name) VALUES ('The Dark Clan');
INSERT INTO tracks (artist_id, album_id, release_id, number, title, length) VALUES (474, 343, 343, 2, 'Sick As Love', '0:3:40');
INSERT INTO artists (name) VALUES ('Caustic');
INSERT INTO tracks (artist_id, album_id, release_id, number, title, length) VALUES (475, 343, 343, 3, '1984 (Was A Very Bad Year)', '0:4:37');
INSERT INTO artists (name) VALUES ('16Volt');
INSERT INTO tracks (artist_id, album_id, release_id, number, title, length) VALUES (476, 343, 343, 4, 'Burn [Father Dub Mix]', '0:4:5');
INSERT INTO artists (name) VALUES ('Empusa Feat Miss FD');
INSERT INTO tracks (artist_id, album_id, release_id, number, title, length) VALUES (477, 343, 343, 5, 'You', '0:5:3');
INSERT INTO artists (name) VALUES ('Everything Goes Cold');
INSERT INTO tracks (artist_id, album_id, release_id, number, title, length) VALUES (478, 343, 343, 6, 'King Of The Impossible [Signal Drums Mix By The Dark Clan]', '0:4:37');
INSERT INTO artists (name) VALUES ('Unit187');
INSERT INTO tracks (artist_id, album_id, release_id, number, title, length) VALUES (479, 343, 343, 7, 'Second Class Citizen [JFS Mix By Ken Hiwatt Marshall]', '0:5:47');
INSERT INTO artists (name) VALUES ('Blutengel');
INSERT INTO tracks (artist_id, album_id, release_id, number, title, length) VALUES (480, 343, 343, 8, 'Where Will You Be', '0:3:55');
INSERT INTO artists (name) VALUES ('AimOniA');
INSERT INTO tracks (artist_id, album_id, release_id, number, title, length) VALUES (481, 343, 343, 9, 'Surrender', '0:4:45');
INSERT INTO artists (name) VALUES ('Patricia Wake');
INSERT INTO tracks (artist_id, album_id, release_id, number, title, length) VALUES (482, 343, 343, 10, 'Your Love, My Medicine', '0:4:34');
INSERT INTO artists (name) VALUES ('Espermachine');
INSERT INTO tracks (artist_id, album_id, release_id, number, title, length) VALUES (483, 343, 343, 11, 'Dying Life', '0:5:28');
INSERT INTO artists (name) VALUES ('Boxed Warning');
INSERT INTO tracks (artist_id, album_id, release_id, number, title, length) VALUES (484, 343, 343, 12, 'Paralyzed For Sleep', '0:4:35');
INSERT INTO artists (name) VALUES ('Reaxion Guerrilla');
INSERT INTO tracks (artist_id, album_id, release_id, number, title, length) VALUES (485, 343, 343, 13, 'Imperfexion Humana [Radio PerVersion]', '0:3:48');
INSERT INTO artists (name) VALUES ('Cesium_137');
INSERT INTO tracks (artist_id, album_id, release_id, number, title, length) VALUES (486, 343, 343, 14, 'From Within [Xrayhead Mix]', '0:5:5');
INSERT INTO artists (name) VALUES ('Retrogramme');
INSERT INTO tracks (artist_id, album_id, release_id, number, title, length) VALUES (487, 343, 343, 15, 'Share The Cancer', '0:5:43');
INSERT INTO artists (name) VALUES ('NTT');
INSERT INTO tracks (artist_id, album_id, release_id, number, title, length) VALUES (488, 343, 343, 16, 'If This Body Should Fail Me', '0:5:30');
INSERT INTO artists (name) VALUES ('Necrotek');
INSERT INTO tracks (artist_id, album_id, release_id, number, title, length) VALUES (489, 343, 343, 17, 'Beyond Death', '0:2:53');
INSERT INTO artists (name) VALUES ('Covenant');
INSERT INTO tracks (artist_id, album_id, release_id, number, title, length) VALUES (490, 343, 343, 1, 'Lightbringer (Speedrun II)', '0:4:28');
INSERT INTO artists (name) VALUES ('Sensuous Enemy');
INSERT INTO tracks (artist_id, album_id, release_id, number, title, length) VALUES (491, 343, 343, 2, 'ReMission', '0:4:34');
INSERT INTO artists (name) VALUES ('Neuroactive');
INSERT INTO tracks (artist_id, album_id, release_id, number, title, length) VALUES (492, 343, 343, 3, 'Never Felt Better (Recovery Mix)', '0:5:11');
INSERT INTO artists (name) VALUES ('Nachtmahr');
INSERT INTO tracks (artist_id, album_id, release_id, number, title, length) VALUES (493, 343, 343, 4, 'Can You Feel the Beat (Nitronoise Remix)', '0:4:2');
INSERT INTO artists (name) VALUES ('Ayria');
INSERT INTO tracks (artist_id, album_id, release_id, number, title, length) VALUES (494, 343, 343, 5, 'Blue Alice (Jims of the Flesh Mix)', '0:4:8');
INSERT INTO artists (name) VALUES ('Syrian');
INSERT INTO tracks (artist_id, album_id, release_id, number, title, length) VALUES (495, 343, 343, 6, 'Speed of Light (T3chn0ph0b1a Remix)', '0:4:2');
INSERT INTO tracks (artist_id, album_id, release_id, number, title, length) VALUES (75, 343, 343, 7, 'Resilience', '0:4:56');
INSERT INTO artists (name) VALUES ('Obscenity Trial');
INSERT INTO tracks (artist_id, album_id, release_id, number, title, length) VALUES (496, 343, 343, 8, 'Uber''s Wasser Gehen ([SITD] Remix)', '0:5:4');
INSERT INTO artists (name) VALUES ('XuberX');
INSERT INTO tracks (artist_id, album_id, release_id, number, title, length) VALUES (497, 343, 343, 9, 'Terrible Strength', '0:3:48');
INSERT INTO artists (name) VALUES ('Monody');
INSERT INTO tracks (artist_id, album_id, release_id, number, title, length) VALUES (498, 343, 343, 10, 'In Between (Irradiated Mix)', '0:3:19');
INSERT INTO artists (name) VALUES ('Hocico');
INSERT INTO tracks (artist_id, album_id, release_id, number, title, length) VALUES (499, 343, 343, 11, 'Embraced By The Light', '0:3:53');
INSERT INTO artists (name) VALUES ('ThouShaltNot');
INSERT INTO tracks (artist_id, album_id, release_id, number, title, length) VALUES (500, 343, 343, 12, 'New Year (A Heartbeat From The End)', '0:4:0');
INSERT INTO artists (name) VALUES ('FGFC820');
INSERT INTO tracks (artist_id, album_id, release_id, number, title, length) VALUES (501, 343, 343, 13, 'The Heart of Amercia (Dracos Mix)', '0:5:37');
INSERT INTO artists (name) VALUES ('Interface');
INSERT INTO tracks (artist_id, album_id, release_id, number, title, length) VALUES (502, 343, 343, 14, 'Inner Light (Featuring Liebchen)', '0:5:34');
INSERT INTO artists (name) VALUES ('Terror Firma Sky');
INSERT INTO tracks (artist_id, album_id, release_id, number, title, length) VALUES (503, 343, 343, 15, 'Music For Medicinal Purposes', '0:4:19');
INSERT INTO artists (name) VALUES ('Agnes Wired For Sound');
INSERT INTO tracks (artist_id, album_id, release_id, number, title, length) VALUES (504, 343, 343, 16, 'Silicone Sheets', '0:4:45');
INSERT INTO artists (name) VALUES ('Society Burning');
INSERT INTO tracks (artist_id, album_id, release_id, number, title, length) VALUES (505, 343, 343, 17, 'I Am The Man', '0:4:15');
INSERT INTO artists (name) VALUES ('DYM');
INSERT INTO tracks (artist_id, album_id, release_id, number, title, length) VALUES (506, 343, 343, 18, 'Tumor', '0:3:39');
INSERT INTO artists (name) VALUES ('The Empty Stretcher');
INSERT INTO tracks (artist_id, album_id, release_id, number, title, length) VALUES (507, 343, 343, 1, 'Nurturing Decay', '0:5:28');
INSERT INTO artists (name) VALUES ('For All The Emptiness');
INSERT INTO tracks (artist_id, album_id, release_id, number, title, length) VALUES (508, 343, 343, 2, 'I Die [Revisionist Mix By Cyanotic]', '0:4:15');
INSERT INTO artists (name) VALUES ('Antidote For Annie');
INSERT INTO tracks (artist_id, album_id, release_id, number, title, length) VALUES (509, 343, 343, 3, 'Sanctuary [Refuge Mix]', '0:4:34');
INSERT INTO artists (name) VALUES ('Joshua Hart');
INSERT INTO tracks (artist_id, album_id, release_id, number, title, length) VALUES (510, 343, 343, 4, 'Silhouette', '0:4:16');
INSERT INTO artists (name) VALUES ('Cyber Strukture');
INSERT INTO tracks (artist_id, album_id, release_id, number, title, length) VALUES (511, 343, 343, 5, 'Ambivalent Frost', '0:4:32');
INSERT INTO artists (name) VALUES ('Black Ring');
INSERT INTO tracks (artist_id, album_id, release_id, number, title, length) VALUES (512, 343, 343, 6, 'We Rise', '0:4:3');
INSERT INTO artists (name) VALUES ('Eisengeist');
INSERT INTO tracks (artist_id, album_id, release_id, number, title, length) VALUES (513, 343, 343, 7, 'Apocalyptic Visions', '0:4:4');
INSERT INTO artists (name) VALUES ('Surgyn');
INSERT INTO tracks (artist_id, album_id, release_id, number, title, length) VALUES (514, 343, 343, 8, 'Sharp As Stars [Terrolokaust Remix]', '0:4:38');
INSERT INTO artists (name) VALUES ('C0R3 MATT3R');
INSERT INTO tracks (artist_id, album_id, release_id, number, title, length) VALUES (515, 343, 343, 9, 'Madness Not Medicine', '0:4:26');
INSERT INTO artists (name) VALUES ('Vircon');
INSERT INTO tracks (artist_id, album_id, release_id, number, title, length) VALUES (516, 343, 343, 10, 'Remission', '0:3:6');
INSERT INTO artists (name) VALUES ('Ghost In The Static');
INSERT INTO tracks (artist_id, album_id, release_id, number, title, length) VALUES (517, 343, 343, 11, 'Saviour', '0:3:49');
INSERT INTO artists (name) VALUES ('Surviving The Odyssey');
INSERT INTO tracks (artist_id, album_id, release_id, number, title, length) VALUES (518, 343, 343, 12, 'Weaponized', '0:3:44');
INSERT INTO artists (name) VALUES ('Platform One');
INSERT INTO tracks (artist_id, album_id, release_id, number, title, length) VALUES (519, 343, 343, 13, 'Control', '0:4:29');
INSERT INTO artists (name) VALUES ('Jolexx');
INSERT INTO tracks (artist_id, album_id, release_id, number, title, length) VALUES (520, 343, 343, 14, 'Mr Son', '0:3:43');
INSERT INTO artists (name) VALUES ('Tranzitional Override');
INSERT INTO tracks (artist_id, album_id, release_id, number, title, length) VALUES (521, 343, 343, 15, 'Mechanical Reaction', '0:4:34');
INSERT INTO artists (name) VALUES ('Witness The Apotheosis');
INSERT INTO tracks (artist_id, album_id, release_id, number, title, length) VALUES (522, 343, 343, 16, 'Phoenix Effect [Flash Point Mix By New Army]', '0:4:44');
INSERT INTO artists (name) VALUES ('Short To Ground');
INSERT INTO tracks (artist_id, album_id, release_id, number, title, length) VALUES (523, 343, 343, 17, 'Somebody To Save', '0:4:19');
INSERT INTO artists (name) VALUES ('The Hose Face');
INSERT INTO tracks (artist_id, album_id, release_id, number, title, length) VALUES (524, 343, 343, 18, 'Not On My Watch', '0:4:0');
INSERT INTO artists (name) VALUES ('The Molecule Party');
INSERT INTO tracks (artist_id, album_id, release_id, number, title, length) VALUES (525, 343, 343, 1, 'Salvo', '0:4:0');
INSERT INTO artists (name) VALUES ('Mickle Boulevard');
INSERT INTO tracks (artist_id, album_id, release_id, number, title, length) VALUES (526, 343, 343, 2, 'Franks'' Theme', '0:3:29');
INSERT INTO artists (name) VALUES ('Synthetic Division');
INSERT INTO tracks (artist_id, album_id, release_id, number, title, length) VALUES (527, 343, 343, 3, 'The Essence Of Pain', '0:3:42');
INSERT INTO artists (name) VALUES ('Bioassay');
INSERT INTO tracks (artist_id, album_id, release_id, number, title, length) VALUES (528, 343, 343, 4, 'Where Did You Go [ES Mix]', '0:4:4');
INSERT INTO artists (name) VALUES ('Process Type');
INSERT INTO tracks (artist_id, album_id, release_id, number, title, length) VALUES (529, 343, 343, 5, 'Fading Nothing', '0:3:28');
INSERT INTO artists (name) VALUES ('Shutterdown');
INSERT INTO tracks (artist_id, album_id, release_id, number, title, length) VALUES (530, 343, 343, 6, 'Intonement', '0:2:47');
INSERT INTO artists (name) VALUES ('Venus In Furs');
INSERT INTO tracks (artist_id, album_id, release_id, number, title, length) VALUES (531, 343, 343, 7, 'Gone', '0:3:36');
INSERT INTO artists (name) VALUES ('Project Rotten');
INSERT INTO tracks (artist_id, album_id, release_id, number, title, length) VALUES (532, 343, 343, 8, 'From Hell', '0:3:54');
INSERT INTO artists (name) VALUES ('Veniculture');
INSERT INTO tracks (artist_id, album_id, release_id, number, title, length) VALUES (533, 343, 343, 9, 'Inamorata (Feat Jimmy Semtex Of Rein[Forced])', '0:4:16');
INSERT INTO artists (name) VALUES ('Hopeful Machines');
INSERT INTO tracks (artist_id, album_id, release_id, number, title, length) VALUES (534, 343, 343, 10, 'Heartlikeaphoenizinafirestorm', '0:2:59');
INSERT INTO artists (name) VALUES ('Systematik Violence');
INSERT INTO tracks (artist_id, album_id, release_id, number, title, length) VALUES (535, 343, 343, 11, 'Souless Killing Machine', '0:4:57');
INSERT INTO artists (name) VALUES ('Preacher');
INSERT INTO tracks (artist_id, album_id, release_id, number, title, length) VALUES (536, 343, 343, 12, 'Hammer Democracy', '0:5:13');
INSERT INTO artists (name) VALUES ('Stoneburner');
INSERT INTO tracks (artist_id, album_id, release_id, number, title, length) VALUES (537, 343, 343, 13, 'Apogee', '0:5:10');
INSERT INTO artists (name) VALUES ('Mike Saga Vs BlakOPz');
INSERT INTO tracks (artist_id, album_id, release_id, number, title, length) VALUES (538, 343, 343, 14, 'Who Drugged Me', '0:4:20');
INSERT INTO artists (name) VALUES ('Servitor Sanctum 7');
INSERT INTO tracks (artist_id, album_id, release_id, number, title, length) VALUES (539, 343, 343, 15, 'Boom Ra Tech', '0:4:9');
INSERT INTO artists (name) VALUES ('Microwaved');
INSERT INTO tracks (artist_id, album_id, release_id, number, title, length) VALUES (540, 343, 343, 16, 'Black Lung', '0:4:36');
INSERT INTO artists (name) VALUES ('DJ Lollidrop');
INSERT INTO tracks (artist_id, album_id, release_id, number, title, length) VALUES (541, 343, 343, 17, 'Waiting Game', '0:3:57');
INSERT INTO artists (name) VALUES ('Illusion Of Joy');
INSERT INTO tracks (artist_id, album_id, release_id, number, title, length) VALUES (542, 343, 343, 18, 'One Step Forward', '0:4:31');
INSERT INTO artists (name) VALUES ('Jordan Decay');
INSERT INTO tracks (artist_id, album_id, release_id, number, title, length) VALUES (543, 343, 343, 19, 'Oathbreaker', '0:4:10');
INSERT INTO artists (name) VALUES ('Spinners');
INSERT INTO albums (artist_id, title, year) VALUES (1, 'What''s Your Thing', '2004-01-01');
INSERT INTO releases (album_id, description, year) VALUES (344, 'Standard CD', '2004-01-01');
INSERT INTO tracks (artist_id, album_id, release_id, number, title, length) VALUES (544, 344, 344, 1, 'Rubberband Man', '0:3:35');
INSERT INTO artists (name) VALUES ('Sister Sledge');
INSERT INTO tracks (artist_id, album_id, release_id, number, title, length) VALUES (545, 344, 344, 2, 'We are Family', '0:3:37');
INSERT INTO artists (name) VALUES ('Trammps');
INSERT INTO tracks (artist_id, album_id, release_id, number, title, length) VALUES (546, 344, 344, 3, 'Disco Inferno', '0:3:35');
INSERT INTO artists (name) VALUES ('KC & The Sunshine Band');
INSERT INTO tracks (artist_id, album_id, release_id, number, title, length) VALUES (547, 344, 344, 4, 'Get Down Tonight', '0:3:13');
INSERT INTO artists (name) VALUES ('Orleans');
INSERT INTO tracks (artist_id, album_id, release_id, number, title, length) VALUES (548, 344, 344, 5, 'Still the One', '0:3:51');
INSERT INTO artists (name) VALUES ('Tommy James & The Shondells');
INSERT INTO tracks (artist_id, album_id, release_id, number, title, length) VALUES (549, 344, 344, 6, 'Mony Mony', '0:2:53');
INSERT INTO artists (name) VALUES ('Monkees');
INSERT INTO tracks (artist_id, album_id, release_id, number, title, length) VALUES (550, 344, 344, 7, 'I''m a Believer', '0:2:46');
INSERT INTO artists (name) VALUES ('INXS');
INSERT INTO tracks (artist_id, album_id, release_id, number, title, length) VALUES (551, 344, 344, 8, 'New Sensaton', '0:3:41');
INSERT INTO artists (name) VALUES ('Laura Branigan');
INSERT INTO tracks (artist_id, album_id, release_id, number, title, length) VALUES (552, 344, 344, 9, 'Gloria', '0:3:53');
INSERT INTO artists (name) VALUES ('Devo');
INSERT INTO tracks (artist_id, album_id, release_id, number, title, length) VALUES (553, 344, 344, 10, 'Whip It', '0:2:38');
INSERT INTO artists (name) VALUES ('Donkey');
INSERT INTO albums (artist_id, title, year) VALUES (1, 'Shrek 2 Party CD', '2004-01-01');
INSERT INTO releases (album_id, description, year) VALUES (345, 'Standard CD', '2004-01-01');
INSERT INTO tracks (artist_id, album_id, release_id, number, title, length) VALUES (554, 345, 345, 1, 'Disco Inferno', '0:2:49');
INSERT INTO artists (name) VALUES ('Puss In Boots');
INSERT INTO tracks (artist_id, album_id, release_id, number, title, length) VALUES (555, 345, 345, 2, 'These Boots Are Made For Walkin''', '0:2:25');
INSERT INTO artists (name) VALUES ('Three Blind Mice');
INSERT INTO tracks (artist_id, album_id, release_id, number, title, length) VALUES (556, 345, 345, 3, 'I Can See Clearly Now', '0:2:27');
INSERT INTO artists (name) VALUES ('Captain Hook');
INSERT INTO tracks (artist_id, album_id, release_id, number, title, length) VALUES (557, 345, 345, 4, 'Hooked On A Feeling', '0:2:19');
INSERT INTO artists (name) VALUES ('Prince Charming');
INSERT INTO tracks (artist_id, album_id, release_id, number, title, length) VALUES (558, 345, 345, 5, 'I''m Too Sexy', '0:2:58');
INSERT INTO artists (name) VALUES ('Shrek & Fiona');
INSERT INTO tracks (artist_id, album_id, release_id, number, title, length) VALUES (559, 345, 345, 6, 'What I Like About You', '0:3:22');
INSERT INTO tracks (artist_id, album_id, release_id, number, title, length) VALUES (554, 345, 345, 7, 'Disco Inferno (Karaoke)', '0:2:52');
INSERT INTO tracks (artist_id, album_id, release_id, number, title, length) VALUES (555, 345, 345, 8, 'These Boots Are Made For Walkin'' (Karaoke)', '0:2:28');
INSERT INTO tracks (artist_id, album_id, release_id, number, title, length) VALUES (556, 345, 345, 9, 'I Can See Clearly Now (Karaoke)', '0:2:42');
INSERT INTO tracks (artist_id, album_id, release_id, number, title, length) VALUES (557, 345, 345, 10, 'Hooked On A Feeling (Karaoke)', '0:2:39');
INSERT INTO tracks (artist_id, album_id, release_id, number, title, length) VALUES (558, 345, 345, 11, 'I''m Too Sexy (Karaoke)', '0:3:6');
INSERT INTO tracks (artist_id, album_id, release_id, number, title, length) VALUES (559, 345, 345, 12, 'What I Like About You (Karaoke)', '0:3:1');
INSERT INTO artists (name) VALUES ('Yvonne Elliman');
INSERT INTO albums (artist_id, title, year) VALUES (1, 'Premiere Collection - The Best Of Andrew Lloyd Webber', '1988-01-01');
INSERT INTO releases (album_id, description, year) VALUES (346, 'Standard CD', '1988-01-01');
INSERT INTO tracks (artist_id, album_id, release_id, number, title, length) VALUES (560, 346, 346, 13, 'I Don''t Know How To Love Him (from Jesus Christ Superstar)', '0:3:34');
INSERT INTO artists (name) VALUES ('Coldplay');
INSERT INTO albums (artist_id, title, year) VALUES (1, 'Sweet Tracks 2003', '2003-01-01');
INSERT INTO releases (album_id, description, year) VALUES (347, 'Standard CD', '2003-01-01');
INSERT INTO tracks (artist_id, album_id, release_id, number, title, length) VALUES (561, 347, 347, 1, '2000 Miles', '0:3:20');
INSERT INTO artists (name) VALUES ('Seal');
INSERT INTO tracks (artist_id, album_id, release_id, number, title, length) VALUES (562, 347, 347, 2, 'Make Someone Happy', '0:1:53');
INSERT INTO artists (name) VALUES ('Jewel');
INSERT INTO tracks (artist_id, album_id, release_id, number, title, length) VALUES (563, 347, 347, 3, 'Blue Christmas', '0:3:33');
INSERT INTO artists (name) VALUES ('Chris Botti');
INSERT INTO tracks (artist_id, album_id, release_id, number, title, length) VALUES (564, 347, 347, 4, 'O Come All Ye Faithful', '0:4:46');
INSERT INTO artists (name) VALUES ('Sting');
INSERT INTO tracks (artist_id, album_id, release_id, number, title, length) VALUES (565, 347, 347, 5, 'Bethlehem Down', '0:2:54');
INSERT INTO artists (name) VALUES ('Tchaikovsky, Pyotr Ilyich');
INSERT INTO albums (artist_id, title, year) VALUES (1, 'Russian Music', '1964-01-01');
INSERT INTO releases (album_id, description, year) VALUES (348, 'Standard CD', '1964-01-01');
INSERT INTO tracks (artist_id, album_id, release_id, number, title, length) VALUES (566, 348, 348, 1, 'The Year 1812, Festival Overture (Ouverture Solennell 1812), in E flat major, Op 49', '0:15:27');
INSERT INTO artists (name) VALUES ('Nikolay Andreyevich Rimsky-Korsakov');
INSERT INTO tracks (artist_id, album_id, release_id, number, title, length) VALUES (567, 348, 348, 2, 'Russian Easter Festival, Op 36', '0:14:27');
INSERT INTO artists (name) VALUES ('Borodin, Alexander');
INSERT INTO tracks (artist_id, album_id, release_id, number, title, length) VALUES (568, 348, 348, 3, 'Polovtsian Dances (From Prince Igor)', '0:11:18');
INSERT INTO artists (name) VALUES ('Stravinsky, Igor');
INSERT INTO albums (artist_id, title, year) VALUES (1, 'The Firebird', '1978-01-01');
INSERT INTO releases (album_id, description, year) VALUES (349, 'Standard CD', '1978-01-01');
INSERT INTO tracks (artist_id, album_id, release_id, number, title, length) VALUES (569, 349, 349, 1, 'Firebird Suite - Shaw - (1919 version)', '0:20:41');
INSERT INTO tracks (artist_id, album_id, release_id, number, title, length) VALUES (568, 349, 349, 2, 'Prince Igor - Shaw - Overture', '0:10:36');
INSERT INTO tracks (artist_id, album_id, release_id, number, title, length) VALUES (568, 349, 349, 3, 'Prince Igor - Shaw - Polovetsian Dances', '0:11:47');
INSERT INTO artists (name) VALUES ('Unknown');
INSERT INTO albums (artist_id, title, year) VALUES (1, 'Halloween Ambience', NULL);
INSERT INTO releases (album_id, description, year) VALUES (350, 'Standard CD', NULL);
INSERT INTO tracks (artist_id, album_id, release_id, number, title, length) VALUES (570, 350, 350, 1, 'Halloween Ambience Loop', '1:0:47');
INSERT INTO artists (name) VALUES ('Various Orchestras');
INSERT INTO albums (artist_id, title, year) VALUES (1, 'Yuletide Classics', '1988-01-01');
INSERT INTO releases (album_id, description, year) VALUES (351, 'Standard CD', '1988-01-01');
INSERT INTO tracks (artist_id, album_id, release_id, number, title, length) VALUES (571, 351, 351, 1, 'Christmas is Coming', '0:2:36');
INSERT INTO tracks (artist_id, album_id, release_id, number, title, length) VALUES (571, 351, 351, 2, 'Ave Maria', '0:3:3');
INSERT INTO tracks (artist_id, album_id, release_id, number, title, length) VALUES (571, 351, 351, 3, 'For Unto Us a Child is Born', '0:4:6');
INSERT INTO tracks (artist_id, album_id, release_id, number, title, length) VALUES (571, 351, 351, 4, 'I Know That My Redeemer Liveth', '0:7:2');
INSERT INTO tracks (artist_id, album_id, release_id, number, title, length) VALUES (571, 351, 351, 5, 'And He Shall Purify', '0:2:34');
INSERT INTO tracks (artist_id, album_id, release_id, number, title, length) VALUES (571, 351, 351, 6, 'Greensleeves', '0:2:22');
INSERT INTO tracks (artist_id, album_id, release_id, number, title, length) VALUES (571, 351, 351, 7, 'Away In a Manger', '0:3:44');
INSERT INTO tracks (artist_id, album_id, release_id, number, title, length) VALUES (571, 351, 351, 8, 'O Come O Come Emmanuel', '0:3:49');
INSERT INTO tracks (artist_id, album_id, release_id, number, title, length) VALUES (571, 351, 351, 9, 'Angels We Have Heard On High', '0:4:17');
INSERT INTO tracks (artist_id, album_id, release_id, number, title, length) VALUES (571, 351, 351, 10, 'Deck The Halls', '0:1:49');
INSERT INTO tracks (artist_id, album_id, release_id, number, title, length) VALUES (571, 351, 351, 11, 'Sleigh Ride', '0:3:14');
INSERT INTO tracks (artist_id, album_id, release_id, number, title, length) VALUES (571, 351, 351, 12, 'God Rest Ye Merry, Gentlemen', '0:2:33');
INSERT INTO artists (name) VALUES ('Mantovani');
INSERT INTO albums (artist_id, title, year) VALUES (1, 'All Time Christmas Classics', '1997-01-01');
INSERT INTO releases (album_id, description, year) VALUES (352, 'Standard CD', '1997-01-01');
INSERT INTO tracks (artist_id, album_id, release_id, number, title, length) VALUES (572, 352, 352, 1, 'Joy To the World', '0:3:3');
INSERT INTO artists (name) VALUES ('Vic Damone');
INSERT INTO tracks (artist_id, album_id, release_id, number, title, length) VALUES (573, 352, 352, 2, 'The Christmas Song', '0:3:32');
INSERT INTO artists (name) VALUES ('Roger Williams');
INSERT INTO tracks (artist_id, album_id, release_id, number, title, length) VALUES (574, 352, 352, 3, 'Let It Snow', '0:2:37');
INSERT INTO artists (name) VALUES ('Bing Crosby');
INSERT INTO tracks (artist_id, album_id, release_id, number, title, length) VALUES (575, 352, 352, 4, 'White Christmas', '0:2:30');
INSERT INTO artists (name) VALUES ('The 50 Guitars');
INSERT INTO tracks (artist_id, album_id, release_id, number, title, length) VALUES (576, 352, 352, 5, 'Santa Claus is Coming to Town', '0:1:54');
INSERT INTO artists (name) VALUES ('Ronnie Aidrich');
INSERT INTO tracks (artist_id, album_id, release_id, number, title, length) VALUES (577, 352, 352, 6, 'O Come All Ye Faithful', '0:2:49');
INSERT INTO artists (name) VALUES ('Harry Simeone Chorale');
INSERT INTO tracks (artist_id, album_id, release_id, number, title, length) VALUES (578, 352, 352, 7, 'The Little Drummer Boy', '0:3:14');
INSERT INTO artists (name) VALUES ('The Midnight Strings');
INSERT INTO tracks (artist_id, album_id, release_id, number, title, length) VALUES (579, 352, 352, 8, 'Sleigh Ride', '0:2:6');
INSERT INTO artists (name) VALUES ('Vienna Boys Choir');
INSERT INTO tracks (artist_id, album_id, release_id, number, title, length) VALUES (580, 352, 352, 9, 'Slient Night', '0:2:34');
INSERT INTO artists (name) VALUES ('Billy Vaughn');
INSERT INTO tracks (artist_id, album_id, release_id, number, title, length) VALUES (581, 352, 352, 10, 'Auld Lang Syne', '0:2:46');
INSERT INTO artists (name) VALUES ('William Loose');
INSERT INTO albums (artist_id, title, year) VALUES (1, 'O Little Town of Bethlehem', '1978-01-01');
INSERT INTO releases (album_id, description, year) VALUES (353, 'Standard CD', '1978-01-01');
INSERT INTO tracks (artist_id, album_id, release_id, number, title, length) VALUES (582, 353, 353, 1, 'The Joys of Christmas', '0:2:2');
INSERT INTO artists (name) VALUES ('The Jordanaires');
INSERT INTO tracks (artist_id, album_id, release_id, number, title, length) VALUES (583, 353, 353, 2, 'O Little Town of Bethlehem', '0:2:40');
INSERT INTO artists (name) VALUES ('Hand Bell Choir');
INSERT INTO tracks (artist_id, album_id, release_id, number, title, length) VALUES (584, 353, 353, 3, 'O Holy Night', '0:2:52');
INSERT INTO artists (name) VALUES ('Nashville Keyboard Section');
INSERT INTO tracks (artist_id, album_id, release_id, number, title, length) VALUES (585, 353, 353, 4, 'Silent Night', '0:2:35');
INSERT INTO artists (name) VALUES ('Music Circle Band');
INSERT INTO tracks (artist_id, album_id, release_id, number, title, length) VALUES (586, 353, 353, 5, 'The First Noel', '0:1:49');
INSERT INTO artists (name) VALUES ('Shylo Band');
INSERT INTO tracks (artist_id, album_id, release_id, number, title, length) VALUES (587, 353, 353, 6, 'Little Drummer Boy', '0:2:25');
INSERT INTO artists (name) VALUES ('Guitar Chimes');
INSERT INTO tracks (artist_id, album_id, release_id, number, title, length) VALUES (588, 353, 353, 7, 'Medley What Child Is ThisO Tannenbaum', '0:2:57');
INSERT INTO artists (name) VALUES ('Christmas Chorale');
INSERT INTO tracks (artist_id, album_id, release_id, number, title, length) VALUES (589, 353, 353, 8, 'Joy to the World', '0:2:29');
INSERT INTO artists (name) VALUES ('Bel Aire Ensemble');
INSERT INTO tracks (artist_id, album_id, release_id, number, title, length) VALUES (590, 353, 353, 9, 'Away in a Manger', '0:1:2');
INSERT INTO artists (name) VALUES ('Organ & Chimes');
INSERT INTO tracks (artist_id, album_id, release_id, number, title, length) VALUES (591, 353, 353, 10, 'I Heard the Bells on Christmas Day', '0:1:57');
INSERT INTO artists (name) VALUES ('The Joranaires');
INSERT INTO tracks (artist_id, album_id, release_id, number, title, length) VALUES (592, 353, 353, 11, 'O Come All Ye Faithful', '0:2:13');
INSERT INTO tracks (artist_id, album_id, release_id, number, title, length) VALUES (590, 353, 353, 12, 'Ave Maria', '0:4:41');
INSERT INTO tracks (artist_id, album_id, release_id, number, title, length) VALUES (585, 353, 353, 13, 'We Three Kings', '0:2:11');
INSERT INTO tracks (artist_id, album_id, release_id, number, title, length) VALUES (588, 353, 353, 14, 'It Came Upon a Midnight Clear', '0:2:49');
INSERT INTO artists (name) VALUES ('Cathedral Choir');
INSERT INTO tracks (artist_id, album_id, release_id, number, title, length) VALUES (593, 353, 353, 15, 'For Unto Us a Child Is Born', '0:3:38');
INSERT INTO tracks (artist_id, album_id, release_id, number, title, length) VALUES (582, 353, 353, 16, 'Deck the Halls', '0:2:55');
INSERT INTO tracks (artist_id, album_id, release_id, number, title, length) VALUES (586, 353, 353, 17, 'Hark! The Herald Angels Sing', '0:2:10');
INSERT INTO tracks (artist_id, album_id, release_id, number, title, length) VALUES (588, 353, 353, 18, 'Angels We Have Heard On High', '0:1:43');
INSERT INTO artists (name) VALUES ('Music City Singers');
INSERT INTO tracks (artist_id, album_id, release_id, number, title, length) VALUES (594, 353, 353, 19, 'God Rest Ye Merry, Gentlemen', '0:2:2');
INSERT INTO tracks (artist_id, album_id, release_id, number, title, length) VALUES (589, 353, 353, 20, 'Up on the Housetop', '0:2:0');
INSERT INTO tracks (artist_id, album_id, release_id, number, title, length) VALUES (589, 353, 353, 21, 'Jolly Ol'' St Nicholas', '0:2:7');
INSERT INTO tracks (artist_id, album_id, release_id, number, title, length) VALUES (588, 353, 353, 22, 'Santa Clause Is Coming to Town', '0:1:42');
INSERT INTO tracks (artist_id, album_id, release_id, number, title, length) VALUES (589, 353, 353, 23, 'Auld Lang Syne', '0:2:34');
INSERT INTO tracks (artist_id, album_id, release_id, number, title, length) VALUES (589, 353, 353, 24, 'We Wish You a Merry Christmas', '0:1:44');
INSERT INTO artists (name) VALUES ('Daryl Stuermer');
INSERT INTO albums (artist_id, title, year) VALUES (1, 'A GRP Christmas Collection', '1988-01-01');
INSERT INTO releases (album_id, description, year) VALUES (354, 'Standard CD', '1988-01-01');
INSERT INTO tracks (artist_id, album_id, release_id, number, title, length) VALUES (595, 354, 354, 1, 'Little Drummer Boy', '0:4:5');
INSERT INTO artists (name) VALUES ('Tom Scott');
INSERT INTO tracks (artist_id, album_id, release_id, number, title, length) VALUES (596, 354, 354, 2, 'Have Yourself A Merry Little Christmas', '0:3:55');
INSERT INTO artists (name) VALUES ('David Benoit');
INSERT INTO tracks (artist_id, album_id, release_id, number, title, length) VALUES (597, 354, 354, 3, 'Carol of the Bells', '0:3:41');
INSERT INTO artists (name) VALUES ('Diane Schuur');
INSERT INTO tracks (artist_id, album_id, release_id, number, title, length) VALUES (598, 354, 354, 4, 'The Christmas Song', '0:4:2');
INSERT INTO artists (name) VALUES ('Dave Valentin');
INSERT INTO tracks (artist_id, album_id, release_id, number, title, length) VALUES (599, 354, 354, 5, 'Santa Claus Is Coming To Town', '0:3:40');
INSERT INTO artists (name) VALUES ('Lee Ritenour');
INSERT INTO tracks (artist_id, album_id, release_id, number, title, length) VALUES (600, 354, 354, 6, 'White Christmas', '0:3:12');
INSERT INTO artists (name) VALUES ('Gary Burton');
INSERT INTO tracks (artist_id, album_id, release_id, number, title, length) VALUES (601, 354, 354, 7, 'O Tannenbaum', '0:3:10');
INSERT INTO artists (name) VALUES ('Yutaka');
INSERT INTO tracks (artist_id, album_id, release_id, number, title, length) VALUES (602, 354, 354, 8, 'This Christmas', '0:4:0');
INSERT INTO artists (name) VALUES ('Chick Corea Elektric Band');
INSERT INTO tracks (artist_id, album_id, release_id, number, title, length) VALUES (603, 354, 354, 9, 'God Rest Merry Gentlemen', '0:4:20');
INSERT INTO artists (name) VALUES ('Szakcs');
INSERT INTO tracks (artist_id, album_id, release_id, number, title, length) VALUES (604, 354, 354, 10, 'It Came Upon A Midnight Clear', '0:3:22');
INSERT INTO artists (name) VALUES ('Eddie Daniels');
INSERT INTO tracks (artist_id, album_id, release_id, number, title, length) VALUES (605, 354, 354, 11, 'Sheigh Ride', '0:3:41');
INSERT INTO artists (name) VALUES ('Mark Egan');
INSERT INTO tracks (artist_id, album_id, release_id, number, title, length) VALUES (606, 354, 354, 12, 'What Child Is This', '0:3:59');
INSERT INTO artists (name) VALUES ('Special EFX');
INSERT INTO tracks (artist_id, album_id, release_id, number, title, length) VALUES (607, 354, 354, 13, 'Silent Night', '0:3:25');
INSERT INTO artists (name) VALUES ('Kevin Eubanks');
INSERT INTO tracks (artist_id, album_id, release_id, number, title, length) VALUES (608, 354, 354, 14, 'Silver Bells', '0:3:29');
INSERT INTO artists (name) VALUES ('Dave Grusin');
INSERT INTO tracks (artist_id, album_id, release_id, number, title, length) VALUES (609, 354, 354, 15, 'Some Children See Him', '0:5:34');
INSERT INTO artists (name) VALUES ('Masato Nakamura');
INSERT INTO albums (artist_id, title, year) VALUES (1, 'Sonic Adventure 2 Extra Sound CD', '2001-01-01');
INSERT INTO releases (album_id, description, year) VALUES (355, 'Standard CD', '2001-01-01');
INSERT INTO tracks (artist_id, album_id, release_id, number, title, length) VALUES (610, 355, 355, 1, 'Sonic 1 - Title Music', '0:0:12');
INSERT INTO tracks (artist_id, album_id, release_id, number, title, length) VALUES (610, 355, 355, 2, 'Sonic 1 - Green Hill Zone', '0:2:25');
INSERT INTO tracks (artist_id, album_id, release_id, number, title, length) VALUES (610, 355, 355, 3, 'Sonic 1 - Star Light Zone', '0:1:38');
INSERT INTO tracks (artist_id, album_id, release_id, number, title, length) VALUES (610, 355, 355, 4, 'Sonic 1 - Special Stage', '0:1:54');
INSERT INTO tracks (artist_id, album_id, release_id, number, title, length) VALUES (610, 355, 355, 5, 'Sonic 1 - Final Zone', '0:1:16');
INSERT INTO tracks (artist_id, album_id, release_id, number, title, length) VALUES (610, 355, 355, 6, 'Sonic 1 - All Clear', '0:0:21');
INSERT INTO tracks (artist_id, album_id, release_id, number, title, length) VALUES (610, 355, 355, 7, 'Sonic 2 - Emerald Hill Zone', '0:1:40');
INSERT INTO tracks (artist_id, album_id, release_id, number, title, length) VALUES (610, 355, 355, 8, 'Sonic 2 - Casino Night Zone', '0:2:15');
INSERT INTO tracks (artist_id, album_id, release_id, number, title, length) VALUES (610, 355, 355, 9, 'Sonic 3 - Special Stage', '0:1:44');
INSERT INTO tracks (artist_id, album_id, release_id, number, title, length) VALUES (610, 355, 355, 10, 'Sonic 2 - All Clear', '0:1:17');
INSERT INTO artists (name) VALUES ('Howard Drossin');
INSERT INTO tracks (artist_id, album_id, release_id, number, title, length) VALUES (611, 355, 355, 11, 'Sonic 3 - Title Music from Sonic 3', '0:0:20');
INSERT INTO tracks (artist_id, album_id, release_id, number, title, length) VALUES (611, 355, 355, 12, 'Sonic 3 - Title Music From Sonic & Knuckles', '0:0:21');
INSERT INTO artists (name) VALUES ('Jun Senoue');
INSERT INTO tracks (artist_id, album_id, release_id, number, title, length) VALUES (612, 355, 355, 13, 'Sonic 3 - Angel Island Zone', '0:2:24');
INSERT INTO artists (name) VALUES ('Tomonori Sawada');
INSERT INTO tracks (artist_id, album_id, release_id, number, title, length) VALUES (613, 355, 355, 14, 'Sonic 3 - Sky Sanctuary Zone', '0:2:13');
INSERT INTO artists (name) VALUES ('Yoshiaki Kashima');
INSERT INTO tracks (artist_id, album_id, release_id, number, title, length) VALUES (614, 355, 355, 15, 'Sonic 3 - Special Stage', '0:2:23');
INSERT INTO artists (name) VALUES ('Masafumi Ogata');
INSERT INTO tracks (artist_id, album_id, release_id, number, title, length) VALUES (615, 355, 355, 16, 'Sonic CD - Sonic You Can Do Anything', '0:1:34');
INSERT INTO artists (name) VALUES ('Naofumi Hataya');
INSERT INTO tracks (artist_id, album_id, release_id, number, title, length) VALUES (616, 355, 355, 17, 'Sonic CD - Cosmic Eternity - Believe In Yourself', '0:3:36');
INSERT INTO artists (name) VALUES ('Richard Jacques');
INSERT INTO tracks (artist_id, album_id, release_id, number, title, length) VALUES (617, 355, 355, 18, 'Sonic R - Super Sonic Racing', '0:4:4');
INSERT INTO tracks (artist_id, album_id, release_id, number, title, length) VALUES (617, 355, 355, 19, 'Sonic R - Can You Feel the Sunshine', '0:5:6');
INSERT INTO tracks (artist_id, album_id, release_id, number, title, length) VALUES (617, 355, 355, 20, 'Sonic R - Number One', '0:4:2');
INSERT INTO artists (name) VALUES ('Crush 40');
INSERT INTO tracks (artist_id, album_id, release_id, number, title, length) VALUES (618, 355, 355, 21, 'Sonic Adventure - Open Your Heart', '0:5:12');
INSERT INTO artists (name) VALUES ('Nikki Gregoroff');
INSERT INTO tracks (artist_id, album_id, release_id, number, title, length) VALUES (619, 355, 355, 22, 'Sonic Adventure - My Sweet Passion', '0:5:12');
INSERT INTO tracks (artist_id, album_id, release_id, number, title, length) VALUES (612, 355, 355, 23, 'Sonic Adventure 2 - SA2 Vox Trax', '0:8:53');
INSERT INTO artists (name) VALUES ('SMP');
INSERT INTO albums (artist_id, title, year) VALUES (1, 'Electronic Saviors I', '2010-01-01');
INSERT INTO releases (album_id, description, year) VALUES (356, 'Standard CD', '2010-01-01');
INSERT INTO tracks (artist_id, album_id, release_id, number, title, length) VALUES (620, 356, 356, 1, 'Stay Sick', '0:5:49');
INSERT INTO tracks (artist_id, album_id, release_id, number, title, length) VALUES (351, 356, 356, 2, 'Notes From A War', '0:4:48');
INSERT INTO tracks (artist_id, album_id, release_id, number, title, length) VALUES (444, 356, 356, 3, 'Smoking Gun', '0:4:35');
INSERT INTO tracks (artist_id, album_id, release_id, number, title, length) VALUES (502, 356, 356, 4, 'Never Say Farewell', '0:5:26');
INSERT INTO artists (name) VALUES ('Chemlab');
INSERT INTO tracks (artist_id, album_id, release_id, number, title, length) VALUES (621, 356, 356, 5, 'Solar Max (The Jimmy Semtex Coil)', '0:4:26');
INSERT INTO artists (name) VALUES ('Bow Ever Down');
INSERT INTO tracks (artist_id, album_id, release_id, number, title, length) VALUES (622, 356, 356, 6, 'Goodbye', '0:3:19');
INSERT INTO tracks (artist_id, album_id, release_id, number, title, length) VALUES (417, 356, 356, 7, 'Jim, Let Me Know When You Can Drink Again (Extreme Party Stylezz)', '0:3:56');
INSERT INTO artists (name) VALUES ('Terrorfakt');
INSERT INTO tracks (artist_id, album_id, release_id, number, title, length) VALUES (623, 356, 356, 8, 'Painkiller', '0:4:10');
INSERT INTO tracks (artist_id, album_id, release_id, number, title, length) VALUES (231, 356, 356, 9, 'Things Unkind', '0:4:2');
INSERT INTO tracks (artist_id, album_id, release_id, number, title, length) VALUES (421, 356, 356, 10, 'Malignancy (Pancreatitis Mix)', '0:4:0');
INSERT INTO tracks (artist_id, album_id, release_id, number, title, length) VALUES (445, 356, 356, 11, 'Save Your Serpent (Light As A Feather Mix)', '0:5:22');
INSERT INTO artists (name) VALUES ('Burikusu!!!');
INSERT INTO tracks (artist_id, album_id, release_id, number, title, length) VALUES (624, 356, 356, 12, '7 Dimensional', '0:4:58');
INSERT INTO tracks (artist_id, album_id, release_id, number, title, length) VALUES (437, 356, 356, 13, 'Rapture', '0:3:57');
INSERT INTO artists (name) VALUES ('Cesium 137');
INSERT INTO tracks (artist_id, album_id, release_id, number, title, length) VALUES (625, 356, 356, 14, 'Endure (Encoder Mix)', '0:4:2');
INSERT INTO artists (name) VALUES ('Cyanotic feat 16 Volt');
INSERT INTO tracks (artist_id, album_id, release_id, number, title, length) VALUES (626, 356, 356, 15, 'Axiom (Post-Affliction Version)', '0:5:6');
INSERT INTO artists (name) VALUES ('Silent Auction');
INSERT INTO tracks (artist_id, album_id, release_id, number, title, length) VALUES (627, 356, 356, 16, 'Deliverance', '0:3:39');
INSERT INTO tracks (artist_id, album_id, release_id, number, title, length) VALUES (503, 356, 356, 17, 'Cancerous Catalyst Converter', '0:4:36');
INSERT INTO artists (name) VALUES ('The dark clan');
INSERT INTO tracks (artist_id, album_id, release_id, number, title, length) VALUES (628, 356, 356, 1, 'Beat iIt, kill it', '0:4:23');
INSERT INTO artists (name) VALUES ('The azoic');
INSERT INTO tracks (artist_id, album_id, release_id, number, title, length) VALUES (629, 356, 356, 2, 'Search And Destroy (Savior Mix)', '0:3:39');
INSERT INTO artists (name) VALUES ('GenCAB');
INSERT INTO tracks (artist_id, album_id, release_id, number, title, length) VALUES (630, 356, 356, 3, 'Version 2 (Aesthetic perfection mix)', '0:4:41');
INSERT INTO artists (name) VALUES ('Christ analogue');
INSERT INTO tracks (artist_id, album_id, release_id, number, title, length) VALUES (631, 356, 356, 4, 'The fight', '0:3:38');
INSERT INTO artists (name) VALUES ('Prometheus burning');
INSERT INTO tracks (artist_id, album_id, release_id, number, title, length) VALUES (632, 356, 356, 5, 'Malignant disco', '0:4:32');
INSERT INTO artists (name) VALUES ('Boxed warning');
INSERT INTO tracks (artist_id, album_id, release_id, number, title, length) VALUES (633, 356, 356, 6, 'Run first', '0:3:59');
INSERT INTO artists (name) VALUES ('Assemblage 23');
INSERT INTO tracks (artist_id, album_id, release_id, number, title, length) VALUES (634, 356, 356, 7, 'Impermanence (Flight AC-112 mix)', '0:4:47');
INSERT INTO artists (name) VALUES ('IScintilla');
INSERT INTO tracks (artist_id, album_id, release_id, number, title, length) VALUES (635, 356, 356, 8, 'From a wasteland to a dream', '0:3:55');
INSERT INTO artists (name) VALUES ('Imperative reaction');
INSERT INTO tracks (artist_id, album_id, release_id, number, title, length) VALUES (636, 356, 356, 9, 'Giving in to the change (Assemblage 23 Mix)', '0:4:26');
INSERT INTO tracks (artist_id, album_id, release_id, number, title, length) VALUES (500, 356, 356, 10, 'Sick', '0:4:18');
INSERT INTO artists (name) VALUES ('Combichrist');
INSERT INTO tracks (artist_id, album_id, release_id, number, title, length) VALUES (637, 356, 356, 11, 'Nosepad', '0:6:7');
INSERT INTO artists (name) VALUES ('Sonik foundry');
INSERT INTO tracks (artist_id, album_id, release_id, number, title, length) VALUES (638, 356, 356, 12, 'Stigmata', '0:4:48');
INSERT INTO tracks (artist_id, album_id, release_id, number, title, length) VALUES (497, 356, 356, 13, 'Fear is fear', '0:4:46');
INSERT INTO artists (name) VALUES ('Mindless faith');
INSERT INTO tracks (artist_id, album_id, release_id, number, title, length) VALUES (639, 356, 356, 14, 'Into the wind', '0:5:18');
INSERT INTO artists (name) VALUES ('Cyber strukture');
INSERT INTO tracks (artist_id, album_id, release_id, number, title, length) VALUES (640, 356, 356, 15, 'Some sorta rhythmic machine', '0:4:26');
INSERT INTO tracks (artist_id, album_id, release_id, number, title, length) VALUES (516, 356, 356, 16, 'Count backwards from ten', '0:4:31');
INSERT INTO artists (name) VALUES ('Jordan decay');
INSERT INTO tracks (artist_id, album_id, release_id, number, title, length) VALUES (641, 356, 356, 17, 'The great war', '0:4:31');
INSERT INTO artists (name) VALUES ('Deathline International');
INSERT INTO tracks (artist_id, album_id, release_id, number, title, length) VALUES (642, 356, 356, 1, 'Breaking', '0:4:12');
INSERT INTO tracks (artist_id, album_id, release_id, number, title, length) VALUES (464, 356, 356, 2, 'Jim''s Song', '0:4:4');
INSERT INTO artists (name) VALUES ('Vicious Alliance');
INSERT INTO tracks (artist_id, album_id, release_id, number, title, length) VALUES (643, 356, 356, 3, 'Right Beside You (Save Me Now Mix)', '0:4:29');
INSERT INTO artists (name) VALUES ('backandtotheleft');
INSERT INTO tracks (artist_id, album_id, release_id, number, title, length) VALUES (644, 356, 356, 4, 'Maybe Today', '0:5:27');
INSERT INTO tracks (artist_id, album_id, release_id, number, title, length) VALUES (493, 356, 356, 5, 'Katharsis (Purification Mix)', '0:3:40');
INSERT INTO tracks (artist_id, album_id, release_id, number, title, length) VALUES (424, 356, 356, 6, 'Under The Gun Immune Response', '0:5:7');
INSERT INTO tracks (artist_id, album_id, release_id, number, title, length) VALUES (433, 356, 356, 7, 'Until We Die (Winter Edit)', '0:4:46');
INSERT INTO tracks (artist_id, album_id, release_id, number, title, length) VALUES (504, 356, 356, 8, 'Don''t Worry (We''ll Meet Up Again)', '0:4:3');
INSERT INTO tracks (artist_id, album_id, release_id, number, title, length) VALUES (352, 356, 356, 9, 'Blood (2009 Edit)', '0:3:25');
INSERT INTO artists (name) VALUES ('Acumen Nation');
INSERT INTO tracks (artist_id, album_id, release_id, number, title, length) VALUES (645, 356, 356, 10, 'The Juice of Rotted Fruit', '0:4:28');
INSERT INTO tracks (artist_id, album_id, release_id, number, title, length) VALUES (452, 356, 356, 11, 'The Ones (genCAB Mix)', '0:5:3');
INSERT INTO tracks (artist_id, album_id, release_id, number, title, length) VALUES (344, 356, 356, 12, 'Not Me', '0:2:59');
INSERT INTO tracks (artist_id, album_id, release_id, number, title, length) VALUES (501, 356, 356, 13, 'Children Of Decay (Northborne Mix)', '0:5:24');
INSERT INTO tracks (artist_id, album_id, release_id, number, title, length) VALUES (478, 356, 356, 14, 'I''ve Sold Your Organs on the Black Market to Finance the Purchase of a Used Minivan (I Don''t Want Those  Organs If There Is Cancer In Them Mix)', '0:5:40');
INSERT INTO artists (name) VALUES ('Leather Strip');
INSERT INTO tracks (artist_id, album_id, release_id, number, title, length) VALUES (646, 356, 356, 15, 'The Scalpel Song (Neoplasm Edit)', '0:5:39');
INSERT INTO artists (name) VALUES ('Mordacious');
INSERT INTO tracks (artist_id, album_id, release_id, number, title, length) VALUES (647, 356, 356, 16, 'Sleeping Beauty', '0:4:24');
INSERT INTO artists (name) VALUES ('Flesh Field');
INSERT INTO tracks (artist_id, album_id, release_id, number, title, length) VALUES (648, 356, 356, 17, 'Detritus of Reason', '0:4:6');
INSERT INTO artists (name) VALUES ('Noisuf-X');
INSERT INTO tracks (artist_id, album_id, release_id, number, title, length) VALUES (649, 356, 356, 1, 'White Noise (Gift Mix)', '0:3:51');
INSERT INTO artists (name) VALUES ('Hardwire');
INSERT INTO tracks (artist_id, album_id, release_id, number, title, length) VALUES (650, 356, 356, 2, 'I Am Forever', '0:3:46');
INSERT INTO artists (name) VALUES ('Atomica Project, The');
INSERT INTO tracks (artist_id, album_id, release_id, number, title, length) VALUES (651, 356, 356, 3, 'Transmission', '0:4:34');
INSERT INTO artists (name) VALUES ('Massiv In Mensch');
INSERT INTO tracks (artist_id, album_id, release_id, number, title, length) VALUES (652, 356, 356, 4, 'Supermassive Gravity (Endanger Mix)', '0:4:38');
INSERT INTO tracks (artist_id, album_id, release_id, number, title, length) VALUES (469, 356, 356, 5, 'Free (Interface Mix)', '0:5:36');
INSERT INTO tracks (artist_id, album_id, release_id, number, title, length) VALUES (496, 356, 356, 6, 'Here + Now  (Banging Mix By XP8)', '0:4:52');
INSERT INTO artists (name) VALUES ('Alter Der Ruine VS Premeditated Light');
INSERT INTO tracks (artist_id, album_id, release_id, number, title, length) VALUES (653, 356, 356, 7, 'Dawn', '0:6:9');
INSERT INTO artists (name) VALUES ('nolongerhuman');
INSERT INTO tracks (artist_id, album_id, release_id, number, title, length) VALUES (654, 356, 356, 8, 'Survival', '0:4:37');
INSERT INTO artists (name) VALUES ('Iris');
INSERT INTO tracks (artist_id, album_id, release_id, number, title, length) VALUES (655, 356, 356, 9, 'Imposter (ThouShaltNot Mix)', '0:4:20');
INSERT INTO artists (name) VALUES ('Debutante');
INSERT INTO tracks (artist_id, album_id, release_id, number, title, length) VALUES (656, 356, 356, 10, 'Alive', '0:4:42');
INSERT INTO artists (name) VALUES ('Andraculoid');
INSERT INTO tracks (artist_id, album_id, release_id, number, title, length) VALUES (657, 356, 356, 11, 'You Tried To Kill Me, But I Killed You First', '0:4:52');
INSERT INTO artists (name) VALUES ('Deviant UK');
INSERT INTO tracks (artist_id, album_id, release_id, number, title, length) VALUES (658, 356, 356, 12, 'Access Denied (Rotersand Remix)', '0:5:32');
INSERT INTO artists (name) VALUES ('Hype Factor');
INSERT INTO tracks (artist_id, album_id, release_id, number, title, length) VALUES (659, 356, 356, 13, 'The Sweetest Soul (Rex Mix)', '0:5:52');
INSERT INTO artists (name) VALUES ('Freezepop');
INSERT INTO tracks (artist_id, album_id, release_id, number, title, length) VALUES (660, 356, 356, 14, 'Duct Tape My Heart (Chinese Theatre Remix)', '0:4:34');
INSERT INTO tracks (artist_id, album_id, release_id, number, title, length) VALUES (222, 356, 356, 15, 'In The Aftermath (Moroder Mix)', '0:5:19');
INSERT INTO tracks (artist_id, album_id, release_id, number, title, length) VALUES (475, 356, 356, 16, 'Jim Made Cancer His Bitch', '0:4:0');
INSERT INTO artists (name) VALUES ('Hoops McCann Band');
INSERT INTO albums (artist_id, title, year) VALUES (1, 'Fall Into Winter - Jazz Sampler ''88', '1988-01-01');
INSERT INTO releases (album_id, description, year) VALUES (357, 'Standard CD', '1988-01-01');
INSERT INTO tracks (artist_id, album_id, release_id, number, title, length) VALUES (661, 357, 357, 1, 'Black Cow', '0:6:14');
INSERT INTO artists (name) VALUES ('Perri');
INSERT INTO tracks (artist_id, album_id, release_id, number, title, length) VALUES (662, 357, 357, 2, 'The Caves of Altamira', '0:4:14');
INSERT INTO artists (name) VALUES ('Michael Brecker');
INSERT INTO tracks (artist_id, album_id, release_id, number, title, length) VALUES (663, 357, 357, 3, 'Suspone', '0:4:57');
INSERT INTO artists (name) VALUES ('The Yellowjackets');
INSERT INTO tracks (artist_id, album_id, release_id, number, title, length) VALUES (664, 357, 357, 4, 'Local Hero', '0:4:36');
INSERT INTO artists (name) VALUES ('George Howard');
INSERT INTO tracks (artist_id, album_id, release_id, number, title, length) VALUES (665, 357, 357, 5, 'One Love', '0:4:51');
INSERT INTO artists (name) VALUES ('Spyro Gyra');
INSERT INTO tracks (artist_id, album_id, release_id, number, title, length) VALUES (666, 357, 357, 6, 'Limelight', '0:4:28');
INSERT INTO artists (name) VALUES ('Jack DeJohnette''s Special Edition');
INSERT INTO tracks (artist_id, album_id, release_id, number, title, length) VALUES (667, 357, 357, 7, 'PM''s AM', '0:5:54');
INSERT INTO artists (name) VALUES ('Missing Links');
INSERT INTO tracks (artist_id, album_id, release_id, number, title, length) VALUES (668, 357, 357, 8, 'Walk On By', '0:4:58');
INSERT INTO artists (name) VALUES ('Wayne Johnson Trio');
INSERT INTO tracks (artist_id, album_id, release_id, number, title, length) VALUES (669, 357, 357, 9, 'My Song', '0:5:20');
INSERT INTO artists (name) VALUES ('Crusaders');
INSERT INTO tracks (artist_id, album_id, release_id, number, title, length) VALUES (670, 357, 357, 10, 'Passion Fruit', '0:5:28');
INSERT INTO artists (name) VALUES ('Skywalk');
INSERT INTO tracks (artist_id, album_id, release_id, number, title, length) VALUES (671, 357, 357, 11, 'King of Kansas', '0:6:49');
INSERT INTO artists (name) VALUES ('Rob Wasserman');
INSERT INTO tracks (artist_id, album_id, release_id, number, title, length) VALUES (672, 357, 357, 12, 'Stardust', '0:4:35');
INSERT INTO artists (name) VALUES ('David Murray');
INSERT INTO tracks (artist_id, album_id, release_id, number, title, length) VALUES (673, 357, 357, 13, 'I Want To Talk About You (Tribute to John Coltrane)', '0:9:12');
INSERT INTO artists (name) VALUES ('Dashboard Confessional');
INSERT INTO albums (artist_id, title, year) VALUES (674, 'A Mark, A Mission, A Brand, A Scar', '2003-01-01');
INSERT INTO releases (album_id, description, year) VALUES (358, 'Standard CD', '2003-01-01');
INSERT INTO tracks (artist_id, album_id, release_id, number, title, length) VALUES (674, 358, 358, 1, 'Hands Down', '0:3:6');
INSERT INTO tracks (artist_id, album_id, release_id, number, title, length) VALUES (674, 358, 358, 2, 'Rapid Hope Loss', '0:3:41');
INSERT INTO tracks (artist_id, album_id, release_id, number, title, length) VALUES (674, 358, 358, 3, 'As Lovers Go', '0:3:30');
INSERT INTO tracks (artist_id, album_id, release_id, number, title, length) VALUES (674, 358, 358, 4, 'Carry This Picture', '0:2:53');
INSERT INTO tracks (artist_id, album_id, release_id, number, title, length) VALUES (674, 358, 358, 5, 'Bend and Not Break', '0:5:6');
INSERT INTO tracks (artist_id, album_id, release_id, number, title, length) VALUES (674, 358, 358, 6, 'Ghost of a Good Thing', '0:3:45');
INSERT INTO tracks (artist_id, album_id, release_id, number, title, length) VALUES (674, 358, 358, 7, 'Am I Missing', '0:4:3');
INSERT INTO tracks (artist_id, album_id, release_id, number, title, length) VALUES (674, 358, 358, 8, 'Morning Calls', '0:4:20');
INSERT INTO tracks (artist_id, album_id, release_id, number, title, length) VALUES (674, 358, 358, 9, 'Carve Your Heart out Yourself', '0:3:44');
INSERT INTO tracks (artist_id, album_id, release_id, number, title, length) VALUES (674, 358, 358, 10, 'So Beautiful', '0:3:27');
INSERT INTO tracks (artist_id, album_id, release_id, number, title, length) VALUES (674, 358, 358, 11, 'Hey Girl', '0:3:34');
INSERT INTO tracks (artist_id, album_id, release_id, number, title, length) VALUES (674, 358, 358, 12, 'If You Can''t Leave It Be, Might As Well Make It Bleed', '0:3:38');
INSERT INTO tracks (artist_id, album_id, release_id, number, title, length) VALUES (674, 358, 358, 13, 'Several Ways to Die Trying', '0:6:7');
INSERT INTO artists (name) VALUES ('Paramore');
INSERT INTO albums (artist_id, title, year) VALUES (675, 'Misery Business', '2007-01-01');
INSERT INTO releases (album_id, description, year) VALUES (359, 'Standard CD', '2007-01-01');
INSERT INTO tracks (artist_id, album_id, release_id, number, title, length) VALUES (675, 359, 359, 1, 'Misery Business', '0:3:18');
INSERT INTO artists (name) VALUES ('Hate Dies Hard');
INSERT INTO albums (artist_id, title, year) VALUES (676, 'Hate Dies Hard', '2006-01-01');
INSERT INTO releases (album_id, description, year) VALUES (360, 'Standard CD', '2006-01-01');
INSERT INTO tracks (artist_id, album_id, release_id, number, title, length) VALUES (676, 360, 360, 1, 'Kept', '0:4:21');
INSERT INTO tracks (artist_id, album_id, release_id, number, title, length) VALUES (676, 360, 360, 2, 'The Fall', '0:4:38');
INSERT INTO tracks (artist_id, album_id, release_id, number, title, length) VALUES (676, 360, 360, 3, 'Out', '0:4:2');
INSERT INTO tracks (artist_id, album_id, release_id, number, title, length) VALUES (676, 360, 360, 4, 'Exit Wound', '0:4:43');
INSERT INTO artists (name) VALUES ('Medication');
INSERT INTO albums (artist_id, title, year) VALUES (677, 'Medication', '2002-01-01');
INSERT INTO releases (album_id, description, year) VALUES (361, 'Standard CD', '2002-01-01');
INSERT INTO tracks (artist_id, album_id, release_id, number, title, length) VALUES (677, 361, 361, 1, 'Something New', '0:4:51');
INSERT INTO tracks (artist_id, album_id, release_id, number, title, length) VALUES (677, 361, 361, 2, 'Underwater', '0:3:56');
INSERT INTO tracks (artist_id, album_id, release_id, number, title, length) VALUES (677, 361, 361, 3, 'Inside', '0:4:39');
INSERT INTO tracks (artist_id, album_id, release_id, number, title, length) VALUES (677, 361, 361, 4, 'No Direction', '0:2:59');
INSERT INTO tracks (artist_id, album_id, release_id, number, title, length) VALUES (677, 361, 361, 5, 'Need To Never', '0:3:28');
INSERT INTO artists (name) VALUES ('The Ruines of Berverast');
INSERT INTO albums (artist_id, title, year) VALUES (678, 'Rain Upon the Impure', '2006-01-01');
INSERT INTO releases (album_id, description, year) VALUES (362, 'Standard CD', '2006-01-01');
INSERT INTO tracks (artist_id, album_id, release_id, number, title, length) VALUES (678, 362, 362, 1, '50 Forts Along the Rhine', '0:13:37');
INSERT INTO tracks (artist_id, album_id, release_id, number, title, length) VALUES (678, 362, 362, 2, 'Soliloquy of the Stigmatised Shepherd', '0:15:39');
INSERT INTO tracks (artist_id, album_id, release_id, number, title, length) VALUES (678, 362, 362, 3, 'Rapture', '0:1:16');
INSERT INTO tracks (artist_id, album_id, release_id, number, title, length) VALUES (678, 362, 362, 4, 'Blood Vaults (I - Thy Virginal Malodour)', '0:15:42');
INSERT INTO tracks (artist_id, album_id, release_id, number, title, length) VALUES (678, 362, 362, 5, 'Soil of the Incestuous', '0:16:24');
INSERT INTO tracks (artist_id, album_id, release_id, number, title, length) VALUES (678, 362, 362, 6, 'Balnaa-Kheil the Bleak', '0:2:40');
INSERT INTO tracks (artist_id, album_id, release_id, number, title, length) VALUES (678, 362, 362, 7, 'Rain Upon the Impure', '0:14:33');
INSERT INTO artists (name) VALUES ('Razorlight');
INSERT INTO albums (artist_id, title, year) VALUES (679, 'Slipway Fires', '2008-01-01');
INSERT INTO releases (album_id, description, year) VALUES (363, 'Standard CD', '2008-01-01');
INSERT INTO tracks (artist_id, album_id, release_id, number, title, length) VALUES (679, 363, 363, 1, 'Wire To Wire', '0:3:5');
INSERT INTO tracks (artist_id, album_id, release_id, number, title, length) VALUES (679, 363, 363, 2, 'Hostage Of Love', '0:3:44');
INSERT INTO tracks (artist_id, album_id, release_id, number, title, length) VALUES (679, 363, 363, 3, 'You And The Rest', '0:3:25');
INSERT INTO tracks (artist_id, album_id, release_id, number, title, length) VALUES (679, 363, 363, 4, 'Tabloid Lover', '0:2:57');
INSERT INTO tracks (artist_id, album_id, release_id, number, title, length) VALUES (679, 363, 363, 5, 'North London Trash', '0:3:28');
INSERT INTO tracks (artist_id, album_id, release_id, number, title, length) VALUES (679, 363, 363, 6, '60 Thompson', '0:2:37');
INSERT INTO tracks (artist_id, album_id, release_id, number, title, length) VALUES (679, 363, 363, 7, 'Stinger', '0:4:17');
INSERT INTO tracks (artist_id, album_id, release_id, number, title, length) VALUES (679, 363, 363, 8, 'Burberry Blue Eyes', '0:3:33');
INSERT INTO tracks (artist_id, album_id, release_id, number, title, length) VALUES (679, 363, 363, 9, 'Blood For Wild Blood', '0:3:10');
INSERT INTO tracks (artist_id, album_id, release_id, number, title, length) VALUES (679, 363, 363, 10, 'Monster Boots', '0:4:34');
INSERT INTO tracks (artist_id, album_id, release_id, number, title, length) VALUES (679, 363, 363, 11, 'The House', '0:3:55');
INSERT INTO artists (name) VALUES ('Deathray');
INSERT INTO albums (artist_id, title, year) VALUES (680, 'Deathray', '2000-01-01');
INSERT INTO releases (album_id, description, year) VALUES (364, 'Standard CD', '2000-01-01');
INSERT INTO tracks (artist_id, album_id, release_id, number, title, length) VALUES (680, 364, 364, 1, 'My Lunatic Friends', '0:2:50');
INSERT INTO tracks (artist_id, album_id, release_id, number, title, length) VALUES (680, 364, 364, 2, 'Only Lies', '0:2:7');
INSERT INTO tracks (artist_id, album_id, release_id, number, title, length) VALUES (680, 364, 364, 3, 'What Would You Do', '0:2:43');
INSERT INTO tracks (artist_id, album_id, release_id, number, title, length) VALUES (680, 364, 364, 4, 'Zero', '0:3:24');
INSERT INTO tracks (artist_id, album_id, release_id, number, title, length) VALUES (680, 364, 364, 5, 'Check It Over', '0:2:10');
INSERT INTO tracks (artist_id, album_id, release_id, number, title, length) VALUES (680, 364, 364, 6, 'Legionnaires In Doubt', '0:2:39');
INSERT INTO tracks (artist_id, album_id, release_id, number, title, length) VALUES (680, 364, 364, 7, 'Now That I Am Blind', '0:2:58');
INSERT INTO tracks (artist_id, album_id, release_id, number, title, length) VALUES (680, 364, 364, 8, 'Someone After You', '0:2:25');
INSERT INTO tracks (artist_id, album_id, release_id, number, title, length) VALUES (680, 364, 364, 9, 'Scott', '0:2:19');
INSERT INTO tracks (artist_id, album_id, release_id, number, title, length) VALUES (680, 364, 364, 10, 'Baby Polygon', '0:2:57');
INSERT INTO tracks (artist_id, album_id, release_id, number, title, length) VALUES (680, 364, 364, 11, '1015', '0:2:29');
INSERT INTO tracks (artist_id, album_id, release_id, number, title, length) VALUES (680, 364, 364, 12, 'This Time', '0:2:33');
INSERT INTO tracks (artist_id, album_id, release_id, number, title, length) VALUES (680, 364, 364, 13, 'Happy New Year', '0:2:40');
INSERT INTO artists (name) VALUES ('Muzzle');
INSERT INTO albums (artist_id, title, year) VALUES (681, 'Actual Size', '1999-01-01');
INSERT INTO releases (album_id, description, year) VALUES (365, 'Standard CD', '1999-01-01');
INSERT INTO tracks (artist_id, album_id, release_id, number, title, length) VALUES (681, 365, 365, 1, 'Complicated', '0:3:34');
INSERT INTO tracks (artist_id, album_id, release_id, number, title, length) VALUES (681, 365, 365, 2, 'Ditch Your Love', '0:2:58');
INSERT INTO tracks (artist_id, album_id, release_id, number, title, length) VALUES (681, 365, 365, 3, 'Been Hurt', '0:3:1');
INSERT INTO tracks (artist_id, album_id, release_id, number, title, length) VALUES (681, 365, 365, 4, 'Obvious', '0:3:16');
INSERT INTO tracks (artist_id, album_id, release_id, number, title, length) VALUES (681, 365, 365, 5, 'Know', '0:3:58');
INSERT INTO tracks (artist_id, album_id, release_id, number, title, length) VALUES (681, 365, 365, 6, 'Sailor Song', '0:4:48');
INSERT INTO tracks (artist_id, album_id, release_id, number, title, length) VALUES (681, 365, 365, 7, 'Second Time Around', '0:4:57');
INSERT INTO tracks (artist_id, album_id, release_id, number, title, length) VALUES (681, 365, 365, 8, 'Broken Tooth', '0:3:56');
INSERT INTO tracks (artist_id, album_id, release_id, number, title, length) VALUES (681, 365, 365, 9, 'Dynamic', '0:4:18');
INSERT INTO tracks (artist_id, album_id, release_id, number, title, length) VALUES (681, 365, 365, 10, '(A Song For) Superclones Of The Future', '0:5:50');
INSERT INTO tracks (artist_id, album_id, release_id, number, title, length) VALUES (681, 365, 365, 11, 'Drop The Needle', '0:3:49');
INSERT INTO tracks (artist_id, album_id, release_id, number, title, length) VALUES (681, 365, 365, 12, 'Thanks To You', '0:2:55');
INSERT INTO artists (name) VALUES ('Dirty Americans');
INSERT INTO albums (artist_id, title, year) VALUES (682, 'kiss ''em all goodbye', '2003-01-01');
INSERT INTO releases (album_id, description, year) VALUES (366, 'Standard CD', '2003-01-01');
INSERT INTO tracks (artist_id, album_id, release_id, number, title, length) VALUES (682, 366, 366, 1, 'Car Crash', '0:2:40');
INSERT INTO tracks (artist_id, album_id, release_id, number, title, length) VALUES (682, 366, 366, 2, 'Strange Generation', '0:3:42');
INSERT INTO tracks (artist_id, album_id, release_id, number, title, length) VALUES (682, 366, 366, 3, 'Burn You Down', '0:3:9');
INSERT INTO tracks (artist_id, album_id, release_id, number, title, length) VALUES (682, 366, 366, 4, 'Explode (demo)', '0:2:50');
INSERT INTO tracks (artist_id, album_id, release_id, number, title, length) VALUES (682, 366, 366, 5, 'Trip To The Moon (demo)', '0:3:2');
INSERT INTO artists (name) VALUES ('Libido');
INSERT INTO albums (artist_id, title, year) VALUES (683, 'Killing Some Dead Time', '1997-01-01');
INSERT INTO releases (album_id, description, year) VALUES (367, 'Standard CD', '1997-01-01');
INSERT INTO tracks (artist_id, album_id, release_id, number, title, length) VALUES (683, 367, 367, 1, 'Overthrown', '0:5:31');
INSERT INTO tracks (artist_id, album_id, release_id, number, title, length) VALUES (683, 367, 367, 2, 'Supersonic Daydream', '0:3:22');
INSERT INTO tracks (artist_id, album_id, release_id, number, title, length) VALUES (683, 367, 367, 3, 'Strange News', '0:2:9');
INSERT INTO tracks (artist_id, album_id, release_id, number, title, length) VALUES (683, 367, 367, 4, 'Crash Out', '0:3:37');
INSERT INTO tracks (artist_id, album_id, release_id, number, title, length) VALUES (683, 367, 367, 5, 'In My Shadow', '0:4:35');
INSERT INTO tracks (artist_id, album_id, release_id, number, title, length) VALUES (683, 367, 367, 6, 'Blow', '0:3:0');
INSERT INTO tracks (artist_id, album_id, release_id, number, title, length) VALUES (683, 367, 367, 7, 'Remarkably Abnormal (Good Intentions)', '0:6:48');
INSERT INTO tracks (artist_id, album_id, release_id, number, title, length) VALUES (683, 367, 367, 8, 'Revolving', '0:5:40');
INSERT INTO tracks (artist_id, album_id, release_id, number, title, length) VALUES (683, 367, 367, 9, 'Molest Me', '0:3:22');
INSERT INTO tracks (artist_id, album_id, release_id, number, title, length) VALUES (683, 367, 367, 10, 'Comfort', '0:3:30');
INSERT INTO tracks (artist_id, album_id, release_id, number, title, length) VALUES (683, 367, 367, 11, 'God''s Guest List', '0:3:0');
INSERT INTO tracks (artist_id, album_id, release_id, number, title, length) VALUES (683, 367, 367, 12, 'Magic Mushroom Night', '0:4:24');
INSERT INTO artists (name) VALUES ('Novada');
INSERT INTO albums (artist_id, title, year) VALUES (684, 'These White Lies Die With Us', '2006-01-01');
INSERT INTO releases (album_id, description, year) VALUES (368, 'Standard CD', '2006-01-01');
INSERT INTO tracks (artist_id, album_id, release_id, number, title, length) VALUES (684, 368, 368, 1, 'Madagascar', '0:0:53');
INSERT INTO tracks (artist_id, album_id, release_id, number, title, length) VALUES (684, 368, 368, 2, 'Escape', '0:2:49');
INSERT INTO tracks (artist_id, album_id, release_id, number, title, length) VALUES (684, 368, 368, 3, 'These White Lies', '0:3:26');
INSERT INTO tracks (artist_id, album_id, release_id, number, title, length) VALUES (684, 368, 368, 4, 'Butterfly', '0:3:2');
INSERT INTO tracks (artist_id, album_id, release_id, number, title, length) VALUES (684, 368, 368, 5, 'Found You Out', '0:3:2');
INSERT INTO tracks (artist_id, album_id, release_id, number, title, length) VALUES (684, 368, 368, 6, 'Pulse', '0:3:28');
INSERT INTO tracks (artist_id, album_id, release_id, number, title, length) VALUES (684, 368, 368, 7, 'London Smiles', '0:2:43');
INSERT INTO tracks (artist_id, album_id, release_id, number, title, length) VALUES (684, 368, 368, 8, 'Alanna Jean', '0:3:26');
INSERT INTO tracks (artist_id, album_id, release_id, number, title, length) VALUES (684, 368, 368, 9, 'Charmed', '0:3:23');
INSERT INTO tracks (artist_id, album_id, release_id, number, title, length) VALUES (684, 368, 368, 10, 'Inside The Circle', '0:3:2');
INSERT INTO tracks (artist_id, album_id, release_id, number, title, length) VALUES (684, 368, 368, 11, 'Stagnating', '0:4:16');
INSERT INTO artists (name) VALUES ('Wakefield');
INSERT INTO albums (artist_id, title, year) VALUES (685, 'Which Side Are You On', '2005-01-01');
INSERT INTO releases (album_id, description, year) VALUES (369, 'Standard CD', '2005-01-01');
INSERT INTO tracks (artist_id, album_id, release_id, number, title, length) VALUES (685, 369, 369, 1, 'Without You (Which Side Are You On)', '0:3:10');
INSERT INTO tracks (artist_id, album_id, release_id, number, title, length) VALUES (685, 369, 369, 2, 'Take Off', '0:4:25');
INSERT INTO tracks (artist_id, album_id, release_id, number, title, length) VALUES (685, 369, 369, 3, 'C''Mon Baby', '0:3:21');
INSERT INTO tracks (artist_id, album_id, release_id, number, title, length) VALUES (685, 369, 369, 4, 'Quietly Complaining', '0:3:6');
INSERT INTO tracks (artist_id, album_id, release_id, number, title, length) VALUES (685, 369, 369, 5, 'New Game', '0:3:23');
INSERT INTO tracks (artist_id, album_id, release_id, number, title, length) VALUES (685, 369, 369, 6, 'Only One', '0:3:10');
INSERT INTO tracks (artist_id, album_id, release_id, number, title, length) VALUES (685, 369, 369, 7, 'Clean 1145', '0:2:4');
INSERT INTO tracks (artist_id, album_id, release_id, number, title, length) VALUES (685, 369, 369, 8, 'Asleep On Broken Teeth', '0:3:3');
INSERT INTO tracks (artist_id, album_id, release_id, number, title, length) VALUES (685, 369, 369, 9, 'Mors D''oeuvres Avant Le Coup D''Etat', '0:3:24');
INSERT INTO tracks (artist_id, album_id, release_id, number, title, length) VALUES (685, 369, 369, 10, 'Girl With A Beat', '0:2:55');
INSERT INTO tracks (artist_id, album_id, release_id, number, title, length) VALUES (685, 369, 369, 11, 'After School Special', '0:3:44');
INSERT INTO tracks (artist_id, album_id, release_id, number, title, length) VALUES (685, 369, 369, 12, 'Around', '0:4:3');
INSERT INTO tracks (artist_id, album_id, release_id, number, title, length) VALUES (685, 369, 369, 13, 'Shrine', '0:12:53');
INSERT INTO artists (name) VALUES ('Twin Atlantic');
INSERT INTO albums (artist_id, title, year) VALUES (686, 'Vivarium', '2009-01-01');
INSERT INTO releases (album_id, description, year) VALUES (370, 'Standard CD', '2009-01-01');
INSERT INTO tracks (artist_id, album_id, release_id, number, title, length) VALUES (686, 370, 370, 1, 'Lightspeed', '0:3:21');
INSERT INTO tracks (artist_id, album_id, release_id, number, title, length) VALUES (686, 370, 370, 2, 'Old Grey Face (And The Way Of The Magenta)', '0:2:48');
INSERT INTO tracks (artist_id, album_id, release_id, number, title, length) VALUES (686, 370, 370, 3, 'You''re Turning Into John Wayne', '0:4:17');
INSERT INTO tracks (artist_id, album_id, release_id, number, title, length) VALUES (686, 370, 370, 4, 'Caribbean War Syndrome', '0:6:11');
INSERT INTO tracks (artist_id, album_id, release_id, number, title, length) VALUES (686, 370, 370, 5, 'What Is Light Where Is Laughter', '0:3:38');
INSERT INTO tracks (artist_id, album_id, release_id, number, title, length) VALUES (686, 370, 370, 6, 'Human After All', '0:4:19');
INSERT INTO tracks (artist_id, album_id, release_id, number, title, length) VALUES (686, 370, 370, 7, 'Audience And Audio', '0:3:54');
INSERT INTO tracks (artist_id, album_id, release_id, number, title, length) VALUES (686, 370, 370, 8, 'Better Weather', '0:4:23');
INSERT INTO artists (name) VALUES ('Harvest of Souls');
INSERT INTO albums (artist_id, title, year) VALUES (687, 'Harvest of Souls', '1900-01-01');
INSERT INTO releases (album_id, description, year) VALUES (371, 'Standard CD', '1900-01-01');
INSERT INTO tracks (artist_id, album_id, release_id, number, title, length) VALUES (687, 371, 371, 1, 'Who', '0:4:6');
INSERT INTO tracks (artist_id, album_id, release_id, number, title, length) VALUES (687, 371, 371, 2, 'Love Me Hate Me', '0:5:28');
INSERT INTO tracks (artist_id, album_id, release_id, number, title, length) VALUES (687, 371, 371, 3, 'Born to Heaven Born to Hell', '0:5:53');
INSERT INTO artists (name) VALUES ('Mint');
INSERT INTO albums (artist_id, title, year) VALUES (688, 'A Farewell Gift', '1900-01-01');
INSERT INTO releases (album_id, description, year) VALUES (372, 'Standard CD', '1900-01-01');
INSERT INTO tracks (artist_id, album_id, release_id, number, title, length) VALUES (688, 372, 372, 1, 'Sand', '0:4:31');
INSERT INTO tracks (artist_id, album_id, release_id, number, title, length) VALUES (688, 372, 372, 2, 'Into You', '0:4:4');
INSERT INTO tracks (artist_id, album_id, release_id, number, title, length) VALUES (688, 372, 372, 3, '101', '0:3:57');
INSERT INTO tracks (artist_id, album_id, release_id, number, title, length) VALUES (688, 372, 372, 4, 'Dreams', '0:3:57');
INSERT INTO tracks (artist_id, album_id, release_id, number, title, length) VALUES (688, 372, 372, 5, 'Plain Silver', '0:3:37');
INSERT INTO tracks (artist_id, album_id, release_id, number, title, length) VALUES (688, 372, 372, 6, 'Emily', '0:4:31');
INSERT INTO tracks (artist_id, album_id, release_id, number, title, length) VALUES (688, 372, 372, 7, 'Seventeen', '0:3:10');
INSERT INTO tracks (artist_id, album_id, release_id, number, title, length) VALUES (688, 372, 372, 8, 'Dim Streets', '0:4:12');
INSERT INTO artists (name) VALUES ('Countdown Singers');
INSERT INTO albums (artist_id, title, year) VALUES (689, 'Hits of the 80s', '2004-01-01');
INSERT INTO releases (album_id, description, year) VALUES (373, 'Standard CD', '2004-01-01');
INSERT INTO tracks (artist_id, album_id, release_id, number, title, length) VALUES (689, 373, 373, 1, 'What''s Love Got To Do With It', '0:3:46');
INSERT INTO tracks (artist_id, album_id, release_id, number, title, length) VALUES (689, 373, 373, 2, 'Forever Your Girl', '0:4:3');
INSERT INTO tracks (artist_id, album_id, release_id, number, title, length) VALUES (689, 373, 373, 3, 'Tell It To My Heart', '0:3:39');
INSERT INTO tracks (artist_id, album_id, release_id, number, title, length) VALUES (689, 373, 373, 4, 'Total Eclipse of the Heart', '0:5:29');
INSERT INTO tracks (artist_id, album_id, release_id, number, title, length) VALUES (689, 373, 373, 5, 'Rhythm Is Gonna Get You', '0:3:53');
INSERT INTO tracks (artist_id, album_id, release_id, number, title, length) VALUES (689, 373, 373, 6, 'Bette Davis Eyes', '0:3:48');
INSERT INTO tracks (artist_id, album_id, release_id, number, title, length) VALUES (689, 373, 373, 7, 'Saving All My Love for You', '0:3:55');
INSERT INTO tracks (artist_id, album_id, release_id, number, title, length) VALUES (689, 373, 373, 8, 'Flashdance What a Feeling', '0:4:1');
INSERT INTO tracks (artist_id, album_id, release_id, number, title, length) VALUES (689, 373, 373, 9, 'Sweet Dreams', '0:3:26');
INSERT INTO tracks (artist_id, album_id, release_id, number, title, length) VALUES (689, 373, 373, 10, 'Magic', '0:4:22');
INSERT INTO tracks (artist_id, album_id, release_id, number, title, length) VALUES (689, 373, 373, 11, 'I Love Rock ''n Roll', '0:2:50');
INSERT INTO tracks (artist_id, album_id, release_id, number, title, length) VALUES (689, 373, 373, 12, 'It''s Raining Men', '0:3:26');
INSERT INTO tracks (artist_id, album_id, release_id, number, title, length) VALUES (689, 373, 373, 13, 'All She Wants to Do is Dance', '0:4:25');
INSERT INTO tracks (artist_id, album_id, release_id, number, title, length) VALUES (689, 373, 373, 1, 'Caribbean Queen', '0:4:7');
INSERT INTO tracks (artist_id, album_id, release_id, number, title, length) VALUES (689, 373, 373, 2, 'Material Girl', '0:3:59');
INSERT INTO tracks (artist_id, album_id, release_id, number, title, length) VALUES (689, 373, 373, 3, 'Footloose', '0:3:32');
INSERT INTO tracks (artist_id, album_id, release_id, number, title, length) VALUES (689, 373, 373, 4, 'Heaven', '0:4:3');
INSERT INTO tracks (artist_id, album_id, release_id, number, title, length) VALUES (689, 373, 373, 5, 'Addicted to Love', '0:4:0');
INSERT INTO tracks (artist_id, album_id, release_id, number, title, length) VALUES (689, 373, 373, 6, 'I Just Called to Say I Love You', '0:4:21');
INSERT INTO tracks (artist_id, album_id, release_id, number, title, length) VALUES (689, 373, 373, 7, 'Faith', '0:3:5');
INSERT INTO tracks (artist_id, album_id, release_id, number, title, length) VALUES (689, 373, 373, 8, 'Mony Mony', '0:3:56');
INSERT INTO tracks (artist_id, album_id, release_id, number, title, length) VALUES (689, 373, 373, 9, 'Don''t Worry, Be Happy', '0:3:46');
INSERT INTO tracks (artist_id, album_id, release_id, number, title, length) VALUES (689, 373, 373, 10, 'Red Red Wine', '0:2:50');
INSERT INTO tracks (artist_id, album_id, release_id, number, title, length) VALUES (689, 373, 373, 11, 'Billie Jean', '0:4:52');
INSERT INTO tracks (artist_id, album_id, release_id, number, title, length) VALUES (689, 373, 373, 12, 'The Lady in Red', '0:4:4');
INSERT INTO tracks (artist_id, album_id, release_id, number, title, length) VALUES (689, 373, 373, 13, 'Take My Breath Away', '0:4:13');
INSERT INTO tracks (artist_id, album_id, release_id, number, title, length) VALUES (689, 373, 373, 1, 'Say You, Say Me', '0:4:9');
INSERT INTO tracks (artist_id, album_id, release_id, number, title, length) VALUES (689, 373, 373, 2, 'Smooth Operator', '0:4:23');
INSERT INTO tracks (artist_id, album_id, release_id, number, title, length) VALUES (689, 373, 373, 3, 'Every Breath You Take', '0:3:48');
INSERT INTO tracks (artist_id, album_id, release_id, number, title, length) VALUES (689, 373, 373, 4, 'Private Eyes', '0:3:21');
INSERT INTO tracks (artist_id, album_id, release_id, number, title, length) VALUES (689, 373, 373, 5, 'Fight for Your Right', '0:3:24');
INSERT INTO tracks (artist_id, album_id, release_id, number, title, length) VALUES (689, 373, 373, 6, 'Jump', '0:3:40');
INSERT INTO tracks (artist_id, album_id, release_id, number, title, length) VALUES (689, 373, 373, 7, 'Everybody Wants to Rule the World', '0:3:44');
INSERT INTO tracks (artist_id, album_id, release_id, number, title, length) VALUES (689, 373, 373, 8, 'Nothing''s Gonna Stop Us Now', '0:4:16');
INSERT INTO tracks (artist_id, album_id, release_id, number, title, length) VALUES (689, 373, 373, 9, 'The Power of Love', '0:3:54');
INSERT INTO tracks (artist_id, album_id, release_id, number, title, length) VALUES (689, 373, 373, 10, 'Livin'' on a Prayer', '0:4:2');
INSERT INTO tracks (artist_id, album_id, release_id, number, title, length) VALUES (689, 373, 373, 11, 'She Drives Me Crazy', '0:3:22');
INSERT INTO tracks (artist_id, album_id, release_id, number, title, length) VALUES (689, 373, 373, 12, 'I Still Haven''t Found What I''m Looking For', '0:4:31');
INSERT INTO tracks (artist_id, album_id, release_id, number, title, length) VALUES (689, 373, 373, 1, 'Uptown Girl', '0:3:10');
INSERT INTO tracks (artist_id, album_id, release_id, number, title, length) VALUES (689, 373, 373, 2, 'Like a Virgin', '0:3:42');
INSERT INTO tracks (artist_id, album_id, release_id, number, title, length) VALUES (689, 373, 373, 3, 'Let''s Dance', '0:4:1');
INSERT INTO tracks (artist_id, album_id, release_id, number, title, length) VALUES (689, 373, 373, 4, 'Human', '0:3:55');
INSERT INTO tracks (artist_id, album_id, release_id, number, title, length) VALUES (689, 373, 373, 5, 'Karma Chameleon', '0:3:52');
INSERT INTO tracks (artist_id, album_id, release_id, number, title, length) VALUES (689, 373, 373, 6, 'Wake Me Up Before You Go-Go', '0:3:40');
INSERT INTO tracks (artist_id, album_id, release_id, number, title, length) VALUES (689, 373, 373, 7, 'Electric Avenue', '0:3:11');
INSERT INTO tracks (artist_id, album_id, release_id, number, title, length) VALUES (689, 373, 373, 8, 'Down Under', '0:3:23');
INSERT INTO tracks (artist_id, album_id, release_id, number, title, length) VALUES (689, 373, 373, 9, 'Bad to the Bone', '0:4:48');
INSERT INTO tracks (artist_id, album_id, release_id, number, title, length) VALUES (689, 373, 373, 10, 'Girls Just Want to Have Fun', '0:3:42');
INSERT INTO tracks (artist_id, album_id, release_id, number, title, length) VALUES (689, 373, 373, 11, 'Walking on Sunshine', '0:3:47');
INSERT INTO tracks (artist_id, album_id, release_id, number, title, length) VALUES (689, 373, 373, 12, 'One Night in Bangkok', '0:3:53');
INSERT INTO artists (name) VALUES ('Methane');
INSERT INTO albums (artist_id, title, year) VALUES (690, 'Methane', '1900-01-01');
INSERT INTO releases (album_id, description, year) VALUES (374, 'Standard CD', '1900-01-01');
INSERT INTO tracks (artist_id, album_id, release_id, number, title, length) VALUES (690, 374, 374, 1, 'Servant', '0:5:5');
INSERT INTO tracks (artist_id, album_id, release_id, number, title, length) VALUES (690, 374, 374, 2, 'One Step', '0:4:25');
INSERT INTO tracks (artist_id, album_id, release_id, number, title, length) VALUES (690, 374, 374, 3, 'Keeper', '0:6:33');
INSERT INTO tracks (artist_id, album_id, release_id, number, title, length) VALUES (690, 374, 374, 4, 'Satin', '0:3:49');
INSERT INTO tracks (artist_id, album_id, release_id, number, title, length) VALUES (690, 374, 374, 5, 'Retina', '0:7:28');
INSERT INTO tracks (artist_id, album_id, release_id, number, title, length) VALUES (690, 374, 374, 6, 'Eleven', '0:5:37');
INSERT INTO tracks (artist_id, album_id, release_id, number, title, length) VALUES (690, 374, 374, 7, 'Mirage', '0:5:40');
INSERT INTO tracks (artist_id, album_id, release_id, number, title, length) VALUES (690, 374, 374, 8, 'Patbeiic', '0:5:52');
INSERT INTO artists (name) VALUES ('Jesus Christ Superfly');
INSERT INTO albums (artist_id, title, year) VALUES (691, 'I Don''t Wanna Be Crazy', '1900-01-01');
INSERT INTO releases (album_id, description, year) VALUES (375, 'Standard CD', '1900-01-01');
INSERT INTO tracks (artist_id, album_id, release_id, number, title, length) VALUES (691, 375, 375, 1, 'Twisted Up Inside', '0:1:52');
INSERT INTO tracks (artist_id, album_id, release_id, number, title, length) VALUES (691, 375, 375, 2, 'Tomorrow is Another Day', '0:0:54');
INSERT INTO tracks (artist_id, album_id, release_id, number, title, length) VALUES (691, 375, 375, 3, 'Walk Alone', '0:1:27');
INSERT INTO tracks (artist_id, album_id, release_id, number, title, length) VALUES (691, 375, 375, 4, 'It''s All About You', '0:2:22');
INSERT INTO tracks (artist_id, album_id, release_id, number, title, length) VALUES (691, 375, 375, 5, 'I Don''t Wanna Be Crazy', '0:2:8');
INSERT INTO tracks (artist_id, album_id, release_id, number, title, length) VALUES (691, 375, 375, 6, 'Action Girl', '0:2:36');
INSERT INTO tracks (artist_id, album_id, release_id, number, title, length) VALUES (691, 375, 375, 7, 'Erotic Neurotic', '0:3:48');
INSERT INTO tracks (artist_id, album_id, release_id, number, title, length) VALUES (691, 375, 375, 8, 'Treat Her Right', '0:2:48');
INSERT INTO tracks (artist_id, album_id, release_id, number, title, length) VALUES (691, 375, 375, 9, 'Age of Anxiety', '0:2:1');
INSERT INTO tracks (artist_id, album_id, release_id, number, title, length) VALUES (691, 375, 375, 10, 'I Got Your Number', '0:2:17');
INSERT INTO tracks (artist_id, album_id, release_id, number, title, length) VALUES (691, 375, 375, 11, 'She''s The One', '0:2:20');
INSERT INTO artists (name) VALUES ('Secret Six');
INSERT INTO albums (artist_id, title, year) VALUES (692, 'Secret Six', '2005-01-01');
INSERT INTO releases (album_id, description, year) VALUES (376, 'Standard CD', '2005-01-01');
INSERT INTO tracks (artist_id, album_id, release_id, number, title, length) VALUES (692, 376, 376, 1, 'Remote Control', '0:4:19');
INSERT INTO tracks (artist_id, album_id, release_id, number, title, length) VALUES (692, 376, 376, 2, 'Heidi''s Eyes', '0:5:30');
INSERT INTO tracks (artist_id, album_id, release_id, number, title, length) VALUES (692, 376, 376, 3, 'Frogs in Winter', '0:2:57');
INSERT INTO tracks (artist_id, album_id, release_id, number, title, length) VALUES (692, 376, 376, 4, 'Gravity', '0:4:26');
INSERT INTO tracks (artist_id, album_id, release_id, number, title, length) VALUES (692, 376, 376, 5, 'I Will', '0:4:35');
INSERT INTO tracks (artist_id, album_id, release_id, number, title, length) VALUES (692, 376, 376, 6, 'Charade (In Your World)', '0:4:43');
INSERT INTO tracks (artist_id, album_id, release_id, number, title, length) VALUES (692, 376, 376, 7, 'Candelabra (As It Were)', '0:4:45');
INSERT INTO tracks (artist_id, album_id, release_id, number, title, length) VALUES (692, 376, 376, 8, 'Tip Your Bartender', '0:4:6');
INSERT INTO tracks (artist_id, album_id, release_id, number, title, length) VALUES (692, 376, 376, 9, 'M', '0:2:35');
INSERT INTO tracks (artist_id, album_id, release_id, number, title, length) VALUES (692, 376, 376, 10, 'Be Here I Am (Part I)', '0:1:2');
INSERT INTO tracks (artist_id, album_id, release_id, number, title, length) VALUES (692, 376, 376, 11, 'Be Here I Am (Part II)', '0:6:11');
INSERT INTO artists (name) VALUES ('Lost on Main St');
INSERT INTO albums (artist_id, title, year) VALUES (693, 'Lost on Main St', '2002-01-01');
INSERT INTO releases (album_id, description, year) VALUES (377, 'Standard CD', '2002-01-01');
INSERT INTO tracks (artist_id, album_id, release_id, number, title, length) VALUES (693, 377, 377, 1, 'Kids on the Bus', '0:3:11');
INSERT INTO tracks (artist_id, album_id, release_id, number, title, length) VALUES (693, 377, 377, 2, 'Fahrenheit', '0:5:13');
INSERT INTO tracks (artist_id, album_id, release_id, number, title, length) VALUES (693, 377, 377, 3, 'Instrumental', '0:3:37');
INSERT INTO tracks (artist_id, album_id, release_id, number, title, length) VALUES (693, 377, 377, 4, 'Unexamined Life', '0:1:32');
INSERT INTO tracks (artist_id, album_id, release_id, number, title, length) VALUES (693, 377, 377, 5, 'Spare Some (Social) Change', '0:4:47');
INSERT INTO tracks (artist_id, album_id, release_id, number, title, length) VALUES (693, 377, 377, 6, 'Sideline Vigilante', '0:3:4');
INSERT INTO tracks (artist_id, album_id, release_id, number, title, length) VALUES (693, 377, 377, 7, 'Take Action', '0:3:52');
INSERT INTO tracks (artist_id, album_id, release_id, number, title, length) VALUES (693, 377, 377, 8, 'Crash and Burn', '0:4:58');
INSERT INTO tracks (artist_id, album_id, release_id, number, title, length) VALUES (693, 377, 377, 9, 'First', '0:2:45');
INSERT INTO tracks (artist_id, album_id, release_id, number, title, length) VALUES (693, 377, 377, 10, 'Comet', '0:1:56');
INSERT INTO tracks (artist_id, album_id, release_id, number, title, length) VALUES (693, 377, 377, 11, 'California Bankroll', '0:3:28');
INSERT INTO tracks (artist_id, album_id, release_id, number, title, length) VALUES (693, 377, 377, 12, 'Where Were You in 82', '0:4:1');
INSERT INTO tracks (artist_id, album_id, release_id, number, title, length) VALUES (693, 377, 377, 13, 'Blinded', '0:3:34');
INSERT INTO tracks (artist_id, album_id, release_id, number, title, length) VALUES (693, 377, 377, 14, 'It''s Over', '0:9:29');
INSERT INTO artists (name) VALUES ('Step Sister');
INSERT INTO albums (artist_id, title, year) VALUES (694, 'Sugar Sweat 8-Track, Second Hand Smoke', '1999-01-01');
INSERT INTO releases (album_id, description, year) VALUES (378, 'Standard CD', '1999-01-01');
INSERT INTO tracks (artist_id, album_id, release_id, number, title, length) VALUES (694, 378, 378, 1, 'She Said', '0:4:14');
INSERT INTO tracks (artist_id, album_id, release_id, number, title, length) VALUES (694, 378, 378, 2, 'Joannah', '0:2:44');
INSERT INTO tracks (artist_id, album_id, release_id, number, title, length) VALUES (694, 378, 378, 3, 'Driven', '0:3:45');
INSERT INTO tracks (artist_id, album_id, release_id, number, title, length) VALUES (694, 378, 378, 4, 'Big Bad World', '0:4:57');
INSERT INTO tracks (artist_id, album_id, release_id, number, title, length) VALUES (694, 378, 378, 5, 'Hit', '0:2:7');
INSERT INTO tracks (artist_id, album_id, release_id, number, title, length) VALUES (694, 378, 378, 6, 'The Bad Sign', '0:3:46');
INSERT INTO tracks (artist_id, album_id, release_id, number, title, length) VALUES (694, 378, 378, 7, 'Catwalk', '0:2:48');
INSERT INTO tracks (artist_id, album_id, release_id, number, title, length) VALUES (694, 378, 378, 8, 'Sugar Sweet', '0:3:5');
INSERT INTO tracks (artist_id, album_id, release_id, number, title, length) VALUES (694, 378, 378, 9, 'She Said (version 2)', '0:3:37');
INSERT INTO tracks (artist_id, album_id, release_id, number, title, length) VALUES (694, 378, 378, 10, 'Hit (version 2)', '0:2:11');
INSERT INTO tracks (artist_id, album_id, release_id, number, title, length) VALUES (694, 378, 378, 11, 'Crowned', '0:4:11');
INSERT INTO tracks (artist_id, album_id, release_id, number, title, length) VALUES (694, 378, 378, 12, 'Coming Down Hard', '0:2:31');
INSERT INTO tracks (artist_id, album_id, release_id, number, title, length) VALUES (694, 378, 378, 13, 'Joannah', '0:2:46');
INSERT INTO tracks (artist_id, album_id, release_id, number, title, length) VALUES (694, 378, 378, 14, 'Halo', '0:3:8');
INSERT INTO tracks (artist_id, album_id, release_id, number, title, length) VALUES (694, 378, 378, 15, 'Crowned', '0:3:8');
INSERT INTO tracks (artist_id, album_id, release_id, number, title, length) VALUES (694, 378, 378, 16, 'Kent, Ohio', '0:2:49');
INSERT INTO tracks (artist_id, album_id, release_id, number, title, length) VALUES (694, 378, 378, 17, 'Hot Summer Night', '0:5:50');
INSERT INTO tracks (artist_id, album_id, release_id, number, title, length) VALUES (694, 378, 378, 18, 'Sister Dynamite', '0:2:57');
INSERT INTO tracks (artist_id, album_id, release_id, number, title, length) VALUES (694, 378, 378, 19, 'Anything At All', '0:5:57');
INSERT INTO artists (name) VALUES ('Usher');
INSERT INTO albums (artist_id, title, year) VALUES (695, '8701', '2001-01-01');
INSERT INTO releases (album_id, description, year) VALUES (379, 'Standard CD', '2001-01-01');
INSERT INTO tracks (artist_id, album_id, release_id, number, title, length) VALUES (695, 379, 379, 1, 'Intro-lude 8701', '0:0:44');
INSERT INTO tracks (artist_id, album_id, release_id, number, title, length) VALUES (695, 379, 379, 2, 'U Remind Me', '0:4:26');
INSERT INTO tracks (artist_id, album_id, release_id, number, title, length) VALUES (695, 379, 379, 3, 'I Don''t Know (feat P Diddy)', '0:4:26');
INSERT INTO tracks (artist_id, album_id, release_id, number, title, length) VALUES (695, 379, 379, 4, 'Twork It Out', '0:4:42');
INSERT INTO tracks (artist_id, album_id, release_id, number, title, length) VALUES (695, 379, 379, 5, 'U Got It Bad', '0:4:7');
INSERT INTO tracks (artist_id, album_id, release_id, number, title, length) VALUES (695, 379, 379, 6, 'If I Want To', '0:3:46');
INSERT INTO tracks (artist_id, album_id, release_id, number, title, length) VALUES (695, 379, 379, 7, 'I Can''t Let U Go (feat Jermaine Dupri)', '0:3:28');
INSERT INTO tracks (artist_id, album_id, release_id, number, title, length) VALUES (695, 379, 379, 8, 'U Don''t Have To Call', '0:4:29');
INSERT INTO tracks (artist_id, album_id, release_id, number, title, length) VALUES (695, 379, 379, 9, 'Without U (Interlude)', '0:0:53');
INSERT INTO tracks (artist_id, album_id, release_id, number, title, length) VALUES (695, 379, 379, 10, 'Can U Help Me', '0:5:35');
INSERT INTO tracks (artist_id, album_id, release_id, number, title, length) VALUES (695, 379, 379, 11, 'How Do I Say', '0:5:39');
INSERT INTO tracks (artist_id, album_id, release_id, number, title, length) VALUES (695, 379, 379, 12, 'Hottest Thing', '0:3:49');
INSERT INTO tracks (artist_id, album_id, release_id, number, title, length) VALUES (695, 379, 379, 13, 'Good Ol'' Ghetto', '0:4:0');
INSERT INTO tracks (artist_id, album_id, release_id, number, title, length) VALUES (695, 379, 379, 14, 'U-Turn', '0:3:9');
INSERT INTO tracks (artist_id, album_id, release_id, number, title, length) VALUES (695, 379, 379, 15, 'U R The One', '0:3:56');
INSERT INTO artists (name) VALUES ('Gloria Estefan');
INSERT INTO albums (artist_id, title, year) VALUES (696, 'Into The Light', '1991-01-01');
INSERT INTO releases (album_id, description, year) VALUES (380, 'Standard CD', '1991-01-01');
INSERT INTO tracks (artist_id, album_id, release_id, number, title, length) VALUES (696, 380, 380, 1, 'Coming Out Of The Dark', '0:4:5');
INSERT INTO tracks (artist_id, album_id, release_id, number, title, length) VALUES (696, 380, 380, 2, 'Seal Our Fate', '0:4:25');
INSERT INTO tracks (artist_id, album_id, release_id, number, title, length) VALUES (696, 380, 380, 3, 'What Goes Around', '0:4:1');
INSERT INTO tracks (artist_id, album_id, release_id, number, title, length) VALUES (696, 380, 380, 4, 'Nayib''s Song (I Am Here For You)', '0:4:39');
INSERT INTO tracks (artist_id, album_id, release_id, number, title, length) VALUES (696, 380, 380, 5, 'Remember Me With Love', '0:4:36');
INSERT INTO tracks (artist_id, album_id, release_id, number, title, length) VALUES (696, 380, 380, 6, 'Heart With Your Name On It', '0:4:46');
INSERT INTO tracks (artist_id, album_id, release_id, number, title, length) VALUES (696, 380, 380, 7, 'Sex In The 90''s', '0:3:43');
INSERT INTO tracks (artist_id, album_id, release_id, number, title, length) VALUES (696, 380, 380, 8, 'Close My Eyes', '0:4:29');
INSERT INTO tracks (artist_id, album_id, release_id, number, title, length) VALUES (696, 380, 380, 9, 'Light Of Love', '0:3:52');
INSERT INTO tracks (artist_id, album_id, release_id, number, title, length) VALUES (696, 380, 380, 10, 'Can''t Forget You', '0:4:15');
INSERT INTO tracks (artist_id, album_id, release_id, number, title, length) VALUES (696, 380, 380, 11, 'Live For Loving You', '0:4:37');
INSERT INTO tracks (artist_id, album_id, release_id, number, title, length) VALUES (696, 380, 380, 12, 'Mama Yo Can''t Go', '0:3:33');
INSERT INTO tracks (artist_id, album_id, release_id, number, title, length) VALUES (696, 380, 380, 13, 'Desde La Oscuridad (Coming Out Of The Dark) (Spanish Version)', '0:4:9');
INSERT INTO albums (artist_id, title, year) VALUES (696, 'Cuts Both Ways', '1989-01-01');
INSERT INTO releases (album_id, description, year) VALUES (381, 'Standard CD', '1989-01-01');
INSERT INTO tracks (artist_id, album_id, release_id, number, title, length) VALUES (696, 381, 381, 1, 'Ay, Ay, I', '0:3:49');
INSERT INTO tracks (artist_id, album_id, release_id, number, title, length) VALUES (696, 381, 381, 2, 'Here We Are', '0:4:51');
INSERT INTO tracks (artist_id, album_id, release_id, number, title, length) VALUES (696, 381, 381, 3, 'Say', '0:3:41');
INSERT INTO tracks (artist_id, album_id, release_id, number, title, length) VALUES (696, 381, 381, 4, 'Think About You Now', '0:4:20');
INSERT INTO tracks (artist_id, album_id, release_id, number, title, length) VALUES (696, 381, 381, 5, 'Nothin'' New', '0:3:50');
INSERT INTO tracks (artist_id, album_id, release_id, number, title, length) VALUES (696, 381, 381, 6, 'Oye Mi Canto (Hear My Voice) (English Version)', '0:4:52');
INSERT INTO tracks (artist_id, album_id, release_id, number, title, length) VALUES (696, 381, 381, 7, 'Don''t Wanna Lose You', '0:4:11');
INSERT INTO tracks (artist_id, album_id, release_id, number, title, length) VALUES (696, 381, 381, 8, 'Get On Your Feet', '0:3:38');
INSERT INTO tracks (artist_id, album_id, release_id, number, title, length) VALUES (696, 381, 381, 9, 'Your Love Is Bad For Me', '0:3:50');
INSERT INTO tracks (artist_id, album_id, release_id, number, title, length) VALUES (696, 381, 381, 10, 'Cuts Both Ways', '0:3:16');
INSERT INTO tracks (artist_id, album_id, release_id, number, title, length) VALUES (696, 381, 381, 11, 'Oye Mi Canto (Spanish Version)', '0:4:58');
INSERT INTO tracks (artist_id, album_id, release_id, number, title, length) VALUES (696, 381, 381, 12, 'Si Voy A Perderte', '0:4:7');
INSERT INTO albums (artist_id, title, year) VALUES (696, 'Let It Loose', '1987-01-01');
INSERT INTO releases (album_id, description, year) VALUES (382, 'Standard CD', '1987-01-01');
INSERT INTO tracks (artist_id, album_id, release_id, number, title, length) VALUES (696, 382, 382, 1, 'Betcha Say That', '0:4:41');
INSERT INTO tracks (artist_id, album_id, release_id, number, title, length) VALUES (696, 382, 382, 2, 'Let It Loose', '0:2:51');
INSERT INTO tracks (artist_id, album_id, release_id, number, title, length) VALUES (696, 382, 382, 3, 'Can''t Stay Away From You', '0:3:58');
INSERT INTO tracks (artist_id, album_id, release_id, number, title, length) VALUES (696, 382, 382, 4, 'Give It Up', '0:3:1');
INSERT INTO tracks (artist_id, album_id, release_id, number, title, length) VALUES (696, 382, 382, 5, 'Surrender', '0:4:3');
INSERT INTO tracks (artist_id, album_id, release_id, number, title, length) VALUES (696, 382, 382, 6, 'Rhythm Is Gonna Get You', '0:3:57');
INSERT INTO tracks (artist_id, album_id, release_id, number, title, length) VALUES (696, 382, 382, 7, 'Love Toy', '0:4:33');
INSERT INTO tracks (artist_id, album_id, release_id, number, title, length) VALUES (696, 382, 382, 8, 'I Want You So Bad', '0:4:21');
INSERT INTO tracks (artist_id, album_id, release_id, number, title, length) VALUES (696, 382, 382, 9, '1-2-3', '0:3:32');
INSERT INTO tracks (artist_id, album_id, release_id, number, title, length) VALUES (696, 382, 382, 10, 'Anything For You', '0:3:44');
INSERT INTO artists (name) VALUES ('Tchaikovsky, Pjotr Ilyich');
INSERT INTO albums (artist_id, title, year) VALUES (697, 'The Masterpiece Collection Vol 9', '1900-01-01');
INSERT INTO releases (album_id, description, year) VALUES (383, 'Standard CD', '1900-01-01');
INSERT INTO tracks (artist_id, album_id, release_id, number, title, length) VALUES (697, 383, 383, 1, 'Overture 1812 Op 49', '0:15:34');
INSERT INTO tracks (artist_id, album_id, release_id, number, title, length) VALUES (697, 383, 383, 2, 'Piano Concerto No 1', '0:4:14');
INSERT INTO tracks (artist_id, album_id, release_id, number, title, length) VALUES (697, 383, 383, 3, 'Waltz from Serenade For Strings', '0:3:58');
INSERT INTO tracks (artist_id, album_id, release_id, number, title, length) VALUES (697, 383, 383, 4, 'Violin Concerto In D Major Op 35 - Canzonetta - Adante', '0:6:52');
INSERT INTO tracks (artist_id, album_id, release_id, number, title, length) VALUES (697, 383, 383, 5, 'Marche Slave', '0:9:41');
INSERT INTO tracks (artist_id, album_id, release_id, number, title, length) VALUES (697, 383, 383, 6, 'Waltz From The Sleeping Beauty', '0:4:25');
INSERT INTO tracks (artist_id, album_id, release_id, number, title, length) VALUES (697, 383, 383, 7, 'Capriccio Italien Op 45', '0:15:2');
INSERT INTO tracks (artist_id, album_id, release_id, number, title, length) VALUES (697, 383, 383, 8, 'Wedding Dance From Swan Lake Suite Op 20', '0:2:10');
INSERT INTO artists (name) VALUES ('The Bruno Bertone Orchestra');
INSERT INTO albums (artist_id, title, year) VALUES (698, 'Music Of The Star Wars Saga', '1999-01-01');
INSERT INTO releases (album_id, description, year) VALUES (384, 'Standard CD', '1999-01-01');
INSERT INTO tracks (artist_id, album_id, release_id, number, title, length) VALUES (698, 384, 384, 1, 'Queen Amidala - The Naboo Palace', '0:4:0');
INSERT INTO tracks (artist_id, album_id, release_id, number, title, length) VALUES (698, 384, 384, 2, 'The Droid Invasion - The Appearance Of Dath Maul', '0:5:23');
INSERT INTO tracks (artist_id, album_id, release_id, number, title, length) VALUES (698, 384, 384, 3, 'Qui-Gon''s Noble End', '0:3:52');
INSERT INTO tracks (artist_id, album_id, release_id, number, title, length) VALUES (698, 384, 384, 4, 'The High Council Meeting - Qui Gon''s Funeral', '0:3:7');
INSERT INTO tracks (artist_id, album_id, release_id, number, title, length) VALUES (698, 384, 384, 5, 'Augie''s Great Municipal Band -  End Credits', '0:9:47');
INSERT INTO tracks (artist_id, album_id, release_id, number, title, length) VALUES (698, 384, 384, 6, 'Yoda''s Theme', '0:3:36');
INSERT INTO tracks (artist_id, album_id, release_id, number, title, length) VALUES (698, 384, 384, 7, 'The Empire Strikes Back', '0:2:47');
INSERT INTO tracks (artist_id, album_id, release_id, number, title, length) VALUES (698, 384, 384, 8, 'March Of The Jedi Knights', '0:2:20');
INSERT INTO tracks (artist_id, album_id, release_id, number, title, length) VALUES (698, 384, 384, 9, 'Star Wars - Main Theme', '0:3:38');
INSERT INTO tracks (artist_id, album_id, release_id, number, title, length) VALUES (698, 384, 384, 10, 'Luke & Leia', '0:3:53');
INSERT INTO tracks (artist_id, album_id, release_id, number, title, length) VALUES (698, 384, 384, 11, 'Cantina Band', '0:4:6');
INSERT INTO tracks (artist_id, album_id, release_id, number, title, length) VALUES (698, 384, 384, 12, 'Return Of The Jedi', '0:3:52');
INSERT INTO artists (name) VALUES ('Verdi');
INSERT INTO albums (artist_id, title, year) VALUES (699, 'Highlights from Aida', '1991-01-01');
INSERT INTO releases (album_id, description, year) VALUES (385, 'Standard CD', '1991-01-01');
INSERT INTO tracks (artist_id, album_id, release_id, number, title, length) VALUES (699, 385, 385, 1, 'Ramfis--Si, corre voce', '0:1:37');
INSERT INTO tracks (artist_id, album_id, release_id, number, title, length) VALUES (699, 385, 385, 2, 'Radames--Se Quel guerrier io fossi!', '0:1:0');
INSERT INTO tracks (artist_id, album_id, release_id, number, title, length) VALUES (699, 385, 385, 3, 'Radames--Celeste Aida', '0:3:24');
INSERT INTO tracks (artist_id, album_id, release_id, number, title, length) VALUES (699, 385, 385, 4, 'Aida-Ritorna vincitor', '0:6:5');
INSERT INTO tracks (artist_id, album_id, release_id, number, title, length) VALUES (699, 385, 385, 5, 'Chor--Gloria all''Egitto', '0:2:23');
INSERT INTO tracks (artist_id, album_id, release_id, number, title, length) VALUES (699, 385, 385, 6, 'Marche Triomphale', '0:1:35');
INSERT INTO tracks (artist_id, album_id, release_id, number, title, length) VALUES (699, 385, 385, 7, 'Musica balletti', '0:4:10');
INSERT INTO tracks (artist_id, album_id, release_id, number, title, length) VALUES (699, 385, 385, 8, 'Aida--Qui Radames verra', '0:6:36');
INSERT INTO tracks (artist_id, album_id, release_id, number, title, length) VALUES (699, 385, 385, 9, 'Aida & Amonasro--Ceil! Mio padre Rivedrai le foreste imbalsamate', '0:8:15');
INSERT INTO tracks (artist_id, album_id, release_id, number, title, length) VALUES (699, 385, 385, 10, 'Amneris--Gia i sacerdoti adunansi Ah! Tu dei vivere', '0:7:26');
INSERT INTO tracks (artist_id, album_id, release_id, number, title, length) VALUES (699, 385, 385, 11, 'Radames, Aida--La fatal pietra soura me si chiuse O terra, addio', '0:10:48');
INSERT INTO albums (artist_id, title, year) VALUES (699, 'Highlights from Rigoletto', '1991-01-01');
INSERT INTO releases (album_id, description, year) VALUES (386, 'Standard CD', '1991-01-01');
INSERT INTO tracks (artist_id, album_id, release_id, number, title, length) VALUES (699, 386, 386, 1, 'Prelude', '0:2:25');
INSERT INTO tracks (artist_id, album_id, release_id, number, title, length) VALUES (699, 386, 386, 2, 'Duca--Questa o quella', '0:1:46');
INSERT INTO tracks (artist_id, album_id, release_id, number, title, length) VALUES (699, 386, 386, 3, 'Rigoletto & Sparafucile--Quel vechio maledivami!  Signore', '0:4:54');
INSERT INTO tracks (artist_id, album_id, release_id, number, title, length) VALUES (699, 386, 386, 4, 'Rigoletto--Pari siamo!', '0:4:3');
INSERT INTO tracks (artist_id, album_id, release_id, number, title, length) VALUES (699, 386, 386, 5, 'Rigoletto & Gilda--Figlia! mio padre!', '0:4:56');
INSERT INTO tracks (artist_id, album_id, release_id, number, title, length) VALUES (699, 386, 386, 6, 'Gilda & Rigoletto--Gia da tru lune son qui venduta Mai! Mai!', '0:2:52');
INSERT INTO tracks (artist_id, album_id, release_id, number, title, length) VALUES (699, 386, 386, 7, 'Gilda & Duca--Giovanna, ho dei rimorsi', '0:2:52');
INSERT INTO tracks (artist_id, album_id, release_id, number, title, length) VALUES (699, 386, 386, 8, 'Duca--E ilsol de! l''anima', '0:2:49');
INSERT INTO tracks (artist_id, album_id, release_id, number, title, length) VALUES (699, 386, 386, 9, 'Duca--Che m''ami, deh!  Repetimi', '0:0:55');
INSERT INTO tracks (artist_id, album_id, release_id, number, title, length) VALUES (699, 386, 386, 10, 'Gilda--Gualtier Maldo'' Caro nome', '0:6:11');
INSERT INTO tracks (artist_id, album_id, release_id, number, title, length) VALUES (699, 386, 386, 11, 'Duca--La donna e mobile', '0:2:11');
INSERT INTO tracks (artist_id, album_id, release_id, number, title, length) VALUES (699, 386, 386, 12, 'Duca--Un di, se be rammentomi', '0:1:28');
INSERT INTO tracks (artist_id, album_id, release_id, number, title, length) VALUES (699, 386, 386, 13, 'Duca--Bella figlia dell amore', '0:4:15');
INSERT INTO tracks (artist_id, album_id, release_id, number, title, length) VALUES (699, 386, 386, 14, 'Rigoletto--Chi e mai, chi e qui in sua vece', '0:1:55');
INSERT INTO tracks (artist_id, album_id, release_id, number, title, length) VALUES (699, 386, 386, 15, 'Gilda--V''ho ingannato, colpevole fui', '0:4:45');
INSERT INTO albums (artist_id, title, year) VALUES (341, 'Ask Questions Later', '1993-01-01');
INSERT INTO releases (album_id, description, year) VALUES (387, 'Standard CD', '1993-01-01');
INSERT INTO tracks (artist_id, album_id, release_id, number, title, length) VALUES (341, 387, 387, 1, 'Surprise, Surprise', '0:4:58');
INSERT INTO tracks (artist_id, album_id, release_id, number, title, length) VALUES (341, 387, 387, 2, 'Room 429', '0:5:8');
INSERT INTO tracks (artist_id, album_id, release_id, number, title, length) VALUES (341, 387, 387, 3, 'Nowhere', '0:4:12');
INSERT INTO tracks (artist_id, album_id, release_id, number, title, length) VALUES (341, 387, 387, 4, 'Migration', '0:1:26');
INSERT INTO tracks (artist_id, album_id, release_id, number, title, length) VALUES (341, 387, 387, 5, 'Cut To The Chase', '0:4:7');
INSERT INTO tracks (artist_id, album_id, release_id, number, title, length) VALUES (341, 387, 387, 7, 'Seattle', '0:1:38');
INSERT INTO tracks (artist_id, album_id, release_id, number, title, length) VALUES (341, 387, 387, 8, 'Furnace', '0:4:59');
INSERT INTO tracks (artist_id, album_id, release_id, number, title, length) VALUES (341, 387, 387, 9, 'Israeli Dig', '0:2:11');
INSERT INTO tracks (artist_id, album_id, release_id, number, title, length) VALUES (341, 387, 387, 10, 'Cause And Effect', '0:3:15');
INSERT INTO tracks (artist_id, album_id, release_id, number, title, length) VALUES (341, 387, 387, 11, 'Got No Soul', '0:5:16');
INSERT INTO tracks (artist_id, album_id, release_id, number, title, length) VALUES (341, 387, 387, 12, 'Everybody Loves You', '0:2:34');
INSERT INTO tracks (artist_id, album_id, release_id, number, title, length) VALUES (341, 387, 387, 13, 'All The Clocks Are Broken', '0:5:18');
INSERT INTO tracks (artist_id, album_id, release_id, number, title, length) VALUES (341, 387, 387, 14, 'Untitled', '0:2:12');
INSERT INTO artists (name) VALUES ('Joboj');
INSERT INTO albums (artist_id, title, year) VALUES (700, 'X', '2002-01-01');
INSERT INTO releases (album_id, description, year) VALUES (388, 'Standard CD', '2002-01-01');
INSERT INTO tracks (artist_id, album_id, release_id, number, title, length) VALUES (700, 388, 388, 1, 'Chest Compression v6', '0:2:22');
INSERT INTO tracks (artist_id, album_id, release_id, number, title, length) VALUES (700, 388, 388, 2, 'X', '0:3:0');
INSERT INTO tracks (artist_id, album_id, release_id, number, title, length) VALUES (700, 388, 388, 3, 'Vulcanized Rubberneck', '0:3:24');
INSERT INTO tracks (artist_id, album_id, release_id, number, title, length) VALUES (700, 388, 388, 4, 'Condiment Bomb', '0:4:16');
INSERT INTO tracks (artist_id, album_id, release_id, number, title, length) VALUES (700, 388, 388, 5, 'Zero', '0:4:54');
INSERT INTO tracks (artist_id, album_id, release_id, number, title, length) VALUES (700, 388, 388, 6, 'Blackthumb', '0:1:28');
INSERT INTO tracks (artist_id, album_id, release_id, number, title, length) VALUES (700, 388, 388, 7, 'Bitch', '0:4:2');
INSERT INTO tracks (artist_id, album_id, release_id, number, title, length) VALUES (700, 388, 388, 8, 'Stool', '0:3:16');
INSERT INTO tracks (artist_id, album_id, release_id, number, title, length) VALUES (700, 388, 388, 9, 'Tryptophen Junkie', '0:4:27');
INSERT INTO tracks (artist_id, album_id, release_id, number, title, length) VALUES (700, 388, 388, 10, 'Uniblab', '0:3:17');
INSERT INTO tracks (artist_id, album_id, release_id, number, title, length) VALUES (700, 388, 388, 11, 'Killjoy Warp Speed', '0:5:45');
INSERT INTO tracks (artist_id, album_id, release_id, number, title, length) VALUES (700, 388, 388, 12, 'Screaming Chicken', '0:2:21');
INSERT INTO artists (name) VALUES ('Human League');
INSERT INTO albums (artist_id, title, year) VALUES (701, 'Octopus', '1995-01-01');
INSERT INTO releases (album_id, description, year) VALUES (389, 'Standard CD', '1995-01-01');
INSERT INTO tracks (artist_id, album_id, release_id, number, title, length) VALUES (701, 389, 389, 1, 'Tell Me When', '0:4:51');
INSERT INTO tracks (artist_id, album_id, release_id, number, title, length) VALUES (701, 389, 389, 2, 'These are the Days', '0:5:46');
INSERT INTO tracks (artist_id, album_id, release_id, number, title, length) VALUES (701, 389, 389, 3, 'One Man in My Heart', '0:4:5');
INSERT INTO tracks (artist_id, album_id, release_id, number, title, length) VALUES (701, 389, 389, 4, 'Words', '0:5:54');
INSERT INTO tracks (artist_id, album_id, release_id, number, title, length) VALUES (701, 389, 389, 5, 'Filling Up with Heaven', '0:4:21');
INSERT INTO tracks (artist_id, album_id, release_id, number, title, length) VALUES (701, 389, 389, 6, 'House Full of Nothing', '0:4:31');
INSERT INTO tracks (artist_id, album_id, release_id, number, title, length) VALUES (701, 389, 389, 7, 'John Cleese Is He Funny', '0:3:59');
INSERT INTO tracks (artist_id, album_id, release_id, number, title, length) VALUES (701, 389, 389, 8, 'Never Again', '0:4:42');
INSERT INTO tracks (artist_id, album_id, release_id, number, title, length) VALUES (701, 389, 389, 9, 'Cruel Young Lover', '0:6:57');
INSERT INTO artists (name) VALUES ('Number 9 Hard');
INSERT INTO albums (artist_id, title, year) VALUES (702, 'All Lubed Up And Ready To Go', '2009-01-01');
INSERT INTO releases (album_id, description, year) VALUES (390, 'Standard CD', '2009-01-01');
INSERT INTO tracks (artist_id, album_id, release_id, number, title, length) VALUES (702, 390, 390, 1, 'Don''t Bother', '0:3:21');
INSERT INTO tracks (artist_id, album_id, release_id, number, title, length) VALUES (702, 390, 390, 2, 'Pipebomb', '0:2:4');
INSERT INTO tracks (artist_id, album_id, release_id, number, title, length) VALUES (702, 390, 390, 3, 'Bass to the Face', '0:2:18');
INSERT INTO tracks (artist_id, album_id, release_id, number, title, length) VALUES (702, 390, 390, 4, 'House Party', '0:2:31');
INSERT INTO tracks (artist_id, album_id, release_id, number, title, length) VALUES (702, 390, 390, 5, 'Going Nowhere', '0:2:40');
INSERT INTO tracks (artist_id, album_id, release_id, number, title, length) VALUES (702, 390, 390, 6, 'Day After Day', '0:2:31');
INSERT INTO tracks (artist_id, album_id, release_id, number, title, length) VALUES (702, 390, 390, 7, 'Turn it Off', '0:2:0');
INSERT INTO tracks (artist_id, album_id, release_id, number, title, length) VALUES (702, 390, 390, 8, 'Brew City Punks', '0:2:43');
INSERT INTO tracks (artist_id, album_id, release_id, number, title, length) VALUES (702, 390, 390, 9, 'Today', '0:0:34');
INSERT INTO tracks (artist_id, album_id, release_id, number, title, length) VALUES (702, 390, 390, 10, 'All in My Head', '0:1:52');
INSERT INTO tracks (artist_id, album_id, release_id, number, title, length) VALUES (702, 390, 390, 11, 'It''s a Lie', '0:1:42');
INSERT INTO tracks (artist_id, album_id, release_id, number, title, length) VALUES (702, 390, 390, 12, 'Go Away', '0:1:30');
INSERT INTO tracks (artist_id, album_id, release_id, number, title, length) VALUES (702, 390, 390, 13, 'Dead End Job', '0:1:45');
INSERT INTO tracks (artist_id, album_id, release_id, number, title, length) VALUES (702, 390, 390, 14, 'Get Smashed and Party', '0:2:39');
INSERT INTO tracks (artist_id, album_id, release_id, number, title, length) VALUES (702, 390, 390, 15, 'If I Had a Midget', '0:2:31');
INSERT INTO artists (name) VALUES ('New Order');
INSERT INTO albums (artist_id, title, year) VALUES (703, 'Substance', '1987-01-01');
INSERT INTO releases (album_id, description, year) VALUES (391, 'Standard CD', '1987-01-01');
INSERT INTO tracks (artist_id, album_id, release_id, number, title, length) VALUES (703, 391, 391, 1, 'Ceremony', '0:4:23');
INSERT INTO tracks (artist_id, album_id, release_id, number, title, length) VALUES (703, 391, 391, 2, 'Everything''s Gone Green', '0:5:30');
INSERT INTO tracks (artist_id, album_id, release_id, number, title, length) VALUES (703, 391, 391, 3, 'Temptation', '0:6:59');
INSERT INTO tracks (artist_id, album_id, release_id, number, title, length) VALUES (703, 391, 391, 4, 'Blue Monday', '0:7:29');
INSERT INTO tracks (artist_id, album_id, release_id, number, title, length) VALUES (703, 391, 391, 5, 'Confusion', '0:4:43');
INSERT INTO tracks (artist_id, album_id, release_id, number, title, length) VALUES (703, 391, 391, 6, 'Thieves Like Us', '0:6:36');
INSERT INTO tracks (artist_id, album_id, release_id, number, title, length) VALUES (703, 391, 391, 7, 'Perfect Kiss', '0:8:2');
INSERT INTO tracks (artist_id, album_id, release_id, number, title, length) VALUES (703, 391, 391, 8, 'Subculture', '0:4:48');
INSERT INTO tracks (artist_id, album_id, release_id, number, title, length) VALUES (703, 391, 391, 9, 'Shellshock', '0:6:28');
INSERT INTO tracks (artist_id, album_id, release_id, number, title, length) VALUES (703, 391, 391, 10, 'State Of The Nation', '0:6:32');
INSERT INTO tracks (artist_id, album_id, release_id, number, title, length) VALUES (703, 391, 391, 11, 'Bizarre Love Triangle', '0:6:44');
INSERT INTO tracks (artist_id, album_id, release_id, number, title, length) VALUES (703, 391, 391, 12, 'True Faith', '0:5:51');
INSERT INTO tracks (artist_id, album_id, release_id, number, title, length) VALUES (703, 391, 391, 1, 'In a Lonely Place', '0:6:16');
INSERT INTO tracks (artist_id, album_id, release_id, number, title, length) VALUES (703, 391, 391, 2, 'Procession', '0:4:28');
INSERT INTO tracks (artist_id, album_id, release_id, number, title, length) VALUES (703, 391, 391, 3, 'Cries and Whispers', '0:3:25');
INSERT INTO tracks (artist_id, album_id, release_id, number, title, length) VALUES (703, 391, 391, 4, 'Hurt', '0:6:58');
INSERT INTO tracks (artist_id, album_id, release_id, number, title, length) VALUES (703, 391, 391, 5, 'The Beach', '0:7:19');
INSERT INTO tracks (artist_id, album_id, release_id, number, title, length) VALUES (703, 391, 391, 6, 'Confusion', '0:7:38');
INSERT INTO tracks (artist_id, album_id, release_id, number, title, length) VALUES (703, 391, 391, 7, 'Lonesome Tonight', '0:5:11');
INSERT INTO tracks (artist_id, album_id, release_id, number, title, length) VALUES (703, 391, 391, 8, 'Murder', '0:3:55');
INSERT INTO tracks (artist_id, album_id, release_id, number, title, length) VALUES (703, 391, 391, 9, 'Thieves Like Us', '0:6:57');
INSERT INTO tracks (artist_id, album_id, release_id, number, title, length) VALUES (703, 391, 391, 10, 'Kiss of Death', '0:7:2');
INSERT INTO tracks (artist_id, album_id, release_id, number, title, length) VALUES (703, 391, 391, 11, 'Shame of the Nation', '0:7:54');
INSERT INTO tracks (artist_id, album_id, release_id, number, title, length) VALUES (703, 391, 391, 12, '1963', '0:5:33');
INSERT INTO artists (name) VALUES ('Azonic');
INSERT INTO albums (artist_id, title, year) VALUES (704, 'Halo', '1994-01-01');
INSERT INTO releases (album_id, description, year) VALUES (392, 'Standard CD', '1994-01-01');
INSERT INTO tracks (artist_id, album_id, release_id, number, title, length) VALUES (704, 392, 392, 1, 'Beyond the Pale', '0:10:16');
INSERT INTO tracks (artist_id, album_id, release_id, number, title, length) VALUES (704, 392, 392, 2, 'Shore', '0:12:33');
INSERT INTO tracks (artist_id, album_id, release_id, number, title, length) VALUES (704, 392, 392, 3, 'Headwaters', '0:11:25');
INSERT INTO tracks (artist_id, album_id, release_id, number, title, length) VALUES (704, 392, 392, 4, 'Raze', '0:11:50');
INSERT INTO artists (name) VALUES ('Boyzone');
INSERT INTO albums (artist_id, title, year) VALUES (705, 'Where We Belong', '1998-01-01');
INSERT INTO releases (album_id, description, year) VALUES (393, 'Standard CD', '1998-01-01');
INSERT INTO tracks (artist_id, album_id, release_id, number, title, length) VALUES (705, 393, 393, 1, 'I''ll Never Not Need You', '0:4:15');
INSERT INTO tracks (artist_id, album_id, release_id, number, title, length) VALUES (705, 393, 393, 2, 'Walk On (So They Told Me)', '0:3:29');
INSERT INTO tracks (artist_id, album_id, release_id, number, title, length) VALUES (705, 393, 393, 3, 'All The Time In The World', '0:4:17');
INSERT INTO tracks (artist_id, album_id, release_id, number, title, length) VALUES (705, 393, 393, 4, 'No Matter What', '0:4:38');
INSERT INTO tracks (artist_id, album_id, release_id, number, title, length) VALUES (705, 393, 393, 5, 'Picture Of You', '0:3:29');
INSERT INTO tracks (artist_id, album_id, release_id, number, title, length) VALUES (705, 393, 393, 6, 'Baby Can I Hold You', '0:3:18');
INSERT INTO tracks (artist_id, album_id, release_id, number, title, length) VALUES (705, 393, 393, 7, 'All That I Need', '0:3:46');
INSERT INTO tracks (artist_id, album_id, release_id, number, title, length) VALUES (705, 393, 393, 8, 'One Kiss At A Time', '0:4:7');
INSERT INTO tracks (artist_id, album_id, release_id, number, title, length) VALUES (705, 393, 393, 9, 'And I', '0:4:3');
INSERT INTO tracks (artist_id, album_id, release_id, number, title, length) VALUES (705, 393, 393, 10, 'That''s How Love Goes', '0:3:53');
INSERT INTO tracks (artist_id, album_id, release_id, number, title, length) VALUES (705, 393, 393, 11, 'Where Did You Go', '0:4:41');
INSERT INTO tracks (artist_id, album_id, release_id, number, title, length) VALUES (705, 393, 393, 12, 'Will Be Yours', '0:3:39');
INSERT INTO tracks (artist_id, album_id, release_id, number, title, length) VALUES (705, 393, 393, 13, 'Must Have Been High', '0:3:27');
INSERT INTO tracks (artist_id, album_id, release_id, number, title, length) VALUES (705, 393, 393, 14, 'You Flew Away', '0:4:22');
INSERT INTO tracks (artist_id, album_id, release_id, number, title, length) VALUES (705, 393, 393, 15, 'I Love The Way You Love Me', '0:3:50');
INSERT INTO artists (name) VALUES ('Jack Endino');
INSERT INTO albums (artist_id, title, year) VALUES (706, 'Permanent Fatal Error', '2005-01-01');
INSERT INTO releases (album_id, description, year) VALUES (394, 'Standard CD', '2005-01-01');
INSERT INTO tracks (artist_id, album_id, release_id, number, title, length) VALUES (706, 394, 394, 1, 'Count Me Out', '0:2:59');
INSERT INTO tracks (artist_id, album_id, release_id, number, title, length) VALUES (706, 394, 394, 2, 'Strangelove', '0:3:56');
INSERT INTO tracks (artist_id, album_id, release_id, number, title, length) VALUES (706, 394, 394, 3, 'Elusive', '0:2:27');
INSERT INTO tracks (artist_id, album_id, release_id, number, title, length) VALUES (706, 394, 394, 4, 'Only Way For Me', '0:5:10');
INSERT INTO tracks (artist_id, album_id, release_id, number, title, length) VALUES (706, 394, 394, 5, 'Permanent Fatal Error', '0:2:45');
INSERT INTO tracks (artist_id, album_id, release_id, number, title, length) VALUES (706, 394, 394, 6, 'Follow The Sun', '0:3:39');
INSERT INTO tracks (artist_id, album_id, release_id, number, title, length) VALUES (706, 394, 394, 7, 'Bait', '0:2:21');
INSERT INTO tracks (artist_id, album_id, release_id, number, title, length) VALUES (706, 394, 394, 8, 'Reach', '0:4:44');
INSERT INTO tracks (artist_id, album_id, release_id, number, title, length) VALUES (706, 394, 394, 9, 'Get Out', '0:2:8');
INSERT INTO tracks (artist_id, album_id, release_id, number, title, length) VALUES (706, 394, 394, 10, 'Van Allen Wrench', '0:2:23');
INSERT INTO tracks (artist_id, album_id, release_id, number, title, length) VALUES (706, 394, 394, 11, 'Waiting', '0:4:5');
INSERT INTO tracks (artist_id, album_id, release_id, number, title, length) VALUES (706, 394, 394, 12, 'Schwang', '0:2:29');
INSERT INTO tracks (artist_id, album_id, release_id, number, title, length) VALUES (706, 394, 394, 13, 'Flight Of The Wax Tadpole', '0:2:48');
INSERT INTO tracks (artist_id, album_id, release_id, number, title, length) VALUES (706, 394, 394, 14, 'Swallow The Acid', '0:5:8');
INSERT INTO tracks (artist_id, album_id, release_id, number, title, length) VALUES (706, 394, 394, 15, 'Bringing Me Down', '0:4:55');
INSERT INTO tracks (artist_id, album_id, release_id, number, title, length) VALUES (706, 394, 394, 16, 'Untitled', '0:2:38');
INSERT INTO artists (name) VALUES ('Fastbacks');
INSERT INTO albums (artist_id, title, year) VALUES (707, 'Zucker', '1993-01-01');
INSERT INTO releases (album_id, description, year) VALUES (395, 'Standard CD', '1993-01-01');
INSERT INTO tracks (artist_id, album_id, release_id, number, title, length) VALUES (707, 395, 395, 1, 'Believe Me Never', '0:3:3');
INSERT INTO tracks (artist_id, album_id, release_id, number, title, length) VALUES (707, 395, 395, 2, 'Gone To The Moon', '0:1:50');
INSERT INTO tracks (artist_id, album_id, release_id, number, title, length) VALUES (707, 395, 395, 3, 'Hung On A Bad Peg', '0:1:46');
INSERT INTO tracks (artist_id, album_id, release_id, number, title, length) VALUES (707, 395, 395, 4, 'Under The Old Lightbulb', '0:1:35');
INSERT INTO tracks (artist_id, album_id, release_id, number, title, length) VALUES (707, 395, 395, 5, 'Never Heard Of Him', '0:1:47');
INSERT INTO tracks (artist_id, album_id, release_id, number, title, length) VALUES (707, 395, 395, 6, 'When I''m Old', '0:3:37');
INSERT INTO tracks (artist_id, album_id, release_id, number, title, length) VALUES (707, 395, 395, 7, 'All About Nothing', '0:2:27');
INSERT INTO tracks (artist_id, album_id, release_id, number, title, length) VALUES (707, 395, 395, 8, 'Bill Challenger', '0:1:17');
INSERT INTO tracks (artist_id, album_id, release_id, number, title, length) VALUES (707, 395, 395, 9, 'Parts', '0:1:46');
INSERT INTO tracks (artist_id, album_id, release_id, number, title, length) VALUES (707, 395, 395, 10, 'Kind Of Game', '0:2:35');
INSERT INTO tracks (artist_id, album_id, release_id, number, title, length) VALUES (707, 395, 395, 11, 'They Don''t Care', '0:2:32');
INSERT INTO tracks (artist_id, album_id, release_id, number, title, length) VALUES (707, 395, 395, 12, 'Please Read Me', '0:2:6');
INSERT INTO tracks (artist_id, album_id, release_id, number, title, length) VALUES (707, 395, 395, 13, 'Save Room For Me', '0:3:13');
INSERT INTO tracks (artist_id, album_id, release_id, number, title, length) VALUES (707, 395, 395, 14, 'That Was', '0:3:8');
INSERT INTO artists (name) VALUES ('Anapparatus');
INSERT INTO albums (artist_id, title, year) VALUES (708, 'Through the Eyes of Assailants', '2004-01-01');
INSERT INTO releases (album_id, description, year) VALUES (396, 'Standard CD', '2004-01-01');
INSERT INTO tracks (artist_id, album_id, release_id, number, title, length) VALUES (708, 396, 396, 1, 'Preface', '0:1:15');
INSERT INTO tracks (artist_id, album_id, release_id, number, title, length) VALUES (708, 396, 396, 2, 'Scars of Seperation', '0:2:43');
INSERT INTO tracks (artist_id, album_id, release_id, number, title, length) VALUES (708, 396, 396, 3, 'Within Nightmares', '0:1:59');
INSERT INTO tracks (artist_id, album_id, release_id, number, title, length) VALUES (708, 396, 396, 4, 'The Inner Workings of Jealousy', '0:1:59');
INSERT INTO tracks (artist_id, album_id, release_id, number, title, length) VALUES (708, 396, 396, 5, 'The Isolated Sound of Jealousy', '0:1:58');
INSERT INTO tracks (artist_id, album_id, release_id, number, title, length) VALUES (708, 396, 396, 6, 'Your Deity is a Shopping', '0:3:30');
INSERT INTO tracks (artist_id, album_id, release_id, number, title, length) VALUES (708, 396, 396, 7, 'The Face Above Deception', '0:2:43');
INSERT INTO tracks (artist_id, album_id, release_id, number, title, length) VALUES (708, 396, 396, 8, 'Escapism', '0:6:6');
INSERT INTO albums (artist_id, title, year) VALUES (356, 'Runnin'' Wild', '2008-01-01');
INSERT INTO releases (album_id, description, year) VALUES (397, 'Standard CD', '2008-01-01');
INSERT INTO tracks (artist_id, album_id, release_id, number, title, length) VALUES (356, 397, 397, 1, 'Stand Up For Rock ''N'' Roll', '0:4:1');
INSERT INTO tracks (artist_id, album_id, release_id, number, title, length) VALUES (356, 397, 397, 2, 'Runnin'' Wild', '0:3:38');
INSERT INTO tracks (artist_id, album_id, release_id, number, title, length) VALUES (356, 397, 397, 3, 'Too Much, Too Young, Too Fast', '0:3:42');
INSERT INTO tracks (artist_id, album_id, release_id, number, title, length) VALUES (356, 397, 397, 4, 'Diamond In The Rough', '0:2:53');
INSERT INTO tracks (artist_id, album_id, release_id, number, title, length) VALUES (356, 397, 397, 5, 'Fat City', '0:3:26');
INSERT INTO tracks (artist_id, album_id, release_id, number, title, length) VALUES (356, 397, 397, 6, 'Blackjack', '0:2:42');
INSERT INTO tracks (artist_id, album_id, release_id, number, title, length) VALUES (356, 397, 397, 7, 'What''s Eatin'' You', '0:3:36');
INSERT INTO tracks (artist_id, album_id, release_id, number, title, length) VALUES (356, 397, 397, 8, 'Girls In Black', '0:3:15');
INSERT INTO tracks (artist_id, album_id, release_id, number, title, length) VALUES (356, 397, 397, 9, 'Cheap Wine & Cheaper Women', '0:3:10');
INSERT INTO tracks (artist_id, album_id, release_id, number, title, length) VALUES (356, 397, 397, 10, 'Heartbreaker', '0:3:56');
INSERT INTO tracks (artist_id, album_id, release_id, number, title, length) VALUES (356, 397, 397, 11, 'Hellfire', '0:2:23');
INSERT INTO artists (name) VALUES ('Sans Sobriety');
INSERT INTO albums (artist_id, title, year) VALUES (709, 'Cooter Liquor', '1995-01-01');
INSERT INTO releases (album_id, description, year) VALUES (398, 'Standard CD', '1995-01-01');
INSERT INTO tracks (artist_id, album_id, release_id, number, title, length) VALUES (709, 398, 398, 1, 'Dropkick', '0:3:27');
INSERT INTO tracks (artist_id, album_id, release_id, number, title, length) VALUES (709, 398, 398, 2, 'Stupid Hippies', '0:3:8');
INSERT INTO tracks (artist_id, album_id, release_id, number, title, length) VALUES (709, 398, 398, 3, 'Everyday', '0:2:24');
INSERT INTO tracks (artist_id, album_id, release_id, number, title, length) VALUES (709, 398, 398, 4, 'Packing Jelly', '0:0:54');
INSERT INTO tracks (artist_id, album_id, release_id, number, title, length) VALUES (709, 398, 398, 5, 'JM', '0:4:4');
INSERT INTO tracks (artist_id, album_id, release_id, number, title, length) VALUES (709, 398, 398, 6, 'Tommy Song', '0:1:25');
INSERT INTO tracks (artist_id, album_id, release_id, number, title, length) VALUES (709, 398, 398, 7, 'Nice Day', '0:5:6');
INSERT INTO tracks (artist_id, album_id, release_id, number, title, length) VALUES (709, 398, 398, 8, 'Beg & Plea', '0:3:28');
INSERT INTO tracks (artist_id, album_id, release_id, number, title, length) VALUES (709, 398, 398, 9, 'Just Born Wisley', '0:5:16');
INSERT INTO tracks (artist_id, album_id, release_id, number, title, length) VALUES (709, 398, 398, 10, 'Day Sucker', '0:4:34');
INSERT INTO tracks (artist_id, album_id, release_id, number, title, length) VALUES (709, 398, 398, 11, 'Do Dad Do', '0:1:45');
INSERT INTO tracks (artist_id, album_id, release_id, number, title, length) VALUES (709, 398, 398, 12, 'Red Meat', '0:2:3');
INSERT INTO artists (name) VALUES ('Byrd Avenue');
INSERT INTO albums (artist_id, title, year) VALUES (710, 'Children at Play', '2005-01-01');
INSERT INTO releases (album_id, description, year) VALUES (399, 'Standard CD', '2005-01-01');
INSERT INTO tracks (artist_id, album_id, release_id, number, title, length) VALUES (710, 399, 399, 1, 'Wallow', '0:4:22');
INSERT INTO tracks (artist_id, album_id, release_id, number, title, length) VALUES (710, 399, 399, 2, 'Disregarding Everyone', '0:5:10');
INSERT INTO tracks (artist_id, album_id, release_id, number, title, length) VALUES (710, 399, 399, 3, 'Until Midnight', '0:5:27');
INSERT INTO tracks (artist_id, album_id, release_id, number, title, length) VALUES (710, 399, 399, 4, 'It''s Only Right', '0:6:29');
INSERT INTO tracks (artist_id, album_id, release_id, number, title, length) VALUES (710, 399, 399, 5, 'Hourglass', '0:4:51');
INSERT INTO tracks (artist_id, album_id, release_id, number, title, length) VALUES (710, 399, 399, 6, 'Nothing to Say', '0:4:35');
INSERT INTO tracks (artist_id, album_id, release_id, number, title, length) VALUES (710, 399, 399, 7, 'Mind''s Eye', '0:3:29');
INSERT INTO tracks (artist_id, album_id, release_id, number, title, length) VALUES (710, 399, 399, 8, 'Obstacles Await', '0:5:33');
INSERT INTO tracks (artist_id, album_id, release_id, number, title, length) VALUES (710, 399, 399, 9, 'Tonight', '0:3:53');
INSERT INTO tracks (artist_id, album_id, release_id, number, title, length) VALUES (710, 399, 399, 10, 'Disappear', '0:3:24');
INSERT INTO tracks (artist_id, album_id, release_id, number, title, length) VALUES (710, 399, 399, 11, 'Hold, Kiss, Kill, Fall', '0:4:37');
INSERT INTO tracks (artist_id, album_id, release_id, number, title, length) VALUES (710, 399, 399, 12, 'Hold, Kiss, Kill, Fall', '0:5:3');
INSERT INTO artists (name) VALUES ('ewh');
INSERT INTO albums (artist_id, title, year) VALUES (711, 'Complementary War Helmet', '2006-01-01');
INSERT INTO releases (album_id, description, year) VALUES (400, 'Standard CD', '2006-01-01');
INSERT INTO tracks (artist_id, album_id, release_id, number, title, length) VALUES (711, 400, 400, 1, 'Ashfoot on Suede', '0:5:44');
INSERT INTO tracks (artist_id, album_id, release_id, number, title, length) VALUES (711, 400, 400, 2, 'Mend You', '0:3:2');
INSERT INTO tracks (artist_id, album_id, release_id, number, title, length) VALUES (711, 400, 400, 3, 'Put the Hitch to Sleep', '0:4:39');
INSERT INTO tracks (artist_id, album_id, release_id, number, title, length) VALUES (711, 400, 400, 4, 'Sombreo', '0:4:40');
INSERT INTO tracks (artist_id, album_id, release_id, number, title, length) VALUES (711, 400, 400, 5, 'Unraveling Fate Drifter', '0:22:44');
INSERT INTO artists (name) VALUES ('VeggieTales');
INSERT INTO albums (artist_id, title, year) VALUES (712, 'Larry-Boy Soundtrack', '1999-01-01');
INSERT INTO releases (album_id, description, year) VALUES (401, 'Standard CD', '1999-01-01');
INSERT INTO tracks (artist_id, album_id, release_id, number, title, length) VALUES (712, 401, 401, 1, 'Cordial Greetings From Alfred', '0:1:18');
INSERT INTO tracks (artist_id, album_id, release_id, number, title, length) VALUES (712, 401, 401, 2, 'A Fib Falls and It''s Laura''s Fault', '0:1:51');
INSERT INTO tracks (artist_id, album_id, release_id, number, title, length) VALUES (712, 401, 401, 3, 'The Search and It''s Lennys Fault', '0:2:20');
INSERT INTO tracks (artist_id, album_id, release_id, number, title, length) VALUES (712, 401, 401, 4, 'The Fib Grows and The Water Tower', '0:3:16');
INSERT INTO tracks (artist_id, album_id, release_id, number, title, length) VALUES (712, 401, 401, 5, 'Junior Tells The Truth', '0:1:11');
INSERT INTO tracks (artist_id, album_id, release_id, number, title, length) VALUES (712, 401, 401, 6, 'Look Who''s Here To Help', '0:1:1');
INSERT INTO tracks (artist_id, album_id, release_id, number, title, length) VALUES (712, 401, 401, 7, 'Bumblyburg Groove Remix', '0:2:24');
INSERT INTO tracks (artist_id, album_id, release_id, number, title, length) VALUES (712, 401, 401, 8, 'Super Hero Slimdown Remix', '0:2:32');
INSERT INTO tracks (artist_id, album_id, release_id, number, title, length) VALUES (712, 401, 401, 9, 'Thanks, But No Thanks', '0:0:49');
INSERT INTO tracks (artist_id, album_id, release_id, number, title, length) VALUES (712, 401, 401, 10, 'Rumor Weed Introduction', '0:3:4');
INSERT INTO tracks (artist_id, album_id, release_id, number, title, length) VALUES (712, 401, 401, 11, 'The Seed Is Planted and The Rumor Spreads', '0:2:51');
INSERT INTO tracks (artist_id, album_id, release_id, number, title, length) VALUES (712, 401, 401, 12, 'The Rumor Weed Song', '0:2:23');
INSERT INTO tracks (artist_id, album_id, release_id, number, title, length) VALUES (712, 401, 401, 13, 'Larry Boy To The Rescue', '0:2:30');
INSERT INTO tracks (artist_id, album_id, release_id, number, title, length) VALUES (712, 401, 401, 14, 'The Sewer and Town Square', '0:4:11');
INSERT INTO tracks (artist_id, album_id, release_id, number, title, length) VALUES (712, 401, 401, 15, 'The Confession and The Bloom', '0:2:7');
INSERT INTO tracks (artist_id, album_id, release_id, number, title, length) VALUES (712, 401, 401, 16, 'It''s The W''s!', '0:0:47');
INSERT INTO tracks (artist_id, album_id, release_id, number, title, length) VALUES (712, 401, 401, 17, 'The Rumor Weed Song(By The W''s)', '0:2:22');
INSERT INTO tracks (artist_id, album_id, release_id, number, title, length) VALUES (712, 401, 401, 18, 'Ta-Ta!', '0:0:43');
INSERT INTO tracks (artist_id, album_id, release_id, number, title, length) VALUES (712, 401, 401, 19, 'Larry Boy Theme Song', '0:3:25');
INSERT INTO artists (name) VALUES ('Andrew Lloyd Webber');
INSERT INTO albums (artist_id, title, year) VALUES (713, 'Highlights from Phantom of the Opera', '1988-01-01');
INSERT INTO releases (album_id, description, year) VALUES (402, 'Standard CD', '1988-01-01');
INSERT INTO tracks (artist_id, album_id, release_id, number, title, length) VALUES (713, 402, 402, 1, 'Overture', '0:2:7');
INSERT INTO tracks (artist_id, album_id, release_id, number, title, length) VALUES (713, 402, 402, 2, 'Think of Me', '0:3:10');
INSERT INTO tracks (artist_id, album_id, release_id, number, title, length) VALUES (713, 402, 402, 3, 'Angel of Music', '0:2:20');
INSERT INTO tracks (artist_id, album_id, release_id, number, title, length) VALUES (713, 402, 402, 4, 'The Mirror (Angel of Music)', '0:1:57');
INSERT INTO tracks (artist_id, album_id, release_id, number, title, length) VALUES (713, 402, 402, 5, 'The Phantom of the Opera', '0:4:17');
INSERT INTO tracks (artist_id, album_id, release_id, number, title, length) VALUES (713, 402, 402, 6, 'The Music of the Night', '0:5:12');
INSERT INTO tracks (artist_id, album_id, release_id, number, title, length) VALUES (713, 402, 402, 7, 'Prima Donna', '0:3:48');
INSERT INTO tracks (artist_id, album_id, release_id, number, title, length) VALUES (713, 402, 402, 8, 'All I Ask of You', '0:6:39');
INSERT INTO tracks (artist_id, album_id, release_id, number, title, length) VALUES (713, 402, 402, 9, 'Entr''acte', '0:2:40');
INSERT INTO tracks (artist_id, album_id, release_id, number, title, length) VALUES (713, 402, 402, 10, 'Masquerade', '0:5:27');
INSERT INTO tracks (artist_id, album_id, release_id, number, title, length) VALUES (713, 402, 402, 11, 'Wishing You Were Somehow Here Again', '0:3:5');
INSERT INTO tracks (artist_id, album_id, release_id, number, title, length) VALUES (713, 402, 402, 12, 'The Point of No Return', '0:4:57');
INSERT INTO tracks (artist_id, album_id, release_id, number, title, length) VALUES (713, 402, 402, 13, 'Down Once More', '0:13:34');
INSERT INTO albums (artist_id, title, year) VALUES (713, 'Premiere Collection - The Best Of Andrew Lloyd Webber', '1988-01-01');
INSERT INTO releases (album_id, description, year) VALUES (403, 'Standard CD', '1988-01-01');
INSERT INTO tracks (artist_id, album_id, release_id, number, title, length) VALUES (713, 403, 403, 1, 'Phantom Of The Opera (from The Phantom Of The Opera)', '0:4:38');
INSERT INTO tracks (artist_id, album_id, release_id, number, title, length) VALUES (713, 403, 403, 2, 'Take That Look Off Your Face (from Tell Me On A Sunday)', '0:3:29');
INSERT INTO tracks (artist_id, album_id, release_id, number, title, length) VALUES (713, 403, 403, 3, 'All I Ask Of You (from The Phantom Of The Opera)', '0:4:11');
INSERT INTO tracks (artist_id, album_id, release_id, number, title, length) VALUES (713, 403, 403, 4, 'Don''t Cry For Me Argentina (from Evita)', '0:5:26');
INSERT INTO tracks (artist_id, album_id, release_id, number, title, length) VALUES (713, 403, 403, 5, 'Magical Mr Mistoffelees (from Cats)', '0:3:37');
INSERT INTO tracks (artist_id, album_id, release_id, number, title, length) VALUES (713, 403, 403, 6, 'Variations 1-4 (from Song & Dance)', '0:2:59');
INSERT INTO tracks (artist_id, album_id, release_id, number, title, length) VALUES (713, 403, 403, 7, 'Superstar (from Jesus Christ Superstar)', '0:4:18');
INSERT INTO tracks (artist_id, album_id, release_id, number, title, length) VALUES (713, 403, 403, 8, 'Memory (from Cats)', '0:4:16');
INSERT INTO tracks (artist_id, album_id, release_id, number, title, length) VALUES (713, 403, 403, 9, 'Starlight Express (from Starlight Express)', '0:5:4');
INSERT INTO tracks (artist_id, album_id, release_id, number, title, length) VALUES (713, 403, 403, 10, 'Tell Me On A Sunday (from Tell Me On A Sunday)', '0:3:29');
INSERT INTO tracks (artist_id, album_id, release_id, number, title, length) VALUES (713, 403, 403, 11, 'The Music Of The Night (from The Phantom Of The Opera)', '0:5:15');
INSERT INTO tracks (artist_id, album_id, release_id, number, title, length) VALUES (713, 403, 403, 14, 'Pie Jesu (from Requiem)', '0:3:56');
INSERT INTO tracks (artist_id, album_id, release_id, number, title, length) VALUES (713, 403, 403, 12, 'Another Suitcase In Another Hall (from Evita)', '0:3:1');
INSERT INTO albums (artist_id, title, year) VALUES (713, 'Requiem', '1985-01-01');
INSERT INTO releases (album_id, description, year) VALUES (404, 'Standard CD', '1985-01-01');
INSERT INTO tracks (artist_id, album_id, release_id, number, title, length) VALUES (713, 404, 404, 1, 'Requiem & Kyrie', '0:6:45');
INSERT INTO tracks (artist_id, album_id, release_id, number, title, length) VALUES (713, 404, 404, 2, 'Dies irae  Rex tremendae', '0:6:2');
INSERT INTO tracks (artist_id, album_id, release_id, number, title, length) VALUES (713, 404, 404, 3, 'Recordare', '0:3:24');
INSERT INTO tracks (artist_id, album_id, release_id, number, title, length) VALUES (713, 404, 404, 4, 'Ingemisco  Lacrymosa', '0:7:47');
INSERT INTO tracks (artist_id, album_id, release_id, number, title, length) VALUES (713, 404, 404, 5, 'Offertorium', '0:5:23');
INSERT INTO tracks (artist_id, album_id, release_id, number, title, length) VALUES (713, 404, 404, 6, 'Hosanna', '0:4:53');
INSERT INTO tracks (artist_id, album_id, release_id, number, title, length) VALUES (713, 404, 404, 7, 'Pie Jesu', '0:3:59');
INSERT INTO tracks (artist_id, album_id, release_id, number, title, length) VALUES (713, 404, 404, 8, 'Lux aeterna & Libera me', '0:7:32');
INSERT INTO artists (name) VALUES ('Frédéric Chopin');
INSERT INTO albums (artist_id, title, year) VALUES (714, 'The Masterpiece Collection Frédéric Chopin', '1997-01-01');
INSERT INTO releases (album_id, description, year) VALUES (405, 'Standard CD', '1997-01-01');
INSERT INTO tracks (artist_id, album_id, release_id, number, title, length) VALUES (714, 405, 405, 1, 'Waltz No 1 in E flat, Op18, Grande Valse Brilliante', '0:5:6');
INSERT INTO tracks (artist_id, album_id, release_id, number, title, length) VALUES (714, 405, 405, 2, 'Prelude No 15 in D flat, Op 28 No 15, Raindrop', '0:4:51');
INSERT INTO tracks (artist_id, album_id, release_id, number, title, length) VALUES (714, 405, 405, 3, 'Polonaise in C sharp mi, Op 26 No 1', '0:8:42');
INSERT INTO tracks (artist_id, album_id, release_id, number, title, length) VALUES (714, 405, 405, 4, 'Etude in C mi, Op 10 No 12 Revolution', '0:2:41');
INSERT INTO tracks (artist_id, album_id, release_id, number, title, length) VALUES (714, 405, 405, 5, 'Mazurka in C sharp mi, Op 63 No 1', '0:1:53');
INSERT INTO tracks (artist_id, album_id, release_id, number, title, length) VALUES (714, 405, 405, 6, 'Sonata No 2 in B mi, Op 35, March Funebre', '0:9:47');
INSERT INTO tracks (artist_id, album_id, release_id, number, title, length) VALUES (714, 405, 405, 8, 'Nocturne No 1 in B flat mi, Op 9 No 1', '0:5:26');
INSERT INTO tracks (artist_id, album_id, release_id, number, title, length) VALUES (714, 405, 405, 7, 'Waltz No 2 in A flat, Op 34 No 1', '0:4:45');
INSERT INTO tracks (artist_id, album_id, release_id, number, title, length) VALUES (714, 405, 405, 9, 'Impromptu in C sharp mi, Op 66, Fantaisie Impromptu', '0:5:14');
INSERT INTO tracks (artist_id, album_id, release_id, number, title, length) VALUES (714, 405, 405, 10, 'Prelude No 7 in A, Op 28 No 7', '0:0:57');
INSERT INTO tracks (artist_id, album_id, release_id, number, title, length) VALUES (714, 405, 405, 11, 'Waltz No 6 in D flat, Op 64 No 1, Minute', '0:1:45');
INSERT INTO tracks (artist_id, album_id, release_id, number, title, length) VALUES (714, 405, 405, 12, 'Waltz No 7 in C sharp mi, Op 64 No 2', '0:2:58');
INSERT INTO tracks (artist_id, album_id, release_id, number, title, length) VALUES (714, 405, 405, 13, 'Rondo in C for Two Pianos, Op 73 No 27', '0:9:16');
INSERT INTO artists (name) VALUES ('Beethoven, Ludwig Van');
INSERT INTO albums (artist_id, title, year) VALUES (715, 'The Masterpiece Collection Beethoven, Ludwig Van', '1997-01-01');
INSERT INTO releases (album_id, description, year) VALUES (406, 'Standard CD', '1997-01-01');
INSERT INTO tracks (artist_id, album_id, release_id, number, title, length) VALUES (715, 406, 406, 1, 'Symphony No 5 in C minor, op 67  1  Allegro con brio', '0:7:20');
INSERT INTO tracks (artist_id, album_id, release_id, number, title, length) VALUES (715, 406, 406, 2, 'Romance For Violin No 2 in F Major, op 50', '0:8:53');
INSERT INTO tracks (artist_id, album_id, release_id, number, title, length) VALUES (715, 406, 406, 3, 'Symphony No 3 in E flat Major, op 55  3  Scherzo  Allegro vivace', '0:6:14');
INSERT INTO tracks (artist_id, album_id, release_id, number, title, length) VALUES (715, 406, 406, 4, 'Piano Concerto No 5 in E flat Major, op 73  Rondo  Allegro', '0:10:44');
INSERT INTO tracks (artist_id, album_id, release_id, number, title, length) VALUES (715, 406, 406, 5, 'Violin Concerto In D Major, op 61  Rondo', '0:9:39');
INSERT INTO tracks (artist_id, album_id, release_id, number, title, length) VALUES (715, 406, 406, 6, 'Sonata in C minor, op 13', '0:5:37');
INSERT INTO tracks (artist_id, album_id, release_id, number, title, length) VALUES (715, 406, 406, 7, 'Symphony No 9 in D minor, op 125  Final Chorus to Ode to Joy  Allegro Assai', '0:12:37');
INSERT INTO artists (name) VALUES ('Alan Menken');
INSERT INTO albums (artist_id, title, year) VALUES (716, 'The Little Mermaid', '1988-01-01');
INSERT INTO releases (album_id, description, year) VALUES (407, 'Standard CD', '1988-01-01');
INSERT INTO tracks (artist_id, album_id, release_id, number, title, length) VALUES (716, 407, 407, 1, 'Fathoms Below', '0:1:41');
INSERT INTO tracks (artist_id, album_id, release_id, number, title, length) VALUES (716, 407, 407, 2, 'Main Titles', '0:1:26');
INSERT INTO tracks (artist_id, album_id, release_id, number, title, length) VALUES (716, 407, 407, 3, 'Fanfare', '0:0:30');
INSERT INTO tracks (artist_id, album_id, release_id, number, title, length) VALUES (716, 407, 407, 4, 'Daughters Of Triton', '0:0:40');
INSERT INTO tracks (artist_id, album_id, release_id, number, title, length) VALUES (716, 407, 407, 5, 'Part Of Your World', '0:3:15');
INSERT INTO tracks (artist_id, album_id, release_id, number, title, length) VALUES (716, 407, 407, 6, 'Under The Sea', '0:3:15');
INSERT INTO tracks (artist_id, album_id, release_id, number, title, length) VALUES (716, 407, 407, 7, 'Part Of Your World (reprise)', '0:2:18');
INSERT INTO tracks (artist_id, album_id, release_id, number, title, length) VALUES (716, 407, 407, 8, 'Poor Unfortunate Souls', '0:4:51');
INSERT INTO tracks (artist_id, album_id, release_id, number, title, length) VALUES (716, 407, 407, 9, 'Les Poissons', '0:1:36');
INSERT INTO tracks (artist_id, album_id, release_id, number, title, length) VALUES (716, 407, 407, 10, 'Kiss The Girl', '0:2:43');
INSERT INTO tracks (artist_id, album_id, release_id, number, title, length) VALUES (716, 407, 407, 11, 'Fireworks', '0:0:37');
INSERT INTO tracks (artist_id, album_id, release_id, number, title, length) VALUES (716, 407, 407, 12, 'Jig', '0:1:34');
INSERT INTO tracks (artist_id, album_id, release_id, number, title, length) VALUES (716, 407, 407, 13, 'The Storm', '0:3:20');
INSERT INTO tracks (artist_id, album_id, release_id, number, title, length) VALUES (716, 407, 407, 14, 'Destruction Of The Grotto', '0:1:55');
INSERT INTO tracks (artist_id, album_id, release_id, number, title, length) VALUES (716, 407, 407, 15, 'Flotsam And Jetsam', '0:1:25');
INSERT INTO tracks (artist_id, album_id, release_id, number, title, length) VALUES (716, 407, 407, 16, 'Tour Of The Kingdom', '0:1:27');
INSERT INTO tracks (artist_id, album_id, release_id, number, title, length) VALUES (716, 407, 407, 17, 'Bedtime', '0:1:23');
INSERT INTO tracks (artist_id, album_id, release_id, number, title, length) VALUES (716, 407, 407, 18, 'Wedding Announcement', '0:2:19');
INSERT INTO artists (name) VALUES ('Alan Menken & Howard Ashman');
INSERT INTO albums (artist_id, title, year) VALUES (717, 'The Little Mermaid', '1988-01-01');
INSERT INTO releases (album_id, description, year) VALUES (408, 'Standard CD', '1988-01-01');
INSERT INTO tracks (artist_id, album_id, release_id, number, title, length) VALUES (717, 408, 408, 19, 'Eric To The Rescue', '0:3:43');
INSERT INTO tracks (artist_id, album_id, release_id, number, title, length) VALUES (717, 408, 408, 20, 'Happy Ending', '0:3:11');
INSERT INTO artists (name) VALUES ('Eric Clapton');
INSERT INTO albums (artist_id, title, year) VALUES (718, 'Clapton Chronicles - The Best Of Eric Clapton', '1999-01-01');
INSERT INTO releases (album_id, description, year) VALUES (409, 'Standard CD', '1999-01-01');
INSERT INTO tracks (artist_id, album_id, release_id, number, title, length) VALUES (718, 409, 409, 1, 'Blue Eyes Blue', '0:4:42');
INSERT INTO tracks (artist_id, album_id, release_id, number, title, length) VALUES (718, 409, 409, 2, 'Change The World', '0:3:55');
INSERT INTO tracks (artist_id, album_id, release_id, number, title, length) VALUES (718, 409, 409, 3, 'My Father''s Eyes', '0:5:24');
INSERT INTO tracks (artist_id, album_id, release_id, number, title, length) VALUES (718, 409, 409, 4, 'Tears In Heaven', '0:4:33');
INSERT INTO tracks (artist_id, album_id, release_id, number, title, length) VALUES (718, 409, 409, 5, 'Layla', '0:4:37');
INSERT INTO tracks (artist_id, album_id, release_id, number, title, length) VALUES (718, 409, 409, 6, 'Pretending', '0:4:43');
INSERT INTO tracks (artist_id, album_id, release_id, number, title, length) VALUES (718, 409, 409, 7, 'Bad Love', '0:5:14');
INSERT INTO tracks (artist_id, album_id, release_id, number, title, length) VALUES (718, 409, 409, 8, 'Before You Accuse Me (Take A Look At Yourself)', '0:3:57');
INSERT INTO tracks (artist_id, album_id, release_id, number, title, length) VALUES (718, 409, 409, 9, 'It''s In The Way That You Use It', '0:4:11');
INSERT INTO tracks (artist_id, album_id, release_id, number, title, length) VALUES (718, 409, 409, 10, 'Forever Man', '0:3:11');
INSERT INTO tracks (artist_id, album_id, release_id, number, title, length) VALUES (718, 409, 409, 11, 'Running On Faith', '0:6:26');
INSERT INTO tracks (artist_id, album_id, release_id, number, title, length) VALUES (718, 409, 409, 12, 'She''s Waiting', '0:4:58');
INSERT INTO tracks (artist_id, album_id, release_id, number, title, length) VALUES (718, 409, 409, 13, 'River Of Tears', '0:7:21');
INSERT INTO tracks (artist_id, album_id, release_id, number, title, length) VALUES (718, 409, 409, 14, '(I) Get Lost', '0:4:19');
INSERT INTO artists (name) VALUES ('Donny Osmond');
INSERT INTO albums (artist_id, title, year) VALUES (719, 'Somewhere In Time', '2002-01-01');
INSERT INTO releases (album_id, description, year) VALUES (410, 'Standard CD', '2002-01-01');
INSERT INTO tracks (artist_id, album_id, release_id, number, title, length) VALUES (719, 410, 410, 1, 'Without You', '0:3:31');
INSERT INTO tracks (artist_id, album_id, release_id, number, title, length) VALUES (719, 410, 410, 2, 'I Can''t Go For That', '0:3:58');
INSERT INTO tracks (artist_id, album_id, release_id, number, title, length) VALUES (719, 410, 410, 3, 'All Out Of Love', '0:3:34');
INSERT INTO tracks (artist_id, album_id, release_id, number, title, length) VALUES (719, 410, 410, 4, 'Could It Be I''m Falling In Love', '0:3:40');
INSERT INTO tracks (artist_id, album_id, release_id, number, title, length) VALUES (719, 410, 410, 5, 'Don''t Dream It''s Over', '0:3:44');
INSERT INTO tracks (artist_id, album_id, release_id, number, title, length) VALUES (719, 410, 410, 6, 'After The Love Has Gone', '0:3:57');
INSERT INTO tracks (artist_id, album_id, release_id, number, title, length) VALUES (719, 410, 410, 7, 'Would I Lie To You', '0:4:12');
INSERT INTO tracks (artist_id, album_id, release_id, number, title, length) VALUES (719, 410, 410, 8, 'I''m Not In Love', '0:3:35');
INSERT INTO tracks (artist_id, album_id, release_id, number, title, length) VALUES (719, 410, 410, 9, 'Puppy Love', '0:2:49');
INSERT INTO tracks (artist_id, album_id, release_id, number, title, length) VALUES (719, 410, 410, 10, 'Happy Together', '0:3:24');
INSERT INTO tracks (artist_id, album_id, release_id, number, title, length) VALUES (719, 410, 410, 11, 'Don''t Give Up On Us Baby', '0:3:8');
INSERT INTO tracks (artist_id, album_id, release_id, number, title, length) VALUES (719, 410, 410, 12, 'No One Has To Be Alone', '0:5:5');
INSERT INTO tracks (artist_id, album_id, release_id, number, title, length) VALUES (719, 410, 410, 13, 'Crazy Horses', '0:3:13');
INSERT INTO albums (artist_id, title, year) VALUES (719, 'This Is the Moment', '2001-01-01');
INSERT INTO releases (album_id, description, year) VALUES (411, 'Standard CD', '2001-01-01');
INSERT INTO tracks (artist_id, album_id, release_id, number, title, length) VALUES (719, 411, 411, 1, 'Seasons of Love', '0:4:3');
INSERT INTO tracks (artist_id, album_id, release_id, number, title, length) VALUES (719, 411, 411, 2, 'This Is the Moment', '0:4:15');
INSERT INTO tracks (artist_id, album_id, release_id, number, title, length) VALUES (719, 411, 411, 3, 'Luck Be A Lady', '0:4:3');
INSERT INTO tracks (artist_id, album_id, release_id, number, title, length) VALUES (719, 411, 411, 4, 'Our Kind of Love', '0:3:44');
INSERT INTO tracks (artist_id, album_id, release_id, number, title, length) VALUES (719, 411, 411, 5, 'It''s Possible', '0:3:54');
INSERT INTO tracks (artist_id, album_id, release_id, number, title, length) VALUES (719, 411, 411, 6, 'At the Edge of the World', '0:3:50');
INSERT INTO tracks (artist_id, album_id, release_id, number, title, length) VALUES (719, 411, 411, 7, 'Not While I''m Around (with Vanessa Williams)', '0:4:10');
INSERT INTO tracks (artist_id, album_id, release_id, number, title, length) VALUES (719, 411, 411, 8, 'Solla Sollew', '0:3:43');
INSERT INTO tracks (artist_id, album_id, release_id, number, title, length) VALUES (719, 411, 411, 9, 'No Matter What', '0:4:38');
INSERT INTO tracks (artist_id, album_id, release_id, number, title, length) VALUES (719, 411, 411, 10, 'Immortality', '0:4:33');
INSERT INTO tracks (artist_id, album_id, release_id, number, title, length) VALUES (719, 411, 411, 11, 'I Know the Truth', '0:3:59');
INSERT INTO tracks (artist_id, album_id, release_id, number, title, length) VALUES (719, 411, 411, 12, 'You''ve Got A Friend In Me (w Rosie O''Donnell)', '0:2:28');
INSERT INTO tracks (artist_id, album_id, release_id, number, title, length) VALUES (719, 411, 411, 13, 'Give My Regards To Broadway', '0:5:8');
INSERT INTO artists (name) VALUES ('Eagles, The');
INSERT INTO albums (artist_id, title, year) VALUES (720, 'Their Greatest Hits', '1976-01-01');
INSERT INTO releases (album_id, description, year) VALUES (412, 'Standard CD', '1976-01-01');
INSERT INTO tracks (artist_id, album_id, release_id, number, title, length) VALUES (720, 412, 412, 1, 'Take It Easy', '0:3:28');
INSERT INTO tracks (artist_id, album_id, release_id, number, title, length) VALUES (720, 412, 412, 2, 'Witchy Woman', '0:4:10');
INSERT INTO tracks (artist_id, album_id, release_id, number, title, length) VALUES (720, 412, 412, 3, 'Lyin'' Eyes', '0:6:23');
INSERT INTO tracks (artist_id, album_id, release_id, number, title, length) VALUES (720, 412, 412, 4, 'Already Gone', '0:4:12');
INSERT INTO tracks (artist_id, album_id, release_id, number, title, length) VALUES (720, 412, 412, 5, 'Desperado', '0:3:34');
INSERT INTO tracks (artist_id, album_id, release_id, number, title, length) VALUES (720, 412, 412, 6, 'One Of These Nights', '0:4:52');
INSERT INTO tracks (artist_id, album_id, release_id, number, title, length) VALUES (720, 412, 412, 7, 'Tequila Sunrise', '0:2:51');
INSERT INTO tracks (artist_id, album_id, release_id, number, title, length) VALUES (720, 412, 412, 8, 'Take It To The Limit', '0:4:48');
INSERT INTO tracks (artist_id, album_id, release_id, number, title, length) VALUES (720, 412, 412, 9, 'Peaceful, Easy Feeling', '0:4:15');
INSERT INTO tracks (artist_id, album_id, release_id, number, title, length) VALUES (720, 412, 412, 10, 'Best Of My Love', '0:4:31');
INSERT INTO artists (name) VALUES ('Chuck Mangione');
INSERT INTO albums (artist_id, title, year) VALUES (721, 'Save Tonight for Me', '1986-01-01');
INSERT INTO releases (album_id, description, year) VALUES (413, 'Standard CD', '1986-01-01');
INSERT INTO tracks (artist_id, album_id, release_id, number, title, length) VALUES (721, 413, 413, 1, 'Save Tonight for Me', '0:4:43');
INSERT INTO tracks (artist_id, album_id, release_id, number, title, length) VALUES (721, 413, 413, 2, 'Machu Picchu', '0:4:23');
INSERT INTO tracks (artist_id, album_id, release_id, number, title, length) VALUES (721, 413, 413, 3, 'Take it to Church', '0:5:23');
INSERT INTO tracks (artist_id, album_id, release_id, number, title, length) VALUES (721, 413, 413, 4, 'The Secret of Love', '0:6:10');
INSERT INTO tracks (artist_id, album_id, release_id, number, title, length) VALUES (721, 413, 413, 5, 'Rockin'' at Red Rocks', '0:5:37');
INSERT INTO tracks (artist_id, album_id, release_id, number, title, length) VALUES (721, 413, 413, 6, 'Sweet Cheryl Lynn', '0:6:22');
INSERT INTO tracks (artist_id, album_id, release_id, number, title, length) VALUES (721, 413, 413, 7, 'TJ''s Gingerbread House', '0:4:1');
INSERT INTO tracks (artist_id, album_id, release_id, number, title, length) VALUES (721, 413, 413, 8, 'Give Your Heart a Chance', '0:4:27');
INSERT INTO artists (name) VALUES ('Anderson Bruford Wakeman Howe');
INSERT INTO albums (artist_id, title, year) VALUES (722, 'Anderson Bruford Wakeman Howe', '1989-01-01');
INSERT INTO releases (album_id, description, year) VALUES (414, 'Standard CD', '1989-01-01');
INSERT INTO tracks (artist_id, album_id, release_id, number, title, length) VALUES (722, 414, 414, 1, 'Themes (Sound, Second Attention, Soul Warrior)', '0:5:57');
INSERT INTO tracks (artist_id, album_id, release_id, number, title, length) VALUES (722, 414, 414, 2, 'Fist Of Fire', '0:3:32');
INSERT INTO tracks (artist_id, album_id, release_id, number, title, length) VALUES (722, 414, 414, 3, 'Brother Of Mine (The Big Dream, Nothing Can Come Between Us, Long Lost Brother Of Mine)', '0:10:21');
INSERT INTO tracks (artist_id, album_id, release_id, number, title, length) VALUES (722, 414, 414, 4, 'Birthright', '0:6:4');
INSERT INTO tracks (artist_id, album_id, release_id, number, title, length) VALUES (722, 414, 414, 5, 'The Meeting', '0:4:23');
INSERT INTO tracks (artist_id, album_id, release_id, number, title, length) VALUES (722, 414, 414, 6, 'Quartet (Wanna Learn, He Gives Me Love, Who Was The First, I''m Alive)', '0:9:23');
INSERT INTO tracks (artist_id, album_id, release_id, number, title, length) VALUES (722, 414, 414, 7, 'Teakbois', '0:7:41');
INSERT INTO tracks (artist_id, album_id, release_id, number, title, length) VALUES (722, 414, 414, 8, 'Order Of The Universe (Order Theme, Rock Gives Courage, It''s So Hard To Grow, The Universe)', '0:9:2');
INSERT INTO tracks (artist_id, album_id, release_id, number, title, length) VALUES (722, 414, 414, 9, 'Let''s Pretend', '0:2:56');
INSERT INTO artists (name) VALUES ('The Singers Unlimited');
INSERT INTO albums (artist_id, title, year) VALUES (723, 'Christmas', '1972-01-01');
INSERT INTO releases (album_id, description, year) VALUES (415, 'Standard CD', '1972-01-01');
INSERT INTO tracks (artist_id, album_id, release_id, number, title, length) VALUES (723, 415, 415, 1, 'Deck The Halls', '0:2:49');
INSERT INTO tracks (artist_id, album_id, release_id, number, title, length) VALUES (723, 415, 415, 2, 'Ah Bleak & Chill The Wintry Wind', '0:2:16');
INSERT INTO tracks (artist_id, album_id, release_id, number, title, length) VALUES (723, 415, 415, 3, 'Bright, Bright The Holly Berries', '0:1:22');
INSERT INTO tracks (artist_id, album_id, release_id, number, title, length) VALUES (723, 415, 415, 4, 'Jesu Parvule', '0:1:14');
INSERT INTO tracks (artist_id, album_id, release_id, number, title, length) VALUES (723, 415, 415, 5, 'Caroling, Caroling', '0:1:16');
INSERT INTO tracks (artist_id, album_id, release_id, number, title, length) VALUES (723, 415, 415, 6, 'What Are The Signs', '0:1:35');
INSERT INTO tracks (artist_id, album_id, release_id, number, title, length) VALUES (723, 415, 415, 7, 'Nigh Bethlehem', '0:1:47');
INSERT INTO tracks (artist_id, album_id, release_id, number, title, length) VALUES (723, 415, 415, 8, 'While By My Sheep', '0:1:33');
INSERT INTO tracks (artist_id, album_id, release_id, number, title, length) VALUES (723, 415, 415, 9, 'It Came Upon A Midnight Clear', '0:2:32');
INSERT INTO tracks (artist_id, album_id, release_id, number, title, length) VALUES (723, 415, 415, 10, 'Silent Night', '0:3:32');
INSERT INTO tracks (artist_id, album_id, release_id, number, title, length) VALUES (723, 415, 415, 11, 'Joy To The World', '0:1:23');
INSERT INTO tracks (artist_id, album_id, release_id, number, title, length) VALUES (723, 415, 415, 12, 'Wassail Song', '0:1:16');
INSERT INTO tracks (artist_id, album_id, release_id, number, title, length) VALUES (723, 415, 415, 13, 'Carol Of The Russian Children', '0:1:26');
INSERT INTO tracks (artist_id, album_id, release_id, number, title, length) VALUES (723, 415, 415, 14, 'Good King Wenceslas', '0:2:0');
INSERT INTO tracks (artist_id, album_id, release_id, number, title, length) VALUES (723, 415, 415, 15, 'Coventry Carol', '0:3:4');
INSERT INTO tracks (artist_id, album_id, release_id, number, title, length) VALUES (723, 415, 415, 16, 'Oh Come All Ye Faithful', '0:2:16');
INSERT INTO tracks (artist_id, album_id, release_id, number, title, length) VALUES (723, 415, 415, 17, 'Have Yourself A Merry Little Christmas', '0:2:20');
INSERT INTO artists (name) VALUES ('Count Basie');
INSERT INTO albums (artist_id, title, year) VALUES (724, 'Straight Ahead', '1968-01-01');
INSERT INTO releases (album_id, description, year) VALUES (416, 'Standard CD', '1968-01-01');
INSERT INTO tracks (artist_id, album_id, release_id, number, title, length) VALUES (724, 416, 416, 1, 'Basie - Straight Ahead', '0:3:58');
INSERT INTO tracks (artist_id, album_id, release_id, number, title, length) VALUES (724, 416, 416, 2, 'It''s Oh, So Nice', '0:4:13');
INSERT INTO tracks (artist_id, album_id, release_id, number, title, length) VALUES (724, 416, 416, 3, 'Lonely Street', '0:2:55');
INSERT INTO tracks (artist_id, album_id, release_id, number, title, length) VALUES (724, 416, 416, 4, 'Fun Time', '0:3:55');
INSERT INTO tracks (artist_id, album_id, release_id, number, title, length) VALUES (724, 416, 416, 5, 'Magic Flea', '0:3:11');
INSERT INTO tracks (artist_id, album_id, release_id, number, title, length) VALUES (724, 416, 416, 6, 'Switch in Time', '0:4:1');
INSERT INTO tracks (artist_id, album_id, release_id, number, title, length) VALUES (724, 416, 416, 7, 'Hay Burner', '0:4:18');
INSERT INTO tracks (artist_id, album_id, release_id, number, title, length) VALUES (724, 416, 416, 8, 'That Warm Feeling', '0:3:35');
INSERT INTO tracks (artist_id, album_id, release_id, number, title, length) VALUES (724, 416, 416, 9, 'The Queen Bee', '0:4:15');
INSERT INTO artists (name) VALUES ('Don Ellis');
INSERT INTO albums (artist_id, title, year) VALUES (725, 'Live At Montreux', '1977-01-01');
INSERT INTO releases (album_id, description, year) VALUES (417, 'Standard CD', '1977-01-01');
INSERT INTO tracks (artist_id, album_id, release_id, number, title, length) VALUES (725, 417, 417, 1, 'Open Wide', '0:9:41');
INSERT INTO tracks (artist_id, album_id, release_id, number, title, length) VALUES (725, 417, 417, 2, 'Loneliness', '0:5:54');
INSERT INTO tracks (artist_id, album_id, release_id, number, title, length) VALUES (725, 417, 417, 3, 'Future Feature', '0:7:18');
INSERT INTO tracks (artist_id, album_id, release_id, number, title, length) VALUES (725, 417, 417, 4, 'Go-No-Go', '0:5:10');
INSERT INTO tracks (artist_id, album_id, release_id, number, title, length) VALUES (725, 417, 417, 5, 'Sporting Dance', '0:8:45');
INSERT INTO tracks (artist_id, album_id, release_id, number, title, length) VALUES (725, 417, 417, 6, 'Niner Two', '0:11:59');
INSERT INTO tracks (artist_id, album_id, release_id, number, title, length) VALUES (725, 417, 417, 7, 'Lyra', '0:8:32');
INSERT INTO tracks (artist_id, album_id, release_id, number, title, length) VALUES (725, 417, 417, 8, 'Eros', '0:5:39');
INSERT INTO tracks (artist_id, album_id, release_id, number, title, length) VALUES (725, 417, 417, 9, 'Arcturus', '0:10:51');
INSERT INTO albums (artist_id, title, year) VALUES (725, 'Electric Bath', '1998-01-01');
INSERT INTO releases (album_id, description, year) VALUES (418, 'Standard CD', '1998-01-01');
INSERT INTO tracks (artist_id, album_id, release_id, number, title, length) VALUES (725, 418, 418, 1, 'Indian Lady', '0:8:11');
INSERT INTO tracks (artist_id, album_id, release_id, number, title, length) VALUES (725, 418, 418, 2, 'Alone', '0:5:35');
INSERT INTO tracks (artist_id, album_id, release_id, number, title, length) VALUES (725, 418, 418, 3, 'Turkish Bath', '0:10:31');
INSERT INTO tracks (artist_id, album_id, release_id, number, title, length) VALUES (725, 418, 418, 4, 'Open Beauty', '0:8:30');
INSERT INTO tracks (artist_id, album_id, release_id, number, title, length) VALUES (725, 418, 418, 5, 'New Horizons', '0:12:26');
INSERT INTO tracks (artist_id, album_id, release_id, number, title, length) VALUES (725, 418, 418, 6, 'Turkish Bath (Single)', '0:2:55');
INSERT INTO tracks (artist_id, album_id, release_id, number, title, length) VALUES (725, 418, 418, 7, 'Indian Lady (Single)', '0:2:58');
INSERT INTO artists (name) VALUES ('Rod Stewart');
INSERT INTO albums (artist_id, title, year) VALUES (726, 'Stardust - The Great American Songbook Volume III', '2004-01-01');
INSERT INTO releases (album_id, description, year) VALUES (419, 'Standard CD', '2004-01-01');
INSERT INTO tracks (artist_id, album_id, release_id, number, title, length) VALUES (726, 419, 419, 1, 'Embraceable You', '0:3:30');
INSERT INTO tracks (artist_id, album_id, release_id, number, title, length) VALUES (726, 419, 419, 2, 'For Sentimental Reasons', '0:3:1');
INSERT INTO tracks (artist_id, album_id, release_id, number, title, length) VALUES (726, 419, 419, 3, 'Blue Moon (feat Eric Clapton)', '0:4:5');
INSERT INTO tracks (artist_id, album_id, release_id, number, title, length) VALUES (726, 419, 419, 4, 'What a Wonderful World (feat Stevie Wonder)', '0:4:30');
INSERT INTO tracks (artist_id, album_id, release_id, number, title, length) VALUES (726, 419, 419, 5, 'Stardust', '0:4:1');
INSERT INTO tracks (artist_id, album_id, release_id, number, title, length) VALUES (726, 419, 419, 6, 'Manhattan (Duet With Bette Midler)', '0:2:53');
INSERT INTO tracks (artist_id, album_id, release_id, number, title, length) VALUES (726, 419, 419, 7, '''S Wonderful', '0:3:24');
INSERT INTO tracks (artist_id, album_id, release_id, number, title, length) VALUES (726, 419, 419, 8, 'Isn''t It Romantic', '0:3:50');
INSERT INTO tracks (artist_id, album_id, release_id, number, title, length) VALUES (726, 419, 419, 9, 'I Can''t Get Started', '0:3:23');
INSERT INTO tracks (artist_id, album_id, release_id, number, title, length) VALUES (726, 419, 419, 10, 'But Not For Me', '0:3:22');
INSERT INTO tracks (artist_id, album_id, release_id, number, title, length) VALUES (726, 419, 419, 11, 'A Kiss to Build a Dream On', '0:3:13');
INSERT INTO tracks (artist_id, album_id, release_id, number, title, length) VALUES (726, 419, 419, 12, 'Baby, It''s Cold Outside (Duet With Dolly Parton)', '0:3:51');
INSERT INTO tracks (artist_id, album_id, release_id, number, title, length) VALUES (726, 419, 419, 13, 'Night and Day', '0:3:8');
INSERT INTO tracks (artist_id, album_id, release_id, number, title, length) VALUES (726, 419, 419, 14, 'A Nightingale Sang in Berkeley Square (Rod''s Special UK Classic)', '0:4:1');
INSERT INTO albums (artist_id, title, year) VALUES (726, 'As Time Goes By - The Great American Songbook Volume II', '2003-01-01');
INSERT INTO releases (album_id, description, year) VALUES (420, 'Standard CD', '2003-01-01');
INSERT INTO tracks (artist_id, album_id, release_id, number, title, length) VALUES (726, 420, 420, 1, 'Time After Time', '0:2:59');
INSERT INTO tracks (artist_id, album_id, release_id, number, title, length) VALUES (726, 420, 420, 2, 'I''m In The Mood For Love', '0:3:7');
INSERT INTO tracks (artist_id, album_id, release_id, number, title, length) VALUES (726, 420, 420, 3, 'Don''t Get Around Much Anymore', '0:2:48');
INSERT INTO tracks (artist_id, album_id, release_id, number, title, length) VALUES (726, 420, 420, 4, 'Bewitched, Bothered & Bewildered (Duet With Cher)', '0:4:14');
INSERT INTO tracks (artist_id, album_id, release_id, number, title, length) VALUES (726, 420, 420, 5, '''Till There Was You', '0:2:51');
INSERT INTO tracks (artist_id, album_id, release_id, number, title, length) VALUES (726, 420, 420, 6, 'Until The Real Thing Comes Along', '0:3:38');
INSERT INTO tracks (artist_id, album_id, release_id, number, title, length) VALUES (726, 420, 420, 7, 'Where Or When', '0:3:10');
INSERT INTO tracks (artist_id, album_id, release_id, number, title, length) VALUES (726, 420, 420, 8, 'Smile', '0:3:13');
INSERT INTO tracks (artist_id, album_id, release_id, number, title, length) VALUES (726, 420, 420, 9, 'My Heart Stood Still', '0:3:3');
INSERT INTO tracks (artist_id, album_id, release_id, number, title, length) VALUES (726, 420, 420, 10, 'Someone To Watch Over Me', '0:3:31');
INSERT INTO tracks (artist_id, album_id, release_id, number, title, length) VALUES (726, 420, 420, 11, 'As Time Goes By (Duet With Queen Latifah)', '0:3:50');
INSERT INTO tracks (artist_id, album_id, release_id, number, title, length) VALUES (726, 420, 420, 12, 'I Only Have Eyes For You', '0:3:8');
INSERT INTO tracks (artist_id, album_id, release_id, number, title, length) VALUES (726, 420, 420, 13, 'Crazy She Calls Me', '0:3:28');
INSERT INTO tracks (artist_id, album_id, release_id, number, title, length) VALUES (726, 420, 420, 14, 'Our Love Is Here To Stay', '0:2:57');
INSERT INTO albums (artist_id, title, year) VALUES (726, 'It Had to Be You - The Great American Songbook', '2002-01-01');
INSERT INTO releases (album_id, description, year) VALUES (421, 'Standard CD', '2002-01-01');
INSERT INTO tracks (artist_id, album_id, release_id, number, title, length) VALUES (726, 421, 421, 1, 'You Go to My Head', '0:4:17');
INSERT INTO tracks (artist_id, album_id, release_id, number, title, length) VALUES (726, 421, 421, 2, 'They Can''t Take That Away From Me', '0:3:25');
INSERT INTO tracks (artist_id, album_id, release_id, number, title, length) VALUES (726, 421, 421, 3, 'The Way You Look Tonight', '0:3:49');
INSERT INTO tracks (artist_id, album_id, release_id, number, title, length) VALUES (726, 421, 421, 4, 'It Had to Be You', '0:3:24');
INSERT INTO tracks (artist_id, album_id, release_id, number, title, length) VALUES (726, 421, 421, 5, 'That Old Feeling', '0:2:54');
INSERT INTO tracks (artist_id, album_id, release_id, number, title, length) VALUES (726, 421, 421, 6, 'These Foolish Things', '0:3:48');
INSERT INTO tracks (artist_id, album_id, release_id, number, title, length) VALUES (726, 421, 421, 7, 'The Very Thought of You', '0:3:20');
INSERT INTO tracks (artist_id, album_id, release_id, number, title, length) VALUES (726, 421, 421, 8, 'Moonglow', '0:3:32');
INSERT INTO tracks (artist_id, album_id, release_id, number, title, length) VALUES (726, 421, 421, 9, 'I''ll Be Seeing You', '0:3:51');
INSERT INTO tracks (artist_id, album_id, release_id, number, title, length) VALUES (726, 421, 421, 10, 'Every Time We Say Goodbye', '0:3:27');
INSERT INTO tracks (artist_id, album_id, release_id, number, title, length) VALUES (726, 421, 421, 11, 'The Nearness of You', '0:3:0');
INSERT INTO tracks (artist_id, album_id, release_id, number, title, length) VALUES (726, 421, 421, 12, 'For All We Know', '0:3:24');
INSERT INTO tracks (artist_id, album_id, release_id, number, title, length) VALUES (726, 421, 421, 13, 'We''ll Be Together Again', '0:3:54');
INSERT INTO tracks (artist_id, album_id, release_id, number, title, length) VALUES (726, 421, 421, 14, 'That''s All', '0:3:3');
INSERT INTO artists (name) VALUES ('Michael Bublé');
INSERT INTO albums (artist_id, title, year) VALUES (727, 'Crazy Love', '2009-01-01');
INSERT INTO releases (album_id, description, year) VALUES (422, 'Standard CD', '2009-01-01');
INSERT INTO tracks (artist_id, album_id, release_id, number, title, length) VALUES (727, 422, 422, 1, 'Cry Me A River', '0:4:14');
INSERT INTO tracks (artist_id, album_id, release_id, number, title, length) VALUES (727, 422, 422, 2, 'All Of Me', '0:3:7');
INSERT INTO tracks (artist_id, album_id, release_id, number, title, length) VALUES (727, 422, 422, 3, 'Georgia On My Mind', '0:3:8');
INSERT INTO tracks (artist_id, album_id, release_id, number, title, length) VALUES (727, 422, 422, 4, 'Crazy Love', '0:3:31');
INSERT INTO tracks (artist_id, album_id, release_id, number, title, length) VALUES (727, 422, 422, 5, 'Haven''t Met You Yet', '0:4:5');
INSERT INTO tracks (artist_id, album_id, release_id, number, title, length) VALUES (727, 422, 422, 6, 'All I Do Is Dream Of You', '0:2:32');
INSERT INTO tracks (artist_id, album_id, release_id, number, title, length) VALUES (727, 422, 422, 7, 'Hold On', '0:4:6');
INSERT INTO tracks (artist_id, album_id, release_id, number, title, length) VALUES (727, 422, 422, 8, 'Heartache Tonight', '0:3:52');
INSERT INTO tracks (artist_id, album_id, release_id, number, title, length) VALUES (727, 422, 422, 9, 'You''re Nobody Till Somebody Loves You', '0:3:7');
INSERT INTO tracks (artist_id, album_id, release_id, number, title, length) VALUES (727, 422, 422, 10, 'Baby (You''ve Got What It Takes) (with Sharon Jones& The Dap-Kings)', '0:3:20');
INSERT INTO tracks (artist_id, album_id, release_id, number, title, length) VALUES (727, 422, 422, 11, 'At This Moment', '0:4:37');
INSERT INTO tracks (artist_id, album_id, release_id, number, title, length) VALUES (727, 422, 422, 12, 'Stardust (with Naturally 7)', '0:3:15');
INSERT INTO tracks (artist_id, album_id, release_id, number, title, length) VALUES (727, 422, 422, 13, 'Whatever It Takes (with Ron Sexsmith)', '0:4:34');
INSERT INTO albums (artist_id, title, year) VALUES (727, 'Michael Bublé', '2003-01-01');
INSERT INTO releases (album_id, description, year) VALUES (423, 'Standard CD', '2003-01-01');
INSERT INTO tracks (artist_id, album_id, release_id, number, title, length) VALUES (727, 423, 423, 1, 'Fever', '0:3:52');
INSERT INTO tracks (artist_id, album_id, release_id, number, title, length) VALUES (727, 423, 423, 2, 'Moondance', '0:4:14');
INSERT INTO tracks (artist_id, album_id, release_id, number, title, length) VALUES (727, 423, 423, 3, 'Kissing a fool', '0:4:35');
INSERT INTO tracks (artist_id, album_id, release_id, number, title, length) VALUES (727, 423, 423, 4, 'For once in my life', '0:2:34');
INSERT INTO tracks (artist_id, album_id, release_id, number, title, length) VALUES (727, 423, 423, 5, 'How can you mend a broken heart', '0:3:55');
INSERT INTO tracks (artist_id, album_id, release_id, number, title, length) VALUES (727, 423, 423, 6, 'Summer wind', '0:2:56');
INSERT INTO tracks (artist_id, album_id, release_id, number, title, length) VALUES (727, 423, 423, 7, 'You''ll never find another love like mine', '0:4:4');
INSERT INTO tracks (artist_id, album_id, release_id, number, title, length) VALUES (727, 423, 423, 8, 'Crazy little thing called love', '0:3:10');
INSERT INTO tracks (artist_id, album_id, release_id, number, title, length) VALUES (727, 423, 423, 9, 'Put your head on my shoulder', '0:4:27');
INSERT INTO tracks (artist_id, album_id, release_id, number, title, length) VALUES (727, 423, 423, 10, 'Sway', '0:3:8');
INSERT INTO tracks (artist_id, album_id, release_id, number, title, length) VALUES (727, 423, 423, 11, 'The way you look tonight', '0:4:39');
INSERT INTO tracks (artist_id, album_id, release_id, number, title, length) VALUES (727, 423, 423, 12, 'Come fly with me', '0:3:19');
INSERT INTO tracks (artist_id, album_id, release_id, number, title, length) VALUES (727, 423, 423, 13, 'That''s all', '0:3:59');
INSERT INTO albums (artist_id, title, year) VALUES (727, 'Let It Snow!', '2003-01-01');
INSERT INTO releases (album_id, description, year) VALUES (424, 'Standard CD', '2003-01-01');
INSERT INTO tracks (artist_id, album_id, release_id, number, title, length) VALUES (727, 424, 424, 1, 'Let It Snow, Let It Snow, Let It Snow', '0:2:5');
INSERT INTO tracks (artist_id, album_id, release_id, number, title, length) VALUES (727, 424, 424, 2, 'The Christmas Song', '0:4:15');
INSERT INTO tracks (artist_id, album_id, release_id, number, title, length) VALUES (727, 424, 424, 3, 'Grown-Up Christmas List', '0:3:41');
INSERT INTO tracks (artist_id, album_id, release_id, number, title, length) VALUES (727, 424, 424, 4, 'I''ll Be Home For Christmas', '0:3:39');
INSERT INTO tracks (artist_id, album_id, release_id, number, title, length) VALUES (727, 424, 424, 5, 'White Christmas', '0:3:59');
INSERT INTO tracks (artist_id, album_id, release_id, number, title, length) VALUES (727, 424, 424, 6, 'Let It Snow, Let It Snow, Let It Snow (Live)', '0:2:24');
INSERT INTO albums (artist_id, title, year) VALUES (727, 'Christmas', '2011-01-01');
INSERT INTO releases (album_id, description, year) VALUES (425, 'Standard CD', '2011-01-01');
INSERT INTO tracks (artist_id, album_id, release_id, number, title, length) VALUES (727, 425, 425, 1, 'It''s Beginning To Look A  Lot Like Christmas', '0:3:27');
INSERT INTO tracks (artist_id, album_id, release_id, number, title, length) VALUES (727, 425, 425, 2, 'Santa Claus Is Coming To Town', '0:2:51');
INSERT INTO tracks (artist_id, album_id, release_id, number, title, length) VALUES (727, 425, 425, 3, 'Jingle Bells [featuring The Puppini Sisters]', '0:2:40');
INSERT INTO tracks (artist_id, album_id, release_id, number, title, length) VALUES (727, 425, 425, 4, 'White Christmas [duet with Shania Twain]', '0:3:37');
INSERT INTO tracks (artist_id, album_id, release_id, number, title, length) VALUES (727, 425, 425, 5, 'All I Want For Christmas Is You', '0:2:52');
INSERT INTO tracks (artist_id, album_id, release_id, number, title, length) VALUES (727, 425, 425, 6, 'Holly Jolly Christmas', '0:2:0');
INSERT INTO tracks (artist_id, album_id, release_id, number, title, length) VALUES (727, 425, 425, 7, 'Santa Baby', '0:3:52');
INSERT INTO tracks (artist_id, album_id, release_id, number, title, length) VALUES (727, 425, 425, 8, 'Have Yourself A Merry Little Christmas', '0:3:51');
INSERT INTO tracks (artist_id, album_id, release_id, number, title, length) VALUES (727, 425, 425, 9, 'Christmas (Baby Please Come Home)', '0:3:8');
INSERT INTO tracks (artist_id, album_id, release_id, number, title, length) VALUES (727, 425, 425, 10, 'Silent Night', '0:3:48');
INSERT INTO tracks (artist_id, album_id, release_id, number, title, length) VALUES (727, 425, 425, 11, 'Blue Christmas', '0:3:43');
INSERT INTO tracks (artist_id, album_id, release_id, number, title, length) VALUES (727, 425, 425, 12, 'Cold December Night', '0:3:19');
INSERT INTO tracks (artist_id, album_id, release_id, number, title, length) VALUES (727, 425, 425, 13, 'I''ll Be Home For Christmas', '0:4:26');
INSERT INTO tracks (artist_id, album_id, release_id, number, title, length) VALUES (727, 425, 425, 14, 'Ave Maria', '0:4:1');
INSERT INTO tracks (artist_id, album_id, release_id, number, title, length) VALUES (727, 425, 425, 15, 'Mis DeseosFeliz Navidad [duet with Thalia]', '0:4:24');
INSERT INTO tracks (artist_id, album_id, release_id, number, title, length) VALUES (727, 425, 425, 16, 'Michael''s Christmas Greeting', '0:0:4');
INSERT INTO artists (name) VALUES ('Bill Watrous');
INSERT INTO albums (artist_id, title, year) VALUES (728, 'Manhatten Wildlife Refuge', '2007-01-01');
INSERT INTO releases (album_id, description, year) VALUES (426, 'Standard CD', '2007-01-01');
INSERT INTO tracks (artist_id, album_id, release_id, number, title, length) VALUES (728, 426, 426, 1, 'Spain', '0:3:52');
INSERT INTO tracks (artist_id, album_id, release_id, number, title, length) VALUES (728, 426, 426, 2, 'Sho', '0:4:23');
INSERT INTO tracks (artist_id, album_id, release_id, number, title, length) VALUES (728, 426, 426, 3, 'Dichotomy', '0:8:27');
INSERT INTO tracks (artist_id, album_id, release_id, number, title, length) VALUES (728, 426, 426, 4, 'Zip City', '0:5:39');
INSERT INTO tracks (artist_id, album_id, release_id, number, title, length) VALUES (728, 426, 426, 5, 'Fourth Floor Walk-Up', '0:9:33');
INSERT INTO tracks (artist_id, album_id, release_id, number, title, length) VALUES (728, 426, 426, 6, 'Dee Dee', '0:3:8');
INSERT INTO tracks (artist_id, album_id, release_id, number, title, length) VALUES (728, 426, 426, 7, 'Ayo', '0:8:38');
INSERT INTO artists (name) VALUES ('Wynton Marsalis');
INSERT INTO albums (artist_id, title, year) VALUES (729, 'Trumpet Concertos', '1983-01-01');
INSERT INTO releases (album_id, description, year) VALUES (427, 'Standard CD', '1983-01-01');
INSERT INTO tracks (artist_id, album_id, release_id, number, title, length) VALUES (729, 427, 427, 1, 'Franz Joseph Haydn, Concerto in E-flat  IAllegro', '0:6:24');
INSERT INTO tracks (artist_id, album_id, release_id, number, title, length) VALUES (729, 427, 427, 2, 'Franz Joseph Haydn, Concerto in E-flat  IIAndante', '0:3:15');
INSERT INTO tracks (artist_id, album_id, release_id, number, title, length) VALUES (729, 427, 427, 3, 'Franz Joseph Haydn, Concerto in E-flat  IIIAllegro', '0:4:34');
INSERT INTO tracks (artist_id, album_id, release_id, number, title, length) VALUES (729, 427, 427, 4, 'Leopold Mozart, Concerto in D  IAdagio', '0:5:2');
INSERT INTO tracks (artist_id, album_id, release_id, number, title, length) VALUES (729, 427, 427, 5, 'Leopold Mozart, Concerto in D  IIAllegro moderato', '0:2:56');
INSERT INTO tracks (artist_id, album_id, release_id, number, title, length) VALUES (729, 427, 427, 6, 'Johann Hummel, Concerto in E-flat  IAllegro con spirito', '0:9:50');
INSERT INTO tracks (artist_id, album_id, release_id, number, title, length) VALUES (729, 427, 427, 7, 'Johann Hummel, Concerto in E-flat  IIAndante', '0:4:13');
INSERT INTO tracks (artist_id, album_id, release_id, number, title, length) VALUES (729, 427, 427, 8, 'Johann Hummel, Concerto in E-flat  IIIRondo Allegro molto', '0:3:33');
INSERT INTO albums (artist_id, title, year) VALUES (729, 'Carnaval', '1987-01-01');
INSERT INTO releases (album_id, description, year) VALUES (428, 'Standard CD', '1987-01-01');
INSERT INTO tracks (artist_id, album_id, release_id, number, title, length) VALUES (729, 428, 428, 1, 'Variations sur Le Carnaval de Venise', '0:7:35');
INSERT INTO tracks (artist_id, album_id, release_id, number, title, length) VALUES (729, 428, 428, 2, 'The Debutante (Caprice Brillant)', '0:5:51');
INSERT INTO tracks (artist_id, album_id, release_id, number, title, length) VALUES (729, 428, 428, 3, 'Believe Me, If All Those Those Endearing Young Charms', '0:3:27');
INSERT INTO tracks (artist_id, album_id, release_id, number, title, length) VALUES (729, 428, 428, 4, 'Grand Russian Fantasia', '0:6:21');
INSERT INTO tracks (artist_id, album_id, release_id, number, title, length) VALUES (729, 428, 428, 5, 'Moto Perpetuo Op 11', '0:4:33');
INSERT INTO tracks (artist_id, album_id, release_id, number, title, length) VALUES (729, 428, 428, 6, '''Tis the Last Rose of Summer', '0:1:47');
INSERT INTO tracks (artist_id, album_id, release_id, number, title, length) VALUES (729, 428, 428, 7, 'The Flight of the Bumblebee from Tsar Saltan', '0:1:4');
INSERT INTO tracks (artist_id, album_id, release_id, number, title, length) VALUES (729, 428, 428, 8, 'Napoli -- Variations on a Neapolitan Song', '0:5:44');
INSERT INTO tracks (artist_id, album_id, release_id, number, title, length) VALUES (729, 428, 428, 9, 'Fantaisie Brillante', '0:8:18');
INSERT INTO tracks (artist_id, album_id, release_id, number, title, length) VALUES (729, 428, 428, 10, 'Sometimes I feel Like a Motherless Child', '0:3:21');
INSERT INTO tracks (artist_id, album_id, release_id, number, title, length) VALUES (729, 428, 428, 11, 'Valse Brillante (Sounds From the Hudson)', '0:8:4');
INSERT INTO albums (artist_id, title, year) VALUES (729, 'Crescent City Christmas Card', '1900-01-01');
INSERT INTO releases (album_id, description, year) VALUES (429, 'Standard CD', '1900-01-01');
INSERT INTO tracks (artist_id, album_id, release_id, number, title, length) VALUES (729, 429, 429, 1, 'Carol of the Bells', '0:4:56');
INSERT INTO tracks (artist_id, album_id, release_id, number, title, length) VALUES (729, 429, 429, 2, 'Silent Night', '0:4:47');
INSERT INTO tracks (artist_id, album_id, release_id, number, title, length) VALUES (729, 429, 429, 3, 'Hark! The Herald Angels Sing', '0:3:9');
INSERT INTO tracks (artist_id, album_id, release_id, number, title, length) VALUES (729, 429, 429, 4, 'Little Drummer Boy', '0:5:29');
INSERT INTO tracks (artist_id, album_id, release_id, number, title, length) VALUES (729, 429, 429, 5, 'We Three Kings', '0:5:22');
INSERT INTO tracks (artist_id, album_id, release_id, number, title, length) VALUES (729, 429, 429, 6, 'Oh Tannenbaum', '0:1:39');
INSERT INTO tracks (artist_id, album_id, release_id, number, title, length) VALUES (729, 429, 429, 7, 'Sleigh Ride', '0:4:29');
INSERT INTO tracks (artist_id, album_id, release_id, number, title, length) VALUES (729, 429, 429, 8, 'Let It Snow! Let It Snow! Let It Snow!', '0:4:20');
INSERT INTO tracks (artist_id, album_id, release_id, number, title, length) VALUES (729, 429, 429, 9, 'God Rest Ye Merry Gentlemen', '0:5:43');
INSERT INTO tracks (artist_id, album_id, release_id, number, title, length) VALUES (729, 429, 429, 10, 'Winter Wonderland', '0:2:55');
INSERT INTO tracks (artist_id, album_id, release_id, number, title, length) VALUES (729, 429, 429, 11, 'Jingle Bells', '0:3:23');
INSERT INTO tracks (artist_id, album_id, release_id, number, title, length) VALUES (729, 429, 429, 12, 'O Come All Ye Faithfull', '0:1:37');
INSERT INTO tracks (artist_id, album_id, release_id, number, title, length) VALUES (729, 429, 429, 13, 'Twas The Night Before Christmas', '0:8:7');
INSERT INTO artists (name) VALUES ('Elmo & Patsy');
INSERT INTO albums (artist_id, title, year) VALUES (730, 'Grandma Got Run Over By A Reindeer', '1984-01-01');
INSERT INTO releases (album_id, description, year) VALUES (430, 'Standard CD', '1984-01-01');
INSERT INTO tracks (artist_id, album_id, release_id, number, title, length) VALUES (730, 430, 430, 1, 'Grandma Got Run Over By A Reindeer', '0:3:29');
INSERT INTO tracks (artist_id, album_id, release_id, number, title, length) VALUES (730, 430, 430, 2, 'Rudolph The Red-Nosed Reindeer', '0:3:9');
INSERT INTO tracks (artist_id, album_id, release_id, number, title, length) VALUES (730, 430, 430, 3, 'Percy, The Puny Poinsettia', '0:2:47');
INSERT INTO tracks (artist_id, album_id, release_id, number, title, length) VALUES (730, 430, 430, 4, 'Jingle Bell Rock', '0:2:22');
INSERT INTO tracks (artist_id, album_id, release_id, number, title, length) VALUES (730, 430, 430, 5, 'Here''s To The Lonely', '0:3:51');
INSERT INTO tracks (artist_id, album_id, release_id, number, title, length) VALUES (730, 430, 430, 6, 'Señor Santa Claus', '0:3:24');
INSERT INTO tracks (artist_id, album_id, release_id, number, title, length) VALUES (730, 430, 430, 7, 'Joy To The World', '0:2:6');
INSERT INTO tracks (artist_id, album_id, release_id, number, title, length) VALUES (730, 430, 430, 8, 'Jingle Bells', '0:3:3');
INSERT INTO tracks (artist_id, album_id, release_id, number, title, length) VALUES (730, 430, 430, 9, 'Christmas', '0:2:8');
INSERT INTO tracks (artist_id, album_id, release_id, number, title, length) VALUES (730, 430, 430, 10, 'Silent Night', '0:3:41');
INSERT INTO artists (name) VALUES ('Stan Kenton And His Orchestra');
INSERT INTO albums (artist_id, title, year) VALUES (731, 'Kenton ''76', '1900-01-01');
INSERT INTO releases (album_id, description, year) VALUES (431, 'Standard CD', '1900-01-01');
INSERT INTO tracks (artist_id, album_id, release_id, number, title, length) VALUES (731, 431, 431, 1, 'Time For A Change', '0:6:4');
INSERT INTO tracks (artist_id, album_id, release_id, number, title, length) VALUES (731, 431, 431, 2, 'Send In The Clowns', '0:5:18');
INSERT INTO tracks (artist_id, album_id, release_id, number, title, length) VALUES (731, 431, 431, 3, 'Tiburon', '0:7:32');
INSERT INTO tracks (artist_id, album_id, release_id, number, title, length) VALUES (731, 431, 431, 4, 'My Funny Valentine', '0:4:48');
INSERT INTO tracks (artist_id, album_id, release_id, number, title, length) VALUES (731, 431, 431, 5, 'Decoupage', '0:4:45');
INSERT INTO tracks (artist_id, album_id, release_id, number, title, length) VALUES (731, 431, 431, 6, 'A Smith Named Greg', '0:6:38');
INSERT INTO tracks (artist_id, album_id, release_id, number, title, length) VALUES (731, 431, 431, 7, 'Samba de Haps', '0:3:52');
INSERT INTO artists (name) VALUES ('Huey Lewis And The News');
INSERT INTO albums (artist_id, title, year) VALUES (732, 'Sports', '1984-01-01');
INSERT INTO releases (album_id, description, year) VALUES (432, 'Standard CD', '1984-01-01');
INSERT INTO tracks (artist_id, album_id, release_id, number, title, length) VALUES (732, 432, 432, 1, 'The Heart Of Rock & Roll', '0:5:4');
INSERT INTO tracks (artist_id, album_id, release_id, number, title, length) VALUES (732, 432, 432, 2, 'Heart And Soul', '0:4:12');
INSERT INTO tracks (artist_id, album_id, release_id, number, title, length) VALUES (732, 432, 432, 3, 'Bad Is Bad', '0:3:47');
INSERT INTO tracks (artist_id, album_id, release_id, number, title, length) VALUES (732, 432, 432, 4, 'I Want A New Drug', '0:4:46');
INSERT INTO tracks (artist_id, album_id, release_id, number, title, length) VALUES (732, 432, 432, 5, 'Walking On A Thin Line', '0:5:11');
INSERT INTO tracks (artist_id, album_id, release_id, number, title, length) VALUES (732, 432, 432, 6, 'Finally Found A Home', '0:3:43');
INSERT INTO tracks (artist_id, album_id, release_id, number, title, length) VALUES (732, 432, 432, 7, 'If This Is It', '0:3:54');
INSERT INTO tracks (artist_id, album_id, release_id, number, title, length) VALUES (732, 432, 432, 8, 'You Crack Me Up', '0:3:43');
INSERT INTO tracks (artist_id, album_id, release_id, number, title, length) VALUES (732, 432, 432, 9, 'Honky Tonk Blues', '0:3:19');
INSERT INTO artists (name) VALUES ('The Manhattan Transfer');
INSERT INTO albums (artist_id, title, year) VALUES (733, 'Extensions', '1979-01-01');
INSERT INTO releases (album_id, description, year) VALUES (433, 'Standard CD', '1979-01-01');
INSERT INTO tracks (artist_id, album_id, release_id, number, title, length) VALUES (733, 433, 433, 1, 'Birdland', '0:6:2');
INSERT INTO tracks (artist_id, album_id, release_id, number, title, length) VALUES (733, 433, 433, 2, 'Wacky Dust', '0:3:9');
INSERT INTO tracks (artist_id, album_id, release_id, number, title, length) VALUES (733, 433, 433, 3, 'Nothin'' You Can Do About It', '0:4:29');
INSERT INTO tracks (artist_id, album_id, release_id, number, title, length) VALUES (733, 433, 433, 4, 'Coo Coo U', '0:2:15');
INSERT INTO tracks (artist_id, album_id, release_id, number, title, length) VALUES (733, 433, 433, 5, 'Body And Soul', '0:4:29');
INSERT INTO tracks (artist_id, album_id, release_id, number, title, length) VALUES (733, 433, 433, 6, 'Twilight ToneZone', '0:6:6');
INSERT INTO tracks (artist_id, album_id, release_id, number, title, length) VALUES (733, 433, 433, 7, 'Trickle Trickle', '0:2:20');
INSERT INTO tracks (artist_id, album_id, release_id, number, title, length) VALUES (733, 433, 433, 8, 'Shaker Song', '0:4:32');
INSERT INTO tracks (artist_id, album_id, release_id, number, title, length) VALUES (733, 433, 433, 9, 'Foreign Affair', '0:3:52');
INSERT INTO albums (artist_id, title, year) VALUES (733, 'Mecca For Moderns', '1981-01-01');
INSERT INTO releases (album_id, description, year) VALUES (434, 'Standard CD', '1981-01-01');
INSERT INTO tracks (artist_id, album_id, release_id, number, title, length) VALUES (733, 434, 434, 1, 'On The Boulevard', '0:4:8');
INSERT INTO tracks (artist_id, album_id, release_id, number, title, length) VALUES (733, 434, 434, 2, 'Boy From New York City', '0:3:40');
INSERT INTO tracks (artist_id, album_id, release_id, number, title, length) VALUES (733, 434, 434, 3, '(Wanted) Dead or Alive', '0:3:25');
INSERT INTO tracks (artist_id, album_id, release_id, number, title, length) VALUES (733, 434, 434, 4, 'Spies In the Night', '0:4:3');
INSERT INTO tracks (artist_id, album_id, release_id, number, title, length) VALUES (733, 434, 434, 5, 'Smile Again', '0:4:34');
INSERT INTO tracks (artist_id, album_id, release_id, number, title, length) VALUES (733, 434, 434, 6, 'Until I Met You (Corner Pocket)', '0:5:17');
INSERT INTO tracks (artist_id, album_id, release_id, number, title, length) VALUES (733, 434, 434, 7, '(The Word Of) Confirmation', '0:3:14');
INSERT INTO tracks (artist_id, album_id, release_id, number, title, length) VALUES (733, 434, 434, 8, 'Kafka', '0:4:12');
INSERT INTO tracks (artist_id, album_id, release_id, number, title, length) VALUES (733, 434, 434, 9, 'A Nightingale Sang In Berkeley Square', '0:3:47');
INSERT INTO albums (artist_id, title, year) VALUES (733, 'Christmas Album', '1992-01-01');
INSERT INTO releases (album_id, description, year) VALUES (435, 'Standard CD', '1992-01-01');
INSERT INTO tracks (artist_id, album_id, release_id, number, title, length) VALUES (733, 435, 435, 1, 'Snowfall', '0:5:35');
INSERT INTO tracks (artist_id, album_id, release_id, number, title, length) VALUES (733, 435, 435, 2, 'Let It Snow, Let It Snow, Let It Snow', '0:4:34');
INSERT INTO tracks (artist_id, album_id, release_id, number, title, length) VALUES (733, 435, 435, 3, 'Santa Claus Is Coming To Town, Santa Man (Medley)', '0:3:2');
INSERT INTO tracks (artist_id, album_id, release_id, number, title, length) VALUES (733, 435, 435, 4, 'The Christmas Song (Chestnuts Roasting On An Open Fire)', '0:4:40');
INSERT INTO tracks (artist_id, album_id, release_id, number, title, length) VALUES (733, 435, 435, 5, 'Silent Night, Holy Night', '0:5:55');
INSERT INTO tracks (artist_id, album_id, release_id, number, title, length) VALUES (733, 435, 435, 6, 'Caroling, Caroling', '0:1:24');
INSERT INTO tracks (artist_id, album_id, release_id, number, title, length) VALUES (733, 435, 435, 7, 'Happy Holiday, The Holiday Season (Medley)', '0:4:6');
INSERT INTO tracks (artist_id, album_id, release_id, number, title, length) VALUES (733, 435, 435, 8, 'A Christmas Love Song', '0:4:8');
INSERT INTO tracks (artist_id, album_id, release_id, number, title, length) VALUES (733, 435, 435, 9, 'It Came Upon The Midnight Clear', '0:5:55');
INSERT INTO tracks (artist_id, album_id, release_id, number, title, length) VALUES (733, 435, 435, 10, 'Have Yourself A Merry Little Christmas', '0:4:39');
INSERT INTO tracks (artist_id, album_id, release_id, number, title, length) VALUES (733, 435, 435, 11, 'Goodnight', '0:3:50');
INSERT INTO artists (name) VALUES ('Bee Gees');
INSERT INTO albums (artist_id, title, year) VALUES (734, 'Number Ones', '2004-01-01');
INSERT INTO releases (album_id, description, year) VALUES (436, 'Standard CD', '2004-01-01');
INSERT INTO tracks (artist_id, album_id, release_id, number, title, length) VALUES (734, 436, 436, 1, 'Massachusetts', '0:2:26');
INSERT INTO tracks (artist_id, album_id, release_id, number, title, length) VALUES (734, 436, 436, 2, 'World', '0:3:16');
INSERT INTO tracks (artist_id, album_id, release_id, number, title, length) VALUES (734, 436, 436, 3, 'Words', '0:3:17');
INSERT INTO tracks (artist_id, album_id, release_id, number, title, length) VALUES (734, 436, 436, 4, 'I''ve Gotta Get A Message To You', '0:2:52');
INSERT INTO tracks (artist_id, album_id, release_id, number, title, length) VALUES (734, 436, 436, 5, 'I Started A Joke', '0:3:10');
INSERT INTO tracks (artist_id, album_id, release_id, number, title, length) VALUES (734, 436, 436, 6, 'Don''t Forget To Remember', '0:3:29');
INSERT INTO tracks (artist_id, album_id, release_id, number, title, length) VALUES (734, 436, 436, 7, 'Lonely Days', '0:3:48');
INSERT INTO tracks (artist_id, album_id, release_id, number, title, length) VALUES (734, 436, 436, 8, 'How Can You Mend A Broken Heart', '0:3:58');
INSERT INTO tracks (artist_id, album_id, release_id, number, title, length) VALUES (734, 436, 436, 9, 'Jive Talkin''', '0:3:46');
INSERT INTO tracks (artist_id, album_id, release_id, number, title, length) VALUES (734, 436, 436, 10, 'You Should Be Dancing', '0:4:18');
INSERT INTO tracks (artist_id, album_id, release_id, number, title, length) VALUES (734, 436, 436, 11, 'Love So Right', '0:3:37');
INSERT INTO tracks (artist_id, album_id, release_id, number, title, length) VALUES (734, 436, 436, 12, 'How Deep Is Your Love', '0:4:2');
INSERT INTO tracks (artist_id, album_id, release_id, number, title, length) VALUES (734, 436, 436, 13, 'Stayin'' Alive', '0:4:46');
INSERT INTO tracks (artist_id, album_id, release_id, number, title, length) VALUES (734, 436, 436, 14, 'Night Fever', '0:3:30');
INSERT INTO tracks (artist_id, album_id, release_id, number, title, length) VALUES (734, 436, 436, 15, 'Too Much Heaven', '0:4:57');
INSERT INTO tracks (artist_id, album_id, release_id, number, title, length) VALUES (734, 436, 436, 16, 'Tragedy', '0:5:3');
INSERT INTO tracks (artist_id, album_id, release_id, number, title, length) VALUES (734, 436, 436, 17, 'Love You Inside Out', '0:4:12');
INSERT INTO tracks (artist_id, album_id, release_id, number, title, length) VALUES (734, 436, 436, 18, 'You Win Again', '0:4:3');
INSERT INTO tracks (artist_id, album_id, release_id, number, title, length) VALUES (734, 436, 436, 19, 'Man In The Middle', '0:4:21');
INSERT INTO artists (name) VALUES ('ABBA');
INSERT INTO albums (artist_id, title, year) VALUES (735, 'The Definitive Collection', '2002-01-01');
INSERT INTO releases (album_id, description, year) VALUES (437, 'Standard CD', '2002-01-01');
INSERT INTO tracks (artist_id, album_id, release_id, number, title, length) VALUES (735, 437, 437, 1, 'People Need Love', '0:2:45');
INSERT INTO tracks (artist_id, album_id, release_id, number, title, length) VALUES (735, 437, 437, 2, 'He Is Your Brother', '0:3:18');
INSERT INTO tracks (artist_id, album_id, release_id, number, title, length) VALUES (735, 437, 437, 3, 'Ring Ring', '0:3:4');
INSERT INTO tracks (artist_id, album_id, release_id, number, title, length) VALUES (735, 437, 437, 4, 'Love Isn''t Easy (But It Sure Is Hard Enough)', '0:2:53');
INSERT INTO tracks (artist_id, album_id, release_id, number, title, length) VALUES (735, 437, 437, 5, 'Waterloo', '0:2:47');
INSERT INTO tracks (artist_id, album_id, release_id, number, title, length) VALUES (735, 437, 437, 6, 'Honey, Honey', '0:2:55');
INSERT INTO tracks (artist_id, album_id, release_id, number, title, length) VALUES (735, 437, 437, 7, 'So Long', '0:3:5');
INSERT INTO tracks (artist_id, album_id, release_id, number, title, length) VALUES (735, 437, 437, 8, 'I Do, I Do, I Do, I Do, I Do', '0:3:16');
INSERT INTO tracks (artist_id, album_id, release_id, number, title, length) VALUES (735, 437, 437, 9, 'Sos', '0:3:20');
INSERT INTO tracks (artist_id, album_id, release_id, number, title, length) VALUES (735, 437, 437, 10, 'Mamma Mia', '0:3:32');
INSERT INTO tracks (artist_id, album_id, release_id, number, title, length) VALUES (735, 437, 437, 11, 'Fernando', '0:4:14');
INSERT INTO tracks (artist_id, album_id, release_id, number, title, length) VALUES (735, 437, 437, 12, 'Dancing Queen', '0:3:51');
INSERT INTO tracks (artist_id, album_id, release_id, number, title, length) VALUES (735, 437, 437, 13, 'Money, Money, Money', '0:3:5');
INSERT INTO tracks (artist_id, album_id, release_id, number, title, length) VALUES (735, 437, 437, 14, 'Knowing Me, Knowing You', '0:4:1');
INSERT INTO tracks (artist_id, album_id, release_id, number, title, length) VALUES (735, 437, 437, 15, 'The Name Of The Game', '0:4:52');
INSERT INTO tracks (artist_id, album_id, release_id, number, title, length) VALUES (735, 437, 437, 16, 'Take A Chance On Me', '0:4:5');
INSERT INTO tracks (artist_id, album_id, release_id, number, title, length) VALUES (735, 437, 437, 17, 'Eagle', '0:4:27');
INSERT INTO tracks (artist_id, album_id, release_id, number, title, length) VALUES (735, 437, 437, 18, 'Summer Night City', '0:3:35');
INSERT INTO tracks (artist_id, album_id, release_id, number, title, length) VALUES (735, 437, 437, 19, 'Chiquitita', '0:5:24');
INSERT INTO tracks (artist_id, album_id, release_id, number, title, length) VALUES (735, 437, 437, 20, 'Does Your Mother Know', '0:3:13');
INSERT INTO tracks (artist_id, album_id, release_id, number, title, length) VALUES (735, 437, 437, 1, 'Voulez-Vous', '0:5:8');
INSERT INTO tracks (artist_id, album_id, release_id, number, title, length) VALUES (735, 437, 437, 2, 'Angeleyes', '0:4:19');
INSERT INTO tracks (artist_id, album_id, release_id, number, title, length) VALUES (735, 437, 437, 3, 'Gimme! Gimme! Gimme! (A Man After Midnight)', '0:4:50');
INSERT INTO tracks (artist_id, album_id, release_id, number, title, length) VALUES (735, 437, 437, 4, 'I Have A Dream', '0:4:42');
INSERT INTO tracks (artist_id, album_id, release_id, number, title, length) VALUES (735, 437, 437, 5, 'The Winner Takes It All', '0:4:56');
INSERT INTO tracks (artist_id, album_id, release_id, number, title, length) VALUES (735, 437, 437, 6, 'Super Trouper', '0:4:13');
INSERT INTO tracks (artist_id, album_id, release_id, number, title, length) VALUES (735, 437, 437, 7, 'On And On And On', '0:3:42');
INSERT INTO tracks (artist_id, album_id, release_id, number, title, length) VALUES (735, 437, 437, 8, 'Lay All Your Love On Me', '0:4:34');
INSERT INTO tracks (artist_id, album_id, release_id, number, title, length) VALUES (735, 437, 437, 9, 'One Of Us', '0:3:56');
INSERT INTO tracks (artist_id, album_id, release_id, number, title, length) VALUES (735, 437, 437, 10, 'When All Is Said And Done', '0:3:17');
INSERT INTO tracks (artist_id, album_id, release_id, number, title, length) VALUES (735, 437, 437, 11, 'Head Over Heels', '0:3:47');
INSERT INTO tracks (artist_id, album_id, release_id, number, title, length) VALUES (735, 437, 437, 12, 'The Visitors (Crackin'' Up)', '0:5:46');
INSERT INTO tracks (artist_id, album_id, release_id, number, title, length) VALUES (735, 437, 437, 13, 'The Day Before You Came', '0:5:51');
INSERT INTO tracks (artist_id, album_id, release_id, number, title, length) VALUES (735, 437, 437, 14, 'Under Attack', '0:3:47');
INSERT INTO tracks (artist_id, album_id, release_id, number, title, length) VALUES (735, 437, 437, 15, 'Thank You For The Music', '0:3:51');
INSERT INTO tracks (artist_id, album_id, release_id, number, title, length) VALUES (735, 437, 437, 16, 'Ring Ring (1974 Remix, Single Version)', '0:3:10');
INSERT INTO tracks (artist_id, album_id, release_id, number, title, length) VALUES (735, 437, 437, 17, 'Voulez-Vous (Extended Remix, 1979 Us Promo)', '0:6:7');
INSERT INTO artists (name) VALUES ('Jimmy Buffett');
INSERT INTO albums (artist_id, title, year) VALUES (736, 'Encores', '2010-01-01');
INSERT INTO releases (album_id, description, year) VALUES (438, 'Standard CD', '2010-01-01');
INSERT INTO tracks (artist_id, album_id, release_id, number, title, length) VALUES (736, 438, 438, 1, 'Come Monday', '0:3:52');
INSERT INTO tracks (artist_id, album_id, release_id, number, title, length) VALUES (736, 438, 438, 2, 'Tin Cup Chalice', '0:3:53');
INSERT INTO tracks (artist_id, album_id, release_id, number, title, length) VALUES (736, 438, 438, 3, 'Growing Older But Not Up', '0:4:0');
INSERT INTO tracks (artist_id, album_id, release_id, number, title, length) VALUES (736, 438, 438, 4, 'Coast of Carolina', '0:4:42');
INSERT INTO tracks (artist_id, album_id, release_id, number, title, length) VALUES (736, 438, 438, 5, 'Paradise', '0:3:59');
INSERT INTO tracks (artist_id, album_id, release_id, number, title, length) VALUES (736, 438, 438, 6, 'Do You Know What It Means To Miss New Orleans', '0:4:18');
INSERT INTO tracks (artist_id, album_id, release_id, number, title, length) VALUES (736, 438, 438, 7, 'Nautical Wheelers', '0:3:53');
INSERT INTO tracks (artist_id, album_id, release_id, number, title, length) VALUES (736, 438, 438, 8, 'Trying To Reason With Hurricane Season', '0:4:58');
INSERT INTO tracks (artist_id, album_id, release_id, number, title, length) VALUES (736, 438, 438, 9, 'Banana Republics', '0:5:19');
INSERT INTO tracks (artist_id, album_id, release_id, number, title, length) VALUES (736, 438, 438, 10, 'He Went To Paris', '0:4:27');
INSERT INTO tracks (artist_id, album_id, release_id, number, title, length) VALUES (736, 438, 438, 11, 'Last Mango In Paris', '0:4:19');
INSERT INTO tracks (artist_id, album_id, release_id, number, title, length) VALUES (736, 438, 438, 1, 'L''Air De La Louisiane', '0:3:8');
INSERT INTO tracks (artist_id, album_id, release_id, number, title, length) VALUES (736, 438, 438, 2, 'Reggaebilly Hill', '0:3:53');
INSERT INTO tracks (artist_id, album_id, release_id, number, title, length) VALUES (736, 438, 438, 3, 'Coast 0f Marseilles', '0:4:37');
INSERT INTO tracks (artist_id, album_id, release_id, number, title, length) VALUES (736, 438, 438, 4, 'Lovely Cruise', '0:3:22');
INSERT INTO tracks (artist_id, album_id, release_id, number, title, length) VALUES (736, 438, 438, 5, 'Oysters And Pearls', '0:3:49');
INSERT INTO tracks (artist_id, album_id, release_id, number, title, length) VALUES (736, 438, 438, 6, 'Wildflowers', '0:3:55');
INSERT INTO tracks (artist_id, album_id, release_id, number, title, length) VALUES (736, 438, 438, 7, 'Defying Gravity', '0:3:15');
INSERT INTO tracks (artist_id, album_id, release_id, number, title, length) VALUES (736, 438, 438, 8, 'It''s A Big Old Goofy World', '0:4:52');
INSERT INTO tracks (artist_id, album_id, release_id, number, title, length) VALUES (736, 438, 438, 9, 'Death Of An Unpopular Poet', '0:3:16');
INSERT INTO tracks (artist_id, album_id, release_id, number, title, length) VALUES (736, 438, 438, 10, 'Blowin In The Wind', '0:4:13');
INSERT INTO tracks (artist_id, album_id, release_id, number, title, length) VALUES (736, 438, 438, 11, 'A Pirate Looks At Forty', '0:5:2');
INSERT INTO albums (artist_id, title, year) VALUES (736, 'Greatest Hits Songs You Know By Heart', '1985-01-01');
INSERT INTO releases (album_id, description, year) VALUES (439, 'Standard CD', '1985-01-01');
INSERT INTO tracks (artist_id, album_id, release_id, number, title, length) VALUES (736, 439, 439, 1, 'Cheeseburger in Paradise', '0:2:51');
INSERT INTO tracks (artist_id, album_id, release_id, number, title, length) VALUES (736, 439, 439, 2, 'He Went to Paris', '0:3:29');
INSERT INTO tracks (artist_id, album_id, release_id, number, title, length) VALUES (736, 439, 439, 3, 'Fins', '0:3:25');
INSERT INTO tracks (artist_id, album_id, release_id, number, title, length) VALUES (736, 439, 439, 4, 'Son of a Son of a Sailor', '0:3:24');
INSERT INTO tracks (artist_id, album_id, release_id, number, title, length) VALUES (736, 439, 439, 5, 'A Pirate Looks at Forty', '0:3:52');
INSERT INTO tracks (artist_id, album_id, release_id, number, title, length) VALUES (736, 439, 439, 6, 'Margaritaville', '0:4:11');
INSERT INTO tracks (artist_id, album_id, release_id, number, title, length) VALUES (736, 439, 439, 7, 'Come Monday', '0:3:9');
INSERT INTO tracks (artist_id, album_id, release_id, number, title, length) VALUES (736, 439, 439, 8, 'Changes in Latitudes, Changes in Attitudes', '0:3:15');
INSERT INTO tracks (artist_id, album_id, release_id, number, title, length) VALUES (736, 439, 439, 9, 'Why Don''t We Get Drunk', '0:2:42');
INSERT INTO tracks (artist_id, album_id, release_id, number, title, length) VALUES (736, 439, 439, 10, 'Pencil Thin Mustache', '0:2:50');
INSERT INTO tracks (artist_id, album_id, release_id, number, title, length) VALUES (736, 439, 439, 11, 'Grapefruit-Juicy Fruit', '0:2:56');
INSERT INTO tracks (artist_id, album_id, release_id, number, title, length) VALUES (736, 439, 439, 12, 'Boat Drinks', '0:2:37');
INSERT INTO tracks (artist_id, album_id, release_id, number, title, length) VALUES (736, 439, 439, 13, 'Volcano', '0:3:38');
INSERT INTO albums (artist_id, title, year) VALUES (736, 'Christmas Island', '1996-01-01');
INSERT INTO releases (album_id, description, year) VALUES (440, 'Standard CD', '1996-01-01');
INSERT INTO tracks (artist_id, album_id, release_id, number, title, length) VALUES (736, 440, 440, 1, 'Christmas Island', '0:2:56');
INSERT INTO tracks (artist_id, album_id, release_id, number, title, length) VALUES (736, 440, 440, 2, 'Jingle Bells', '0:3:52');
INSERT INTO tracks (artist_id, album_id, release_id, number, title, length) VALUES (736, 440, 440, 3, 'A Sailor''s Christmas', '0:5:13');
INSERT INTO tracks (artist_id, album_id, release_id, number, title, length) VALUES (736, 440, 440, 4, 'Happy Xmas (War Is Over)', '0:5:44');
INSERT INTO tracks (artist_id, album_id, release_id, number, title, length) VALUES (736, 440, 440, 5, 'Up On The House Top', '0:3:35');
INSERT INTO tracks (artist_id, album_id, release_id, number, title, length) VALUES (736, 440, 440, 6, 'Mele Kalikimaka', '0:2:58');
INSERT INTO tracks (artist_id, album_id, release_id, number, title, length) VALUES (736, 440, 440, 7, 'Run Rudolph Run', '0:2:38');
INSERT INTO tracks (artist_id, album_id, release_id, number, title, length) VALUES (736, 440, 440, 8, 'Ho Ho Ho And A Bottle of Rhum', '0:4:10');
INSERT INTO tracks (artist_id, album_id, release_id, number, title, length) VALUES (736, 440, 440, 9, 'I''ll Be Home For Christmas', '0:4:4');
INSERT INTO tracks (artist_id, album_id, release_id, number, title, length) VALUES (736, 440, 440, 10, 'Merry Christmas, Alabama (Never Far From Home)', '0:8:21');
INSERT INTO artists (name) VALUES ('Stanley Jordan');
INSERT INTO albums (artist_id, title, year) VALUES (737, 'Magic Touch', '1985-01-01');
INSERT INTO releases (album_id, description, year) VALUES (441, 'Standard CD', '1985-01-01');
INSERT INTO tracks (artist_id, album_id, release_id, number, title, length) VALUES (737, 441, 441, 1, 'Eleanor Rigby', '0:7:1');
INSERT INTO tracks (artist_id, album_id, release_id, number, title, length) VALUES (737, 441, 441, 2, 'Freddie Freeloader', '0:6:9');
INSERT INTO tracks (artist_id, album_id, release_id, number, title, length) VALUES (737, 441, 441, 3, 'Round Midnight', '0:5:8');
INSERT INTO tracks (artist_id, album_id, release_id, number, title, length) VALUES (737, 441, 441, 4, 'All The Children', '0:5:2');
INSERT INTO tracks (artist_id, album_id, release_id, number, title, length) VALUES (737, 441, 441, 5, 'The Lady In My Life', '0:6:26');
INSERT INTO tracks (artist_id, album_id, release_id, number, title, length) VALUES (737, 441, 441, 6, 'Angel', '0:4:14');
INSERT INTO tracks (artist_id, album_id, release_id, number, title, length) VALUES (737, 441, 441, 7, 'Fundance', '0:2:35');
INSERT INTO tracks (artist_id, album_id, release_id, number, title, length) VALUES (737, 441, 441, 8, 'New Love', '0:5:37');
INSERT INTO tracks (artist_id, album_id, release_id, number, title, length) VALUES (737, 441, 441, 9, 'Return Expedition', '0:8:4');
INSERT INTO tracks (artist_id, album_id, release_id, number, title, length) VALUES (737, 441, 441, 10, 'A Child Is Born', '0:3:33');
INSERT INTO artists (name) VALUES ('Sauter Finegan Orchestra');
INSERT INTO albums (artist_id, title, year) VALUES (738, 'Directions in Music', '1952-01-01');
INSERT INTO releases (album_id, description, year) VALUES (442, 'Standard CD', '1952-01-01');
INSERT INTO tracks (artist_id, album_id, release_id, number, title, length) VALUES (738, 442, 442, 1, 'Doodeltown Fifers', '0:3:16');
INSERT INTO tracks (artist_id, album_id, release_id, number, title, length) VALUES (738, 442, 442, 2, 'Azure-te', '0:3:33');
INSERT INTO tracks (artist_id, album_id, release_id, number, title, length) VALUES (738, 442, 442, 3, 'When Hearts Are Young', '0:3:10');
INSERT INTO tracks (artist_id, album_id, release_id, number, title, length) VALUES (738, 442, 442, 4, 'April In Paris', '0:2:59');
INSERT INTO tracks (artist_id, album_id, release_id, number, title, length) VALUES (738, 442, 442, 5, 'Moonlight Sleighride', '0:3:2');
INSERT INTO tracks (artist_id, album_id, release_id, number, title, length) VALUES (738, 442, 442, 6, 'Nina Never Knew', '0:3:20');
INSERT INTO tracks (artist_id, album_id, release_id, number, title, length) VALUES (738, 442, 442, 7, 'Love Is A Simple Thing', '0:3:14');
INSERT INTO tracks (artist_id, album_id, release_id, number, title, length) VALUES (738, 442, 442, 8, 'A Foggy Day', '0:2:51');
INSERT INTO tracks (artist_id, album_id, release_id, number, title, length) VALUES (738, 442, 442, 9, 'How About Choo', '0:2:17');
INSERT INTO tracks (artist_id, album_id, release_id, number, title, length) VALUES (738, 442, 442, 10, 'Autumn Leaves', '0:3:13');
INSERT INTO tracks (artist_id, album_id, release_id, number, title, length) VALUES (738, 442, 442, 11, 'Two Bats In A Cave', '0:2:17');
INSERT INTO tracks (artist_id, album_id, release_id, number, title, length) VALUES (738, 442, 442, 12, 'Over The Rainbow', '0:4:3');
INSERT INTO tracks (artist_id, album_id, release_id, number, title, length) VALUES (738, 442, 442, 13, 'Wild Wings In The Woods', '0:2:14');
INSERT INTO tracks (artist_id, album_id, release_id, number, title, length) VALUES (738, 442, 442, 14, 'These Foolish Things', '0:6:20');
INSERT INTO tracks (artist_id, album_id, release_id, number, title, length) VALUES (738, 442, 442, 15, 'Horseplay', '0:5:54');
INSERT INTO tracks (artist_id, album_id, release_id, number, title, length) VALUES (738, 442, 442, 16, 'Dream Play', '0:6:3');
INSERT INTO tracks (artist_id, album_id, release_id, number, title, length) VALUES (738, 442, 442, 17, 'Clarinet A La King', '0:3:21');
INSERT INTO tracks (artist_id, album_id, release_id, number, title, length) VALUES (738, 442, 442, 18, 'Old Folks', '0:3:28');
INSERT INTO tracks (artist_id, album_id, release_id, number, title, length) VALUES (738, 442, 442, 19, 'The Thundisbreak', '0:2:18');
INSERT INTO artists (name) VALUES ('New York Voices');
INSERT INTO albums (artist_id, title, year) VALUES (739, 'New York Voices', '1989-01-01');
INSERT INTO releases (album_id, description, year) VALUES (443, 'Standard CD', '1989-01-01');
INSERT INTO tracks (artist_id, album_id, release_id, number, title, length) VALUES (739, 443, 443, 1, 'National Amnesia', '0:5:15');
INSERT INTO tracks (artist_id, album_id, release_id, number, title, length) VALUES (739, 443, 443, 2, 'Caravan', '0:5:2');
INSERT INTO tracks (artist_id, album_id, release_id, number, title, length) VALUES (739, 443, 443, 3, 'Top Secret', '0:6:20');
INSERT INTO tracks (artist_id, album_id, release_id, number, title, length) VALUES (739, 443, 443, 4, 'Dare the Moon', '0:6:12');
INSERT INTO tracks (artist_id, album_id, release_id, number, title, length) VALUES (739, 443, 443, 5, 'Now or Never', '0:4:51');
INSERT INTO tracks (artist_id, album_id, release_id, number, title, length) VALUES (739, 443, 443, 6, 'Who Knows', '0:6:31');
INSERT INTO tracks (artist_id, album_id, release_id, number, title, length) VALUES (739, 443, 443, 7, 'Street Party', '0:5:16');
INSERT INTO tracks (artist_id, album_id, release_id, number, title, length) VALUES (739, 443, 443, 8, 'Baroque Samba', '0:5:8');
INSERT INTO tracks (artist_id, album_id, release_id, number, title, length) VALUES (739, 443, 443, 9, '''Round Midnight', '0:8:31');
INSERT INTO tracks (artist_id, album_id, release_id, number, title, length) VALUES (739, 443, 443, 10, 'Come Home', '0:2:53');
INSERT INTO artists (name) VALUES ('Bennie Wallace');
INSERT INTO albums (artist_id, title, year) VALUES (740, 'Bordertown', '1988-01-01');
INSERT INTO releases (album_id, description, year) VALUES (444, 'Standard CD', '1988-01-01');
INSERT INTO tracks (artist_id, album_id, release_id, number, title, length) VALUES (740, 444, 444, 1, 'Skanctified', '0:8:32');
INSERT INTO tracks (artist_id, album_id, release_id, number, title, length) VALUES (740, 444, 444, 2, 'Stormy Weather', '0:5:23');
INSERT INTO tracks (artist_id, album_id, release_id, number, title, length) VALUES (740, 444, 444, 3, 'East 9', '0:6:57');
INSERT INTO tracks (artist_id, album_id, release_id, number, title, length) VALUES (740, 444, 444, 4, 'Border Town', '0:5:34');
INSERT INTO tracks (artist_id, album_id, release_id, number, title, length) VALUES (740, 444, 444, 5, 'Bon-A-Rue', '0:4:26');
INSERT INTO tracks (artist_id, album_id, release_id, number, title, length) VALUES (740, 444, 444, 6, 'Seven Sisters', '0:5:46');
INSERT INTO tracks (artist_id, album_id, release_id, number, title, length) VALUES (740, 444, 444, 7, 'Carolina Moon', '0:4:58');
INSERT INTO tracks (artist_id, album_id, release_id, number, title, length) VALUES (740, 444, 444, 8, 'Dance With A Dolly', '0:2:51');
INSERT INTO tracks (artist_id, album_id, release_id, number, title, length) VALUES (740, 444, 444, 9, 'It''s Only A Paper Moon', '0:5:15');
INSERT INTO artists (name) VALUES ('Chase');
INSERT INTO albums (artist_id, title, year) VALUES (741, 'Chase', '1971-01-01');
INSERT INTO releases (album_id, description, year) VALUES (445, 'Standard CD', '1971-01-01');
INSERT INTO tracks (artist_id, album_id, release_id, number, title, length) VALUES (741, 445, 445, 1, 'Open Up Wide', '0:3:48');
INSERT INTO tracks (artist_id, album_id, release_id, number, title, length) VALUES (741, 445, 445, 2, 'Livin'' In Heat', '0:2:54');
INSERT INTO tracks (artist_id, album_id, release_id, number, title, length) VALUES (741, 445, 445, 3, 'Hello Groceries', '0:2:56');
INSERT INTO tracks (artist_id, album_id, release_id, number, title, length) VALUES (741, 445, 445, 4, 'Handbags And Gladrags', '0:3:23');
INSERT INTO tracks (artist_id, album_id, release_id, number, title, length) VALUES (741, 445, 445, 5, 'Get It On', '0:2:59');
INSERT INTO tracks (artist_id, album_id, release_id, number, title, length) VALUES (741, 445, 445, 6, 'Boys And Girls Together', '0:2:51');
INSERT INTO tracks (artist_id, album_id, release_id, number, title, length) VALUES (741, 445, 445, 7, 'Invitation To A River', '0:14:12');
INSERT INTO artists (name) VALUES ('Supersax');
INSERT INTO albums (artist_id, title, year) VALUES (742, 'Stone Bird', '1988-01-01');
INSERT INTO releases (album_id, description, year) VALUES (446, 'Standard CD', '1988-01-01');
INSERT INTO tracks (artist_id, album_id, release_id, number, title, length) VALUES (742, 446, 446, 1, 'Scrapple From The Apple', '0:6:28');
INSERT INTO tracks (artist_id, album_id, release_id, number, title, length) VALUES (742, 446, 446, 2, 'If I Should Lose You', '0:2:28');
INSERT INTO tracks (artist_id, album_id, release_id, number, title, length) VALUES (742, 446, 446, 3, 'Salt Peanuts', '0:6:3');
INSERT INTO tracks (artist_id, album_id, release_id, number, title, length) VALUES (742, 446, 446, 4, 'Lover Man', '0:3:36');
INSERT INTO tracks (artist_id, album_id, release_id, number, title, length) VALUES (742, 446, 446, 5, 'Au Privave', '0:3:58');
INSERT INTO tracks (artist_id, album_id, release_id, number, title, length) VALUES (742, 446, 446, 6, 'Kim', '0:4:41');
INSERT INTO tracks (artist_id, album_id, release_id, number, title, length) VALUES (742, 446, 446, 7, 'K C Blues', '0:5:32');
INSERT INTO tracks (artist_id, album_id, release_id, number, title, length) VALUES (742, 446, 446, 8, 'Confirmation', '0:7:16');
INSERT INTO tracks (artist_id, album_id, release_id, number, title, length) VALUES (742, 446, 446, 9, 'Moose The Mooch', '0:5:29');
INSERT INTO artists (name) VALUES ('Spies');
INSERT INTO albums (artist_id, title, year) VALUES (743, 'Music Of Espionage', '1988-01-01');
INSERT INTO releases (album_id, description, year) VALUES (447, 'Standard CD', '1988-01-01');
INSERT INTO tracks (artist_id, album_id, release_id, number, title, length) VALUES (743, 447, 447, 1, 'Spies', '0:4:41');
INSERT INTO tracks (artist_id, album_id, release_id, number, title, length) VALUES (743, 447, 447, 2, 'Kiss Me', '0:4:36');
INSERT INTO tracks (artist_id, album_id, release_id, number, title, length) VALUES (743, 447, 447, 3, 'Interlude', '0:0:48');
INSERT INTO tracks (artist_id, album_id, release_id, number, title, length) VALUES (743, 447, 447, 4, 'Music Of The Night', '0:4:52');
INSERT INTO tracks (artist_id, album_id, release_id, number, title, length) VALUES (743, 447, 447, 5, 'Flashback', '0:5:22');
INSERT INTO tracks (artist_id, album_id, release_id, number, title, length) VALUES (743, 447, 447, 6, 'Barcelona', '0:5:32');
INSERT INTO tracks (artist_id, album_id, release_id, number, title, length) VALUES (743, 447, 447, 7, 'Smooth As Glass', '0:5:45');
INSERT INTO tracks (artist_id, album_id, release_id, number, title, length) VALUES (743, 447, 447, 8, 'Last Stroke', '0:3:27');
INSERT INTO tracks (artist_id, album_id, release_id, number, title, length) VALUES (743, 447, 447, 9, 'Never Been In Love Like This Before', '0:4:33');
INSERT INTO tracks (artist_id, album_id, release_id, number, title, length) VALUES (743, 447, 447, 10, 'Orient Express', '0:4:20');
INSERT INTO tracks (artist_id, album_id, release_id, number, title, length) VALUES (743, 447, 447, 11, 'Zedlav (Of The Desert)', '0:5:40');
INSERT INTO artists (name) VALUES ('Take 6');
INSERT INTO albums (artist_id, title, year) VALUES (744, 'Take 6', '1988-01-01');
INSERT INTO releases (album_id, description, year) VALUES (448, 'Standard CD', '1988-01-01');
INSERT INTO tracks (artist_id, album_id, release_id, number, title, length) VALUES (744, 448, 448, 1, 'Gold Mine', '0:3:54');
INSERT INTO tracks (artist_id, album_id, release_id, number, title, length) VALUES (744, 448, 448, 2, 'Spread Love', '0:3:32');
INSERT INTO tracks (artist_id, album_id, release_id, number, title, length) VALUES (744, 448, 448, 3, 'If We Ever', '0:5:2');
INSERT INTO tracks (artist_id, album_id, release_id, number, title, length) VALUES (744, 448, 448, 4, 'A Quiet Place', '0:2:47');
INSERT INTO tracks (artist_id, album_id, release_id, number, title, length) VALUES (744, 448, 448, 5, 'Mary', '0:3:34');
INSERT INTO tracks (artist_id, album_id, release_id, number, title, length) VALUES (744, 448, 448, 6, 'David And Goliath', '0:4:29');
INSERT INTO tracks (artist_id, album_id, release_id, number, title, length) VALUES (744, 448, 448, 7, 'Get Away, Jordan', '0:4:25');
INSERT INTO tracks (artist_id, album_id, release_id, number, title, length) VALUES (744, 448, 448, 8, 'He Never Sleeps', '0:3:12');
INSERT INTO tracks (artist_id, album_id, release_id, number, title, length) VALUES (744, 448, 448, 9, 'Milky-White Way', '0:4:51');
INSERT INTO tracks (artist_id, album_id, release_id, number, title, length) VALUES (744, 448, 448, 10, 'Let The Words', '0:0:57');
INSERT INTO artists (name) VALUES ('Doc Severinsen');
INSERT INTO albums (artist_id, title, year) VALUES (745, 'Facets', '1988-01-01');
INSERT INTO releases (album_id, description, year) VALUES (449, 'Standard CD', '1988-01-01');
INSERT INTO tracks (artist_id, album_id, release_id, number, title, length) VALUES (745, 449, 449, 1, 'Night Train', '0:5:20');
INSERT INTO tracks (artist_id, album_id, release_id, number, title, length) VALUES (745, 449, 449, 2, 'City Lights', '0:5:58');
INSERT INTO tracks (artist_id, album_id, release_id, number, title, length) VALUES (745, 449, 449, 3, 'My Funny Valentine', '0:6:39');
INSERT INTO tracks (artist_id, album_id, release_id, number, title, length) VALUES (745, 449, 449, 4, 'Take the A Train', '0:5:26');
INSERT INTO tracks (artist_id, album_id, release_id, number, title, length) VALUES (745, 449, 449, 5, 'Siciliano', '0:6:4');
INSERT INTO tracks (artist_id, album_id, release_id, number, title, length) VALUES (745, 449, 449, 6, 'Crystal Garden', '0:5:30');
INSERT INTO tracks (artist_id, album_id, release_id, number, title, length) VALUES (745, 449, 449, 7, 'Maiden Voyage', '0:6:14');
INSERT INTO tracks (artist_id, album_id, release_id, number, title, length) VALUES (745, 449, 449, 8, 'Stompin'' At the Savoy', '0:5:4');
INSERT INTO artists (name) VALUES ('Barry Manilow');
INSERT INTO albums (artist_id, title, year) VALUES (746, 'Greatest Hits', '1978-01-01');
INSERT INTO releases (album_id, description, year) VALUES (450, 'Standard CD', '1978-01-01');
INSERT INTO tracks (artist_id, album_id, release_id, number, title, length) VALUES (746, 450, 450, 1, 'Mandy', '0:3:23');
INSERT INTO tracks (artist_id, album_id, release_id, number, title, length) VALUES (746, 450, 450, 2, 'New York City Rhythm', '0:4:44');
INSERT INTO tracks (artist_id, album_id, release_id, number, title, length) VALUES (746, 450, 450, 3, 'Ready To Take A Chance Again', '0:3:2');
INSERT INTO tracks (artist_id, album_id, release_id, number, title, length) VALUES (746, 450, 450, 4, 'Looks Like We Made It', '0:3:34');
INSERT INTO tracks (artist_id, album_id, release_id, number, title, length) VALUES (746, 450, 450, 5, 'Daybreak', '0:3:48');
INSERT INTO tracks (artist_id, album_id, release_id, number, title, length) VALUES (746, 450, 450, 6, 'Can''t Smile Without You', '0:3:13');
INSERT INTO tracks (artist_id, album_id, release_id, number, title, length) VALUES (746, 450, 450, 7, 'It''s A Miracle', '0:3:44');
INSERT INTO tracks (artist_id, album_id, release_id, number, title, length) VALUES (746, 450, 450, 8, 'Even Now', '0:3:31');
INSERT INTO tracks (artist_id, album_id, release_id, number, title, length) VALUES (746, 450, 450, 9, 'Bandstand Boogie', '0:2:49');
INSERT INTO tracks (artist_id, album_id, release_id, number, title, length) VALUES (746, 450, 450, 10, 'Tryin'' To Get The Feeling Again', '0:3:50');
INSERT INTO tracks (artist_id, album_id, release_id, number, title, length) VALUES (746, 450, 450, 11, 'Could It Be Magic', '0:6:48');
INSERT INTO tracks (artist_id, album_id, release_id, number, title, length) VALUES (746, 450, 450, 12, 'Somewhere In The Night', '0:3:28');
INSERT INTO tracks (artist_id, album_id, release_id, number, title, length) VALUES (746, 450, 450, 13, 'Weekend In New Engalnd', '0:3:44');
INSERT INTO tracks (artist_id, album_id, release_id, number, title, length) VALUES (746, 450, 450, 14, 'All The Time', '0:3:18');
INSERT INTO tracks (artist_id, album_id, release_id, number, title, length) VALUES (746, 450, 450, 15, 'This One''s For You', '0:3:29');
INSERT INTO tracks (artist_id, album_id, release_id, number, title, length) VALUES (746, 450, 450, 16, 'Copacabana', '0:3:59');
INSERT INTO tracks (artist_id, album_id, release_id, number, title, length) VALUES (746, 450, 450, 17, 'Beautiful Music', '0:4:38');
INSERT INTO tracks (artist_id, album_id, release_id, number, title, length) VALUES (746, 450, 450, 18, 'I Write The Songs', '0:3:55');
INSERT INTO artists (name) VALUES ('Michael Bolton');
INSERT INTO albums (artist_id, title, year) VALUES (747, 'Timeless (The Classics)', '1992-01-01');
INSERT INTO releases (album_id, description, year) VALUES (451, 'Standard CD', '1992-01-01');
INSERT INTO tracks (artist_id, album_id, release_id, number, title, length) VALUES (747, 451, 451, 1, 'Since I Fell For You', '0:3:9');
INSERT INTO tracks (artist_id, album_id, release_id, number, title, length) VALUES (747, 451, 451, 2, 'To Love Somebody', '0:4:9');
INSERT INTO tracks (artist_id, album_id, release_id, number, title, length) VALUES (747, 451, 451, 3, 'Reach Out I''ll Be There', '0:3:54');
INSERT INTO tracks (artist_id, album_id, release_id, number, title, length) VALUES (747, 451, 451, 4, 'You Send Me', '0:4:0');
INSERT INTO tracks (artist_id, album_id, release_id, number, title, length) VALUES (747, 451, 451, 5, 'Yesterday', '0:3:31');
INSERT INTO tracks (artist_id, album_id, release_id, number, title, length) VALUES (747, 451, 451, 6, 'Hold On, I''m Coming', '0:3:15');
INSERT INTO tracks (artist_id, album_id, release_id, number, title, length) VALUES (747, 451, 451, 7, 'Bring It On Home To Me', '0:4:27');
INSERT INTO tracks (artist_id, album_id, release_id, number, title, length) VALUES (747, 451, 451, 8, 'Knock On Wood', '0:3:51');
INSERT INTO tracks (artist_id, album_id, release_id, number, title, length) VALUES (747, 451, 451, 9, 'Drift Away', '0:6:7');
INSERT INTO tracks (artist_id, album_id, release_id, number, title, length) VALUES (747, 451, 451, 10, 'White Christmas', '0:3:43');
INSERT INTO albums (artist_id, title, year) VALUES (747, 'This Is The Time - The Christmas Album', '1996-01-01');
INSERT INTO releases (album_id, description, year) VALUES (452, 'Standard CD', '1996-01-01');
INSERT INTO tracks (artist_id, album_id, release_id, number, title, length) VALUES (747, 452, 452, 1, 'Silent Night', '0:4:5');
INSERT INTO tracks (artist_id, album_id, release_id, number, title, length) VALUES (747, 452, 452, 2, 'Santa Claus Is Coming To Town', '0:4:5');
INSERT INTO tracks (artist_id, album_id, release_id, number, title, length) VALUES (747, 452, 452, 3, 'Have Yourself A Merry Little Christmas', '0:4:1');
INSERT INTO tracks (artist_id, album_id, release_id, number, title, length) VALUES (747, 452, 452, 4, 'Joy To The World', '0:4:6');
INSERT INTO tracks (artist_id, album_id, release_id, number, title, length) VALUES (747, 452, 452, 5, 'Ave Maria (Duet with Placido Domingo)', '0:4:42');
INSERT INTO tracks (artist_id, album_id, release_id, number, title, length) VALUES (747, 452, 452, 6, 'The Christmas Song', '0:4:10');
INSERT INTO tracks (artist_id, album_id, release_id, number, title, length) VALUES (747, 452, 452, 7, 'O Holy Night', '0:4:53');
INSERT INTO tracks (artist_id, album_id, release_id, number, title, length) VALUES (747, 452, 452, 8, 'White Christmas', '0:3:44');
INSERT INTO tracks (artist_id, album_id, release_id, number, title, length) VALUES (747, 452, 452, 9, 'This Is The Time (Duet with Wynonna)', '0:4:5');
INSERT INTO tracks (artist_id, album_id, release_id, number, title, length) VALUES (747, 452, 452, 10, 'Love Is The Power', '0:5:36');
INSERT INTO albums (artist_id, title, year) VALUES (747, 'Time, Love & Tenderness', '1991-01-01');
INSERT INTO releases (album_id, description, year) VALUES (453, 'Standard CD', '1991-01-01');
INSERT INTO tracks (artist_id, album_id, release_id, number, title, length) VALUES (747, 453, 453, 1, 'Love Is A Wonderful Thing', '0:4:43');
INSERT INTO tracks (artist_id, album_id, release_id, number, title, length) VALUES (747, 453, 453, 2, 'Time, Love And Tenderness', '0:5:31');
INSERT INTO tracks (artist_id, album_id, release_id, number, title, length) VALUES (747, 453, 453, 3, 'Missing You Now (Feauturing Kenny G)', '0:4:33');
INSERT INTO tracks (artist_id, album_id, release_id, number, title, length) VALUES (747, 453, 453, 4, 'Forever Isn''t Long Enough', '0:4:32');
INSERT INTO tracks (artist_id, album_id, release_id, number, title, length) VALUES (747, 453, 453, 5, 'Now That I Found You', '0:4:32');
INSERT INTO tracks (artist_id, album_id, release_id, number, title, length) VALUES (747, 453, 453, 6, 'When A Man Loves A Woman', '0:3:52');
INSERT INTO tracks (artist_id, album_id, release_id, number, title, length) VALUES (747, 453, 453, 7, 'We''re Not Makin'' Love Anymore (Duet with Patti LaBelle)', '0:4:41');
INSERT INTO tracks (artist_id, album_id, release_id, number, title, length) VALUES (747, 453, 453, 8, 'New Love', '0:4:32');
INSERT INTO tracks (artist_id, album_id, release_id, number, title, length) VALUES (747, 453, 453, 9, 'Save Me', '0:4:21');
INSERT INTO tracks (artist_id, album_id, release_id, number, title, length) VALUES (747, 453, 453, 10, 'Steel Bars', '0:3:28');
INSERT INTO artists (name) VALUES ('Styx');
INSERT INTO albums (artist_id, title, year) VALUES (748, 'Cornerstone', '1979-01-01');
INSERT INTO releases (album_id, description, year) VALUES (454, 'Standard CD', '1979-01-01');
INSERT INTO tracks (artist_id, album_id, release_id, number, title, length) VALUES (748, 454, 454, 1, 'Lights', '0:4:41');
INSERT INTO tracks (artist_id, album_id, release_id, number, title, length) VALUES (748, 454, 454, 2, 'Why Me', '0:3:56');
INSERT INTO tracks (artist_id, album_id, release_id, number, title, length) VALUES (748, 454, 454, 3, 'Babe', '0:4:28');
INSERT INTO tracks (artist_id, album_id, release_id, number, title, length) VALUES (748, 454, 454, 4, 'Never Say Never', '0:3:10');
INSERT INTO tracks (artist_id, album_id, release_id, number, title, length) VALUES (748, 454, 454, 5, 'Boat On The River', '0:3:11');
INSERT INTO tracks (artist_id, album_id, release_id, number, title, length) VALUES (748, 454, 454, 6, 'Borrowed Time', '0:5:1');
INSERT INTO tracks (artist_id, album_id, release_id, number, title, length) VALUES (748, 454, 454, 7, 'First Time', '0:4:26');
INSERT INTO tracks (artist_id, album_id, release_id, number, title, length) VALUES (748, 454, 454, 8, 'Eddie', '0:4:17');
INSERT INTO tracks (artist_id, album_id, release_id, number, title, length) VALUES (748, 454, 454, 9, 'Love In The Midnight', '0:5:22');
INSERT INTO artists (name) VALUES ('Milli Vanilli');
INSERT INTO albums (artist_id, title, year) VALUES (749, 'Girl You Know It''s True', '1989-01-01');
INSERT INTO releases (album_id, description, year) VALUES (455, 'Standard CD', '1989-01-01');
INSERT INTO tracks (artist_id, album_id, release_id, number, title, length) VALUES (749, 455, 455, 1, 'Girl You Know It''s True', '0:4:12');
INSERT INTO tracks (artist_id, album_id, release_id, number, title, length) VALUES (749, 455, 455, 2, 'Baby Don''t Forget My Number', '0:4:16');
INSERT INTO tracks (artist_id, album_id, release_id, number, title, length) VALUES (749, 455, 455, 3, 'More Than You''ll Ever Know', '0:4:32');
INSERT INTO tracks (artist_id, album_id, release_id, number, title, length) VALUES (749, 455, 455, 4, 'Blame It On The Rain', '0:4:19');
INSERT INTO tracks (artist_id, album_id, release_id, number, title, length) VALUES (749, 455, 455, 5, 'Take It As It Comes', '0:4:15');
INSERT INTO tracks (artist_id, album_id, release_id, number, title, length) VALUES (749, 455, 455, 6, 'It''s Your Thing', '0:3:51');
INSERT INTO tracks (artist_id, album_id, release_id, number, title, length) VALUES (749, 455, 455, 7, 'Dreams To Remember', '0:3:54');
INSERT INTO tracks (artist_id, album_id, release_id, number, title, length) VALUES (749, 455, 455, 8, 'All Or Nothing', '0:3:17');
INSERT INTO tracks (artist_id, album_id, release_id, number, title, length) VALUES (749, 455, 455, 9, 'I''m Gonna Miss You', '0:4:24');
INSERT INTO tracks (artist_id, album_id, release_id, number, title, length) VALUES (749, 455, 455, 10, 'Girl You Know It''s True (NY Subway Extended Mix)', '0:6:29');
INSERT INTO artists (name) VALUES ('Richard Marx');
INSERT INTO albums (artist_id, title, year) VALUES (750, 'Repeat Offender', '1989-01-01');
INSERT INTO releases (album_id, description, year) VALUES (456, 'Standard CD', '1989-01-01');
INSERT INTO tracks (artist_id, album_id, release_id, number, title, length) VALUES (750, 456, 456, 1, 'Nothin'' You Can Do About It', '0:4:44');
INSERT INTO tracks (artist_id, album_id, release_id, number, title, length) VALUES (750, 456, 456, 2, 'Satisfied', '0:4:14');
INSERT INTO tracks (artist_id, album_id, release_id, number, title, length) VALUES (750, 456, 456, 3, 'Angelia', '0:5:17');
INSERT INTO tracks (artist_id, album_id, release_id, number, title, length) VALUES (750, 456, 456, 4, 'Too Late Say Goodbye', '0:4:52');
INSERT INTO tracks (artist_id, album_id, release_id, number, title, length) VALUES (750, 456, 456, 5, 'Right Here Waiting', '0:4:24');
INSERT INTO tracks (artist_id, album_id, release_id, number, title, length) VALUES (750, 456, 456, 6, 'Heart On The Line', '0:4:43');
INSERT INTO tracks (artist_id, album_id, release_id, number, title, length) VALUES (750, 456, 456, 7, 'Real World', '0:4:14');
INSERT INTO tracks (artist_id, album_id, release_id, number, title, length) VALUES (750, 456, 456, 8, 'If You Don''t Want My Love', '0:4:7');
INSERT INTO tracks (artist_id, album_id, release_id, number, title, length) VALUES (750, 456, 456, 9, 'That Was Lulu', '0:3:44');
INSERT INTO tracks (artist_id, album_id, release_id, number, title, length) VALUES (750, 456, 456, 10, 'Wait For The Sunrise', '0:4:15');
INSERT INTO tracks (artist_id, album_id, release_id, number, title, length) VALUES (750, 456, 456, 11, 'Children Of The Night', '0:4:45');
INSERT INTO artists (name) VALUES ('Chicago');
INSERT INTO albums (artist_id, title, year) VALUES (751, 'Chicago 17', '1984-01-01');
INSERT INTO releases (album_id, description, year) VALUES (457, 'Standard CD', '1984-01-01');
INSERT INTO tracks (artist_id, album_id, release_id, number, title, length) VALUES (751, 457, 457, 1, 'Stay The Night', '0:3:51');
INSERT INTO tracks (artist_id, album_id, release_id, number, title, length) VALUES (751, 457, 457, 2, 'We Can Stop The Hurtin''', '0:4:12');
INSERT INTO tracks (artist_id, album_id, release_id, number, title, length) VALUES (751, 457, 457, 3, 'Hard Habit To Break', '0:4:46');
INSERT INTO tracks (artist_id, album_id, release_id, number, title, length) VALUES (751, 457, 457, 4, 'Only You', '0:3:49');
INSERT INTO tracks (artist_id, album_id, release_id, number, title, length) VALUES (751, 457, 457, 5, 'Remember The Feeling', '0:4:30');
INSERT INTO tracks (artist_id, album_id, release_id, number, title, length) VALUES (751, 457, 457, 6, 'Along Comes A Woman', '0:4:16');
INSERT INTO tracks (artist_id, album_id, release_id, number, title, length) VALUES (751, 457, 457, 7, 'You''re The Inspiration', '0:3:52');
INSERT INTO tracks (artist_id, album_id, release_id, number, title, length) VALUES (751, 457, 457, 8, 'Please Hold On', '0:3:43');
INSERT INTO tracks (artist_id, album_id, release_id, number, title, length) VALUES (751, 457, 457, 9, 'Prima Donna', '0:4:35');
INSERT INTO tracks (artist_id, album_id, release_id, number, title, length) VALUES (751, 457, 457, 10, 'Once In A Lifetime', '0:4:10');
INSERT INTO albums (artist_id, title, year) VALUES (751, 'Chicago 19', '1988-01-01');
INSERT INTO releases (album_id, description, year) VALUES (458, 'Standard CD', '1988-01-01');
INSERT INTO tracks (artist_id, album_id, release_id, number, title, length) VALUES (751, 458, 458, 1, 'Heart In Pieces', '0:5:8');
INSERT INTO tracks (artist_id, album_id, release_id, number, title, length) VALUES (751, 458, 458, 2, 'I Don''t Wanna Live Without Your Love', '0:3:59');
INSERT INTO tracks (artist_id, album_id, release_id, number, title, length) VALUES (751, 458, 458, 3, 'I Stand Up', '0:4:7');
INSERT INTO tracks (artist_id, album_id, release_id, number, title, length) VALUES (751, 458, 458, 4, 'We Can Last Forever', '0:3:45');
INSERT INTO tracks (artist_id, album_id, release_id, number, title, length) VALUES (751, 458, 458, 5, 'Come In From The Night', '0:4:43');
INSERT INTO tracks (artist_id, album_id, release_id, number, title, length) VALUES (751, 458, 458, 6, 'Look Away', '0:4:3');
INSERT INTO tracks (artist_id, album_id, release_id, number, title, length) VALUES (751, 458, 458, 7, 'What Kind Of Man Would I Be', '0:4:23');
INSERT INTO tracks (artist_id, album_id, release_id, number, title, length) VALUES (751, 458, 458, 8, 'Runaround', '0:4:11');
INSERT INTO tracks (artist_id, album_id, release_id, number, title, length) VALUES (751, 458, 458, 10, 'Victorious', '0:6:2');
INSERT INTO tracks (artist_id, album_id, release_id, number, title, length) VALUES (751, 458, 458, 9, 'You''re Not Alone', '0:3:59');
INSERT INTO albums (artist_id, title, year) VALUES (751, 'Chicago 18', '1986-01-01');
INSERT INTO releases (album_id, description, year) VALUES (459, 'Standard CD', '1986-01-01');
INSERT INTO tracks (artist_id, album_id, release_id, number, title, length) VALUES (751, 459, 459, 1, 'Niagra Falls', '0:3:45');
INSERT INTO tracks (artist_id, album_id, release_id, number, title, length) VALUES (751, 459, 459, 2, 'Forever', '0:5:19');
INSERT INTO tracks (artist_id, album_id, release_id, number, title, length) VALUES (751, 459, 459, 3, 'If She Would Have Been Faithful', '0:3:50');
INSERT INTO tracks (artist_id, album_id, release_id, number, title, length) VALUES (751, 459, 459, 4, '25 Or 6 To 4', '0:4:21');
INSERT INTO tracks (artist_id, album_id, release_id, number, title, length) VALUES (751, 459, 459, 5, 'Will You Still Love Me', '0:5:43');
INSERT INTO tracks (artist_id, album_id, release_id, number, title, length) VALUES (751, 459, 459, 6, 'Over and Over', '0:4:19');
INSERT INTO tracks (artist_id, album_id, release_id, number, title, length) VALUES (751, 459, 459, 7, 'It''s Alright', '0:4:29');
INSERT INTO tracks (artist_id, album_id, release_id, number, title, length) VALUES (751, 459, 459, 8, 'Free Flight', '0:0:24');
INSERT INTO tracks (artist_id, album_id, release_id, number, title, length) VALUES (751, 459, 459, 9, 'Nothin''s Gonna Stop Us Now', '0:4:27');
INSERT INTO tracks (artist_id, album_id, release_id, number, title, length) VALUES (751, 459, 459, 10, 'I Believe', '0:4:23');
INSERT INTO tracks (artist_id, album_id, release_id, number, title, length) VALUES (751, 459, 459, 11, 'One More Day', '0:4:13');
INSERT INTO albums (artist_id, title, year) VALUES (751, 'Chicago 25', '1998-01-01');
INSERT INTO releases (album_id, description, year) VALUES (460, 'Standard CD', '1998-01-01');
INSERT INTO tracks (artist_id, album_id, release_id, number, title, length) VALUES (751, 460, 460, 1, 'Little Drummer Boy', '0:4:4');
INSERT INTO tracks (artist_id, album_id, release_id, number, title, length) VALUES (751, 460, 460, 2, 'God Rest Ye Merry, Gentlemen', '0:3:23');
INSERT INTO tracks (artist_id, album_id, release_id, number, title, length) VALUES (751, 460, 460, 3, 'Have Yourself A Merry Little Christmas', '0:4:3');
INSERT INTO tracks (artist_id, album_id, release_id, number, title, length) VALUES (751, 460, 460, 4, 'The Christmas Song', '0:3:39');
INSERT INTO tracks (artist_id, album_id, release_id, number, title, length) VALUES (751, 460, 460, 5, 'O Come All Ye Faithful', '0:4:46');
INSERT INTO tracks (artist_id, album_id, release_id, number, title, length) VALUES (751, 460, 460, 6, 'Child''s Prayer', '0:3:24');
INSERT INTO tracks (artist_id, album_id, release_id, number, title, length) VALUES (751, 460, 460, 7, 'Feliz Navidad', '0:4:18');
INSERT INTO tracks (artist_id, album_id, release_id, number, title, length) VALUES (751, 460, 460, 8, 'Santa Claus Is Coming To Town', '0:3:56');
INSERT INTO tracks (artist_id, album_id, release_id, number, title, length) VALUES (751, 460, 460, 9, 'Christmas Time Is Here', '0:3:48');
INSERT INTO tracks (artist_id, album_id, release_id, number, title, length) VALUES (751, 460, 460, 10, 'Let It Snow! Let It Snow! Let It Snow!', '0:3:29');
INSERT INTO tracks (artist_id, album_id, release_id, number, title, length) VALUES (751, 460, 460, 11, 'What Child Is This', '0:4:41');
INSERT INTO tracks (artist_id, album_id, release_id, number, title, length) VALUES (751, 460, 460, 12, 'White Christmas', '0:2:29');
INSERT INTO tracks (artist_id, album_id, release_id, number, title, length) VALUES (751, 460, 460, 13, 'Silent Night', '0:3:18');
INSERT INTO tracks (artist_id, album_id, release_id, number, title, length) VALUES (751, 460, 460, 14, 'One Little Candle', '0:1:26');
INSERT INTO artists (name) VALUES ('Miami Sound Machine');
INSERT INTO albums (artist_id, title, year) VALUES (752, 'Primitive Love', '1985-01-01');
INSERT INTO releases (album_id, description, year) VALUES (461, 'Standard CD', '1985-01-01');
INSERT INTO tracks (artist_id, album_id, release_id, number, title, length) VALUES (752, 461, 461, 1, 'Body To Body', '0:4:1');
INSERT INTO tracks (artist_id, album_id, release_id, number, title, length) VALUES (752, 461, 461, 2, 'Primitive Love', '0:4:46');
INSERT INTO tracks (artist_id, album_id, release_id, number, title, length) VALUES (752, 461, 461, 3, 'Words Get In The Way', '0:3:28');
INSERT INTO tracks (artist_id, album_id, release_id, number, title, length) VALUES (752, 461, 461, 4, 'Bad Boy', '0:3:57');
INSERT INTO tracks (artist_id, album_id, release_id, number, title, length) VALUES (752, 461, 461, 5, 'Falling In Love (Uh-Oh)', '0:4:1');
INSERT INTO tracks (artist_id, album_id, release_id, number, title, length) VALUES (752, 461, 461, 6, 'Conga', '0:4:16');
INSERT INTO tracks (artist_id, album_id, release_id, number, title, length) VALUES (752, 461, 461, 7, 'Mucho Money', '0:4:48');
INSERT INTO tracks (artist_id, album_id, release_id, number, title, length) VALUES (752, 461, 461, 8, 'You Make A Fool Of Me', '0:2:57');
INSERT INTO tracks (artist_id, album_id, release_id, number, title, length) VALUES (752, 461, 461, 9, 'Movies', '0:3:0');
INSERT INTO tracks (artist_id, album_id, release_id, number, title, length) VALUES (752, 461, 461, 10, 'Surrender Paradise', '0:4:50');
INSERT INTO artists (name) VALUES ('Police');
INSERT INTO albums (artist_id, title, year) VALUES (753, 'Every Breath You Take - The Singles', '1986-01-01');
INSERT INTO releases (album_id, description, year) VALUES (462, 'Standard CD', '1986-01-01');
INSERT INTO tracks (artist_id, album_id, release_id, number, title, length) VALUES (753, 462, 462, 1, 'Roxanne', '0:3:12');
INSERT INTO tracks (artist_id, album_id, release_id, number, title, length) VALUES (753, 462, 462, 2, 'Can''t Stand Losing You', '0:2:48');
INSERT INTO tracks (artist_id, album_id, release_id, number, title, length) VALUES (753, 462, 462, 3, 'Message In A Bottle', '0:4:50');
INSERT INTO tracks (artist_id, album_id, release_id, number, title, length) VALUES (753, 462, 462, 4, 'Walking On The Moon', '0:5:1');
INSERT INTO tracks (artist_id, album_id, release_id, number, title, length) VALUES (753, 462, 462, 5, 'Don''t Stand So Close To Me ''86', '0:4:49');
INSERT INTO tracks (artist_id, album_id, release_id, number, title, length) VALUES (753, 462, 462, 6, 'De Do Do Do De Da Da Da', '0:4:7');
INSERT INTO tracks (artist_id, album_id, release_id, number, title, length) VALUES (753, 462, 462, 7, 'Every Little Thing She Does Is Magic', '0:4:19');
INSERT INTO tracks (artist_id, album_id, release_id, number, title, length) VALUES (753, 462, 462, 8, 'Invisible Sun', '0:3:44');
INSERT INTO tracks (artist_id, album_id, release_id, number, title, length) VALUES (753, 462, 462, 9, 'Spirits In The Material World', '0:2:58');
INSERT INTO tracks (artist_id, album_id, release_id, number, title, length) VALUES (753, 462, 462, 10, 'Every Breath You Take', '0:4:12');
INSERT INTO tracks (artist_id, album_id, release_id, number, title, length) VALUES (753, 462, 462, 11, 'King Of Pain', '0:4:57');
INSERT INTO tracks (artist_id, album_id, release_id, number, title, length) VALUES (753, 462, 462, 12, 'Wrapped Around Your Finger', '0:5:14');
INSERT INTO artists (name) VALUES ('Was (Not Was)');
INSERT INTO albums (artist_id, title, year) VALUES (754, 'What Up Dog', '1988-01-01');
INSERT INTO releases (album_id, description, year) VALUES (463, 'Standard CD', '1988-01-01');
INSERT INTO tracks (artist_id, album_id, release_id, number, title, length) VALUES (754, 463, 463, 1, 'Somewhere In America There''s A Street Named After My Dad', '0:3:41');
INSERT INTO tracks (artist_id, album_id, release_id, number, title, length) VALUES (754, 463, 463, 2, 'Spy In The House Of Love', '0:4:16');
INSERT INTO tracks (artist_id, album_id, release_id, number, title, length) VALUES (754, 463, 463, 3, 'Out Come The Freaks', '0:4:35');
INSERT INTO tracks (artist_id, album_id, release_id, number, title, length) VALUES (754, 463, 463, 4, 'Earth To Doris', '0:2:3');
INSERT INTO tracks (artist_id, album_id, release_id, number, title, length) VALUES (754, 463, 463, 5, 'Love Can Be Bad Luck', '0:3:46');
INSERT INTO tracks (artist_id, album_id, release_id, number, title, length) VALUES (754, 463, 463, 6, 'Boy''s Gone Crazy', '0:3:39');
INSERT INTO tracks (artist_id, album_id, release_id, number, title, length) VALUES (754, 463, 463, 7, '11 MPH (Abe Zapp Ruder Version)', '0:4:4');
INSERT INTO tracks (artist_id, album_id, release_id, number, title, length) VALUES (754, 463, 463, 8, 'What Up Dog', '0:1:45');
INSERT INTO tracks (artist_id, album_id, release_id, number, title, length) VALUES (754, 463, 463, 9, 'Anything Can Happen', '0:3:56');
INSERT INTO tracks (artist_id, album_id, release_id, number, title, length) VALUES (754, 463, 463, 10, 'Robot Girl', '0:3:42');
INSERT INTO tracks (artist_id, album_id, release_id, number, title, length) VALUES (754, 463, 463, 11, 'Wedding Vows In Vegas', '0:3:37');
INSERT INTO tracks (artist_id, album_id, release_id, number, title, length) VALUES (754, 463, 463, 12, 'Anytime Lisa', '0:4:14');
INSERT INTO tracks (artist_id, album_id, release_id, number, title, length) VALUES (754, 463, 463, 13, 'Walk The Dinosaur', '0:4:21');
INSERT INTO tracks (artist_id, album_id, release_id, number, title, length) VALUES (754, 463, 463, 14, 'I Can''t Turn You Loose', '0:3:37');
INSERT INTO tracks (artist_id, album_id, release_id, number, title, length) VALUES (754, 463, 463, 15, 'Shadow And Jimmy', '0:4:16');
INSERT INTO tracks (artist_id, album_id, release_id, number, title, length) VALUES (754, 463, 463, 16, 'Dad I''m In Jail', '0:1:26');
INSERT INTO albums (artist_id, title, year) VALUES (565, 'Nothing Like the Sun', '1987-01-01');
INSERT INTO releases (album_id, description, year) VALUES (464, 'Standard CD', '1987-01-01');
INSERT INTO tracks (artist_id, album_id, release_id, number, title, length) VALUES (565, 464, 464, 1, 'The Lazarus Heart', '0:4:36');
INSERT INTO tracks (artist_id, album_id, release_id, number, title, length) VALUES (565, 464, 464, 2, 'Be Still My Beating Heart', '0:5:34');
INSERT INTO tracks (artist_id, album_id, release_id, number, title, length) VALUES (565, 464, 464, 3, 'Englishman In New York', '0:4:27');
INSERT INTO tracks (artist_id, album_id, release_id, number, title, length) VALUES (565, 464, 464, 4, 'History Will Teach Us Nothing', '0:4:59');
INSERT INTO tracks (artist_id, album_id, release_id, number, title, length) VALUES (565, 464, 464, 5, 'They Dance Alone (Cuecu Solo)', '0:7:15');
INSERT INTO tracks (artist_id, album_id, release_id, number, title, length) VALUES (565, 464, 464, 6, 'Fragile', '0:3:56');
INSERT INTO tracks (artist_id, album_id, release_id, number, title, length) VALUES (565, 464, 464, 7, 'We''ll Be Together', '0:4:55');
INSERT INTO tracks (artist_id, album_id, release_id, number, title, length) VALUES (565, 464, 464, 8, 'Straight to My Heart', '0:3:54');
INSERT INTO tracks (artist_id, album_id, release_id, number, title, length) VALUES (565, 464, 464, 9, 'Rock Steady', '0:4:28');
INSERT INTO tracks (artist_id, album_id, release_id, number, title, length) VALUES (565, 464, 464, 10, 'Sister Moon', '0:3:46');
INSERT INTO tracks (artist_id, album_id, release_id, number, title, length) VALUES (565, 464, 464, 11, 'Little Wing', '0:5:11');
INSERT INTO tracks (artist_id, album_id, release_id, number, title, length) VALUES (565, 464, 464, 12, 'The Secret Marriage', '0:2:3');
INSERT INTO artists (name) VALUES ('Bob Seger');
INSERT INTO albums (artist_id, title, year) VALUES (755, 'Like A Rock', '1986-01-01');
INSERT INTO releases (album_id, description, year) VALUES (465, 'Standard CD', '1986-01-01');
INSERT INTO tracks (artist_id, album_id, release_id, number, title, length) VALUES (755, 465, 465, 1, 'American Storm', '0:4:17');
INSERT INTO tracks (artist_id, album_id, release_id, number, title, length) VALUES (755, 465, 465, 2, 'Like A Rock', '0:5:56');
INSERT INTO tracks (artist_id, album_id, release_id, number, title, length) VALUES (755, 465, 465, 3, 'Miami', '0:4:40');
INSERT INTO tracks (artist_id, album_id, release_id, number, title, length) VALUES (755, 465, 465, 4, 'The Ring', '0:5:35');
INSERT INTO tracks (artist_id, album_id, release_id, number, title, length) VALUES (755, 465, 465, 5, 'Tightrope', '0:4:31');
INSERT INTO tracks (artist_id, album_id, release_id, number, title, length) VALUES (755, 465, 465, 6, 'The Aftermath', '0:3:30');
INSERT INTO tracks (artist_id, album_id, release_id, number, title, length) VALUES (755, 465, 465, 7, 'Sometimes', '0:3:31');
INSERT INTO tracks (artist_id, album_id, release_id, number, title, length) VALUES (755, 465, 465, 8, 'It''s You', '0:4:3');
INSERT INTO tracks (artist_id, album_id, release_id, number, title, length) VALUES (755, 465, 465, 9, 'Somewhere Tonight', '0:4:25');
INSERT INTO tracks (artist_id, album_id, release_id, number, title, length) VALUES (755, 465, 465, 10, 'Fortunate Son', '0:3:19');
INSERT INTO artists (name) VALUES ('Bobby Brown');
INSERT INTO albums (artist_id, title, year) VALUES (756, 'Don''t Be Cruel', '1988-01-01');
INSERT INTO releases (album_id, description, year) VALUES (466, 'Standard CD', '1988-01-01');
INSERT INTO tracks (artist_id, album_id, release_id, number, title, length) VALUES (756, 466, 466, 1, 'Cruel Prelude', '0:0:37');
INSERT INTO tracks (artist_id, album_id, release_id, number, title, length) VALUES (756, 466, 466, 2, 'Don''t Be Cruel', '0:6:48');
INSERT INTO tracks (artist_id, album_id, release_id, number, title, length) VALUES (756, 466, 466, 3, 'My Preogative', '0:4:51');
INSERT INTO tracks (artist_id, album_id, release_id, number, title, length) VALUES (756, 466, 466, 4, 'Roni', '0:5:58');
INSERT INTO tracks (artist_id, album_id, release_id, number, title, length) VALUES (756, 466, 466, 5, 'Rock Wit''cha', '0:4:49');
INSERT INTO tracks (artist_id, album_id, release_id, number, title, length) VALUES (756, 466, 466, 6, 'Every Little Step', '0:3:57');
INSERT INTO tracks (artist_id, album_id, release_id, number, title, length) VALUES (756, 466, 466, 7, 'I''ll Be Good To You', '0:4:25');
INSERT INTO tracks (artist_id, album_id, release_id, number, title, length) VALUES (756, 466, 466, 8, 'Take It Slow', '0:5:22');
INSERT INTO tracks (artist_id, album_id, release_id, number, title, length) VALUES (756, 466, 466, 9, 'All Day All Night', '0:4:40');
INSERT INTO tracks (artist_id, album_id, release_id, number, title, length) VALUES (756, 466, 466, 10, 'I Really Love You Girl', '0:5:10');
INSERT INTO tracks (artist_id, album_id, release_id, number, title, length) VALUES (756, 466, 466, 11, 'Cruel Reprise', '0:0:19');
INSERT INTO artists (name) VALUES ('Josh Groban');
INSERT INTO albums (artist_id, title, year) VALUES (757, 'Closer', '2003-01-01');
INSERT INTO releases (album_id, description, year) VALUES (467, 'Standard CD', '2003-01-01');
INSERT INTO tracks (artist_id, album_id, release_id, number, title, length) VALUES (757, 467, 467, 1, 'Oceano', '0:4:3');
INSERT INTO tracks (artist_id, album_id, release_id, number, title, length) VALUES (757, 467, 467, 2, 'My Confession', '0:4:56');
INSERT INTO tracks (artist_id, album_id, release_id, number, title, length) VALUES (757, 467, 467, 3, 'Mi Mancherai (iI Postino)', '0:6:4');
INSERT INTO tracks (artist_id, album_id, release_id, number, title, length) VALUES (757, 467, 467, 4, 'Si Volvieras A Mi', '0:4:19');
INSERT INTO tracks (artist_id, album_id, release_id, number, title, length) VALUES (757, 467, 467, 5, 'When You Say You Love Me', '0:4:32');
INSERT INTO tracks (artist_id, album_id, release_id, number, title, length) VALUES (757, 467, 467, 6, 'Per Te', '0:4:16');
INSERT INTO tracks (artist_id, album_id, release_id, number, title, length) VALUES (757, 467, 467, 7, 'All'' Improvviso Amore', '0:3:38');
INSERT INTO tracks (artist_id, album_id, release_id, number, title, length) VALUES (757, 467, 467, 8, 'Broken Vow', '0:4:34');
INSERT INTO tracks (artist_id, album_id, release_id, number, title, length) VALUES (757, 467, 467, 9, 'Caruso', '0:5:7');
INSERT INTO tracks (artist_id, album_id, release_id, number, title, length) VALUES (757, 467, 467, 10, 'Remember When It Rained', '0:4:41');
INSERT INTO tracks (artist_id, album_id, release_id, number, title, length) VALUES (757, 467, 467, 11, 'Hymne A L''amour', '0:4:4');
INSERT INTO tracks (artist_id, album_id, release_id, number, title, length) VALUES (757, 467, 467, 12, 'You Raise Me Up', '0:4:50');
INSERT INTO tracks (artist_id, album_id, release_id, number, title, length) VALUES (757, 467, 467, 13, 'Never Let Go', '0:3:52');
INSERT INTO artists (name) VALUES ('Michael McDonald');
INSERT INTO albums (artist_id, title, year) VALUES (758, 'The Very Best of Michael McDonald', '2001-01-01');
INSERT INTO releases (album_id, description, year) VALUES (468, 'Standard CD', '2001-01-01');
INSERT INTO tracks (artist_id, album_id, release_id, number, title, length) VALUES (758, 468, 468, 1, 'No Lookin'' Back', '0:3:51');
INSERT INTO tracks (artist_id, album_id, release_id, number, title, length) VALUES (758, 468, 468, 2, 'I Keep Forgettin'' (Every Time You''re Near)', '0:3:42');
INSERT INTO tracks (artist_id, album_id, release_id, number, title, length) VALUES (758, 468, 468, 3, 'I Gotta Try', '0:3:53');
INSERT INTO tracks (artist_id, album_id, release_id, number, title, length) VALUES (758, 468, 468, 4, 'Our Love (Theme from No Mercy'''') (Single Version)', '0:4:22');
INSERT INTO tracks (artist_id, album_id, release_id, number, title, length) VALUES (758, 468, 468, 5, 'Yah Mo B There (with James Ingram) (Single Version)', '0:4:32');
INSERT INTO tracks (artist_id, album_id, release_id, number, title, length) VALUES (758, 468, 468, 6, 'On My Own (with Patti LaBelle)', '0:4:39');
INSERT INTO tracks (artist_id, album_id, release_id, number, title, length) VALUES (758, 468, 468, 7, 'By Heart', '0:4:37');
INSERT INTO tracks (artist_id, album_id, release_id, number, title, length) VALUES (758, 468, 468, 8, 'Bad Times', '0:4:23');
INSERT INTO tracks (artist_id, album_id, release_id, number, title, length) VALUES (758, 468, 468, 9, 'Matters of the Heart', '0:4:29');
INSERT INTO tracks (artist_id, album_id, release_id, number, title, length) VALUES (758, 468, 468, 10, 'Sweet Freedom (Single Version)', '0:4:5');
INSERT INTO tracks (artist_id, album_id, release_id, number, title, length) VALUES (758, 468, 468, 11, 'Get the Word Started', '0:5:40');
INSERT INTO tracks (artist_id, album_id, release_id, number, title, length) VALUES (758, 468, 468, 12, 'Any Foolish Thing', '0:4:24');
INSERT INTO tracks (artist_id, album_id, release_id, number, title, length) VALUES (758, 468, 468, 13, 'Take It To Heart', '0:5:54');
INSERT INTO tracks (artist_id, album_id, release_id, number, title, length) VALUES (758, 468, 468, 14, 'Higher Ground (Previously Unissued)', '0:4:3');
INSERT INTO tracks (artist_id, album_id, release_id, number, title, length) VALUES (758, 468, 468, 15, 'Lost In the Parade', '0:3:49');
INSERT INTO tracks (artist_id, album_id, release_id, number, title, length) VALUES (758, 468, 468, 16, 'Blink of an Eye', '0:4:53');
INSERT INTO artists (name) VALUES ('Little River Band');
INSERT INTO albums (artist_id, title, year) VALUES (759, 'Greatest Hits', '1982-01-01');
INSERT INTO releases (album_id, description, year) VALUES (469, 'Standard CD', '1982-01-01');
INSERT INTO tracks (artist_id, album_id, release_id, number, title, length) VALUES (759, 469, 469, 1, 'It''s A Long Way There', '0:4:16');
INSERT INTO tracks (artist_id, album_id, release_id, number, title, length) VALUES (759, 469, 469, 2, 'Help Is On Its Way', '0:4:3');
INSERT INTO tracks (artist_id, album_id, release_id, number, title, length) VALUES (759, 469, 469, 3, 'Reminiscing', '0:4:14');
INSERT INTO tracks (artist_id, album_id, release_id, number, title, length) VALUES (759, 469, 469, 4, 'Man On Your Mind', '0:4:7');
INSERT INTO tracks (artist_id, album_id, release_id, number, title, length) VALUES (759, 469, 469, 5, 'The Other Guy', '0:2:49');
INSERT INTO tracks (artist_id, album_id, release_id, number, title, length) VALUES (759, 469, 469, 6, 'The Night Owls', '0:5:14');
INSERT INTO tracks (artist_id, album_id, release_id, number, title, length) VALUES (759, 469, 469, 7, 'Lonesome Loser', '0:3:55');
INSERT INTO tracks (artist_id, album_id, release_id, number, title, length) VALUES (759, 469, 469, 8, 'Take It Easy On Me', '0:3:46');
INSERT INTO tracks (artist_id, album_id, release_id, number, title, length) VALUES (759, 469, 469, 9, 'Down On The Border', '0:2:54');
INSERT INTO tracks (artist_id, album_id, release_id, number, title, length) VALUES (759, 469, 469, 10, 'Happy Anniversary', '0:4:1');
INSERT INTO tracks (artist_id, album_id, release_id, number, title, length) VALUES (759, 469, 469, 11, 'Lady', '0:4:57');
INSERT INTO tracks (artist_id, album_id, release_id, number, title, length) VALUES (759, 469, 469, 12, 'Cool Change', '0:5:8');
INSERT INTO artists (name) VALUES ('Janet Jackson');
INSERT INTO albums (artist_id, title, year) VALUES (760, 'Rhythm Nation 1814', '1989-01-01');
INSERT INTO releases (album_id, description, year) VALUES (470, 'Standard CD', '1989-01-01');
INSERT INTO tracks (artist_id, album_id, release_id, number, title, length) VALUES (760, 470, 470, 1, 'Interlude Pledge', '0:0:47');
INSERT INTO tracks (artist_id, album_id, release_id, number, title, length) VALUES (760, 470, 470, 2, 'Rhythm Nation', '0:5:30');
INSERT INTO tracks (artist_id, album_id, release_id, number, title, length) VALUES (760, 470, 470, 3, 'Interlude TV', '0:0:21');
INSERT INTO tracks (artist_id, album_id, release_id, number, title, length) VALUES (760, 470, 470, 4, 'State Of The World', '0:4:47');
INSERT INTO tracks (artist_id, album_id, release_id, number, title, length) VALUES (760, 470, 470, 5, 'Interlude Race', '0:0:4');
INSERT INTO tracks (artist_id, album_id, release_id, number, title, length) VALUES (760, 470, 470, 6, 'The Knowledge', '0:3:53');
INSERT INTO tracks (artist_id, album_id, release_id, number, title, length) VALUES (760, 470, 470, 7, 'Interlude Let''s Dance', '0:0:4');
INSERT INTO tracks (artist_id, album_id, release_id, number, title, length) VALUES (760, 470, 470, 8, 'Miss You Much', '0:4:12');
INSERT INTO tracks (artist_id, album_id, release_id, number, title, length) VALUES (760, 470, 470, 9, 'Interlude Come Back Interlude', '0:0:20');
INSERT INTO tracks (artist_id, album_id, release_id, number, title, length) VALUES (760, 470, 470, 10, 'Love Will Never Do (Without You)', '0:5:50');
INSERT INTO tracks (artist_id, album_id, release_id, number, title, length) VALUES (760, 470, 470, 11, 'Livin'' In A World (They Didn''t Make)', '0:4:41');
INSERT INTO tracks (artist_id, album_id, release_id, number, title, length) VALUES (760, 470, 470, 12, 'Alright', '0:6:26');
INSERT INTO tracks (artist_id, album_id, release_id, number, title, length) VALUES (760, 470, 470, 13, 'Interlude Hey Baby', '0:0:9');
INSERT INTO tracks (artist_id, album_id, release_id, number, title, length) VALUES (760, 470, 470, 14, 'Escapade', '0:4:43');
INSERT INTO tracks (artist_id, album_id, release_id, number, title, length) VALUES (760, 470, 470, 15, 'Interlude No Acid', '0:0:5');
INSERT INTO tracks (artist_id, album_id, release_id, number, title, length) VALUES (760, 470, 470, 16, 'Black Cat', '0:4:50');
INSERT INTO tracks (artist_id, album_id, release_id, number, title, length) VALUES (760, 470, 470, 17, 'Lonely', '0:4:59');
INSERT INTO tracks (artist_id, album_id, release_id, number, title, length) VALUES (760, 470, 470, 18, 'Come Back To Me', '0:5:32');
INSERT INTO tracks (artist_id, album_id, release_id, number, title, length) VALUES (760, 470, 470, 19, 'Someday Is Tonight', '0:6:1');
INSERT INTO tracks (artist_id, album_id, release_id, number, title, length) VALUES (760, 470, 470, 20, 'Interlude Livin'' In Complete Darkness', '0:1:7');
INSERT INTO artists (name) VALUES ('Whitney Houston');
INSERT INTO albums (artist_id, title, year) VALUES (761, 'Whitney Houston', '1985-01-01');
INSERT INTO releases (album_id, description, year) VALUES (471, 'Standard CD', '1985-01-01');
INSERT INTO tracks (artist_id, album_id, release_id, number, title, length) VALUES (761, 471, 471, 1, 'You Give Good Love', '0:4:37');
INSERT INTO tracks (artist_id, album_id, release_id, number, title, length) VALUES (761, 471, 471, 2, 'Thinking About You', '0:5:26');
INSERT INTO tracks (artist_id, album_id, release_id, number, title, length) VALUES (761, 471, 471, 3, 'Someone For Me', '0:5:1');
INSERT INTO tracks (artist_id, album_id, release_id, number, title, length) VALUES (761, 471, 471, 4, 'Saving All My Love For You', '0:3:58');
INSERT INTO tracks (artist_id, album_id, release_id, number, title, length) VALUES (761, 471, 471, 5, 'Nobody Loves Me Like You Do', '0:3:49');
INSERT INTO tracks (artist_id, album_id, release_id, number, title, length) VALUES (761, 471, 471, 6, 'How Will I Know', '0:4:36');
INSERT INTO tracks (artist_id, album_id, release_id, number, title, length) VALUES (761, 471, 471, 7, 'All At Once', '0:4:29');
INSERT INTO tracks (artist_id, album_id, release_id, number, title, length) VALUES (761, 471, 471, 8, 'Take Good Care Of My Heart', '0:4:16');
INSERT INTO tracks (artist_id, album_id, release_id, number, title, length) VALUES (761, 471, 471, 9, 'Greatest Love Of All', '0:4:51');
INSERT INTO tracks (artist_id, album_id, release_id, number, title, length) VALUES (761, 471, 471, 10, 'Hold Me', '0:6:0');
INSERT INTO albums (artist_id, title, year) VALUES (761, 'Whitney', '1987-01-01');
INSERT INTO releases (album_id, description, year) VALUES (472, 'Standard CD', '1987-01-01');
INSERT INTO tracks (artist_id, album_id, release_id, number, title, length) VALUES (761, 472, 472, 1, 'I Wanna Dance With Somebody (Who Loves Me)', '0:4:52');
INSERT INTO tracks (artist_id, album_id, release_id, number, title, length) VALUES (761, 472, 472, 2, 'Just The Lonely Talking Again', '0:5:34');
INSERT INTO tracks (artist_id, album_id, release_id, number, title, length) VALUES (761, 472, 472, 3, 'Love Will Save The Day', '0:5:25');
INSERT INTO tracks (artist_id, album_id, release_id, number, title, length) VALUES (761, 472, 472, 4, 'Didn''t We Almost Have It All', '0:5:7');
INSERT INTO tracks (artist_id, album_id, release_id, number, title, length) VALUES (761, 472, 472, 5, 'So Emotional', '0:4:37');
INSERT INTO tracks (artist_id, album_id, release_id, number, title, length) VALUES (761, 472, 472, 6, 'Where You Are', '0:4:11');
INSERT INTO tracks (artist_id, album_id, release_id, number, title, length) VALUES (761, 472, 472, 7, 'Love Is A Contact Sport', '0:4:19');
INSERT INTO tracks (artist_id, album_id, release_id, number, title, length) VALUES (761, 472, 472, 8, 'You''re Still My Man', '0:4:18');
INSERT INTO tracks (artist_id, album_id, release_id, number, title, length) VALUES (761, 472, 472, 9, 'For The Love Of You', '0:5:33');
INSERT INTO tracks (artist_id, album_id, release_id, number, title, length) VALUES (761, 472, 472, 10, 'Where Do Broken Hearts Go', '0:4:38');
INSERT INTO tracks (artist_id, album_id, release_id, number, title, length) VALUES (761, 472, 472, 11, 'I Know Him So Well', '0:4:29');
INSERT INTO artists (name) VALUES ('Cutting Crew');
INSERT INTO albums (artist_id, title, year) VALUES (762, 'Broadcast', '1987-01-01');
INSERT INTO releases (album_id, description, year) VALUES (473, 'Standard CD', '1987-01-01');
INSERT INTO tracks (artist_id, album_id, release_id, number, title, length) VALUES (762, 473, 473, 1, 'Any Colour', '0:4:57');
INSERT INTO tracks (artist_id, album_id, release_id, number, title, length) VALUES (762, 473, 473, 2, 'One For The Mockingbird', '0:4:27');
INSERT INTO tracks (artist_id, album_id, release_id, number, title, length) VALUES (762, 473, 473, 3, 'I''ve Been In Love Before', '0:5:32');
INSERT INTO tracks (artist_id, album_id, release_id, number, title, length) VALUES (762, 473, 473, 4, 'Life In A Dangerous Time', '0:4:33');
INSERT INTO tracks (artist_id, album_id, release_id, number, title, length) VALUES (762, 473, 473, 5, 'Fear Of Falling', '0:4:53');
INSERT INTO tracks (artist_id, album_id, release_id, number, title, length) VALUES (762, 473, 473, 6, '(I Just) Died In Your Arms', '0:4:45');
INSERT INTO tracks (artist_id, album_id, release_id, number, title, length) VALUES (762, 473, 473, 7, 'Don''t Look Back', '0:4:8');
INSERT INTO tracks (artist_id, album_id, release_id, number, title, length) VALUES (762, 473, 473, 8, 'Sahara', '0:4:53');
INSERT INTO tracks (artist_id, album_id, release_id, number, title, length) VALUES (762, 473, 473, 9, 'It Shouldn''t Take Too Long', '0:4:5');
INSERT INTO tracks (artist_id, album_id, release_id, number, title, length) VALUES (762, 473, 473, 10, 'The Broadcast', '0:6:39');
INSERT INTO artists (name) VALUES ('Sheena Easton');
INSERT INTO albums (artist_id, title, year) VALUES (763, 'The Best of Sheena Easton', '1989-01-01');
INSERT INTO releases (album_id, description, year) VALUES (474, 'Standard CD', '1989-01-01');
INSERT INTO tracks (artist_id, album_id, release_id, number, title, length) VALUES (763, 474, 474, 1, 'Modern Girl', '0:3:38');
INSERT INTO tracks (artist_id, album_id, release_id, number, title, length) VALUES (763, 474, 474, 2, 'Strut', '0:4:0');
INSERT INTO tracks (artist_id, album_id, release_id, number, title, length) VALUES (763, 474, 474, 3, 'Wind Beneath My Wings', '0:4:2');
INSERT INTO tracks (artist_id, album_id, release_id, number, title, length) VALUES (763, 474, 474, 4, 'We''ve Got Tonight', '0:3:50');
INSERT INTO tracks (artist_id, album_id, release_id, number, title, length) VALUES (763, 474, 474, 5, 'Morning Train (Nine To Five)', '0:3:20');
INSERT INTO tracks (artist_id, album_id, release_id, number, title, length) VALUES (763, 474, 474, 6, 'For Your Eyes Only (Title Song From the United Artists'' James Bond Film)', '0:3:4');
INSERT INTO tracks (artist_id, album_id, release_id, number, title, length) VALUES (763, 474, 474, 7, 'I Wouldn''t Beg For Water', '0:4:12');
INSERT INTO tracks (artist_id, album_id, release_id, number, title, length) VALUES (763, 474, 474, 8, 'When He Shines', '0:3:52');
INSERT INTO tracks (artist_id, album_id, release_id, number, title, length) VALUES (763, 474, 474, 9, 'Sugar Walls', '0:4:1');
INSERT INTO tracks (artist_id, album_id, release_id, number, title, length) VALUES (763, 474, 474, 10, 'Telefone (Long Distance Love Affair)', '0:3:45');
INSERT INTO tracks (artist_id, album_id, release_id, number, title, length) VALUES (763, 474, 474, 11, 'Almost Over You', '0:3:39');
INSERT INTO artists (name) VALUES ('Fine Young Cannibals');
INSERT INTO albums (artist_id, title, year) VALUES (764, 'The Raw & The Cooked', '1988-01-01');
INSERT INTO releases (album_id, description, year) VALUES (475, 'Standard CD', '1988-01-01');
INSERT INTO tracks (artist_id, album_id, release_id, number, title, length) VALUES (764, 475, 475, 1, 'She Drives Me Crazy', '0:3:38');
INSERT INTO tracks (artist_id, album_id, release_id, number, title, length) VALUES (764, 475, 475, 2, 'Good Thing', '0:3:24');
INSERT INTO tracks (artist_id, album_id, release_id, number, title, length) VALUES (764, 475, 475, 3, 'I''m Not The Man I Used To Be', '0:4:21');
INSERT INTO tracks (artist_id, album_id, release_id, number, title, length) VALUES (764, 475, 475, 4, 'I''m Not Satisfied', '0:3:50');
INSERT INTO tracks (artist_id, album_id, release_id, number, title, length) VALUES (764, 475, 475, 5, 'Tell Me What', '0:2:50');
INSERT INTO tracks (artist_id, album_id, release_id, number, title, length) VALUES (764, 475, 475, 6, 'Don''t Look Back', '0:3:39');
INSERT INTO tracks (artist_id, album_id, release_id, number, title, length) VALUES (764, 475, 475, 7, 'It''s OK (It''s Alright)', '0:3:32');
INSERT INTO tracks (artist_id, album_id, release_id, number, title, length) VALUES (764, 475, 475, 8, 'Don''t Let It Get You Down', '0:3:23');
INSERT INTO tracks (artist_id, album_id, release_id, number, title, length) VALUES (764, 475, 475, 9, 'As Hard As It Is', '0:3:14');
INSERT INTO tracks (artist_id, album_id, release_id, number, title, length) VALUES (764, 475, 475, 10, 'Ever Fallen In Love', '0:3:53');
INSERT INTO artists (name) VALUES ('Lionel Richie');
INSERT INTO albums (artist_id, title, year) VALUES (765, 'Dancing on the Ceiling', '1986-01-01');
INSERT INTO releases (album_id, description, year) VALUES (476, 'Standard CD', '1986-01-01');
INSERT INTO tracks (artist_id, album_id, release_id, number, title, length) VALUES (765, 476, 476, 1, 'Dancing On The Ceiling', '0:4:35');
INSERT INTO tracks (artist_id, album_id, release_id, number, title, length) VALUES (765, 476, 476, 2, 'Sela', '0:5:55');
INSERT INTO tracks (artist_id, album_id, release_id, number, title, length) VALUES (765, 476, 476, 3, 'Ballerina Girl', '0:3:40');
INSERT INTO tracks (artist_id, album_id, release_id, number, title, length) VALUES (765, 476, 476, 4, 'Don''t Stop', '0:8:9');
INSERT INTO tracks (artist_id, album_id, release_id, number, title, length) VALUES (765, 476, 476, 5, 'Deep River Woman', '0:4:38');
INSERT INTO tracks (artist_id, album_id, release_id, number, title, length) VALUES (765, 476, 476, 6, 'Love Will Conquer All', '0:5:44');
INSERT INTO tracks (artist_id, album_id, release_id, number, title, length) VALUES (765, 476, 476, 7, 'Tonight Will Be Alright', '0:5:9');
INSERT INTO tracks (artist_id, album_id, release_id, number, title, length) VALUES (765, 476, 476, 8, 'Say You, Say Me', '0:4:5');
INSERT INTO tracks (artist_id, album_id, release_id, number, title, length) VALUES (765, 476, 476, 9, 'Night Train (Smooth Alligator)', '0:4:57');
INSERT INTO albums (artist_id, title, year) VALUES (765, 'Can''t Slow Down', '1983-01-01');
INSERT INTO releases (album_id, description, year) VALUES (477, 'Standard CD', '1983-01-01');
INSERT INTO tracks (artist_id, album_id, release_id, number, title, length) VALUES (765, 477, 477, 1, 'Can''t Slow Down', '0:4:43');
INSERT INTO tracks (artist_id, album_id, release_id, number, title, length) VALUES (765, 477, 477, 2, 'All Night Long (All Night)', '0:6:25');
INSERT INTO tracks (artist_id, album_id, release_id, number, title, length) VALUES (765, 477, 477, 3, 'Penny Lover', '0:5:35');
INSERT INTO tracks (artist_id, album_id, release_id, number, title, length) VALUES (765, 477, 477, 4, 'Stuck on You', '0:3:15');
INSERT INTO tracks (artist_id, album_id, release_id, number, title, length) VALUES (765, 477, 477, 5, 'Love Will Find a Way', '0:6:16');
INSERT INTO tracks (artist_id, album_id, release_id, number, title, length) VALUES (765, 477, 477, 6, 'The Only One', '0:4:24');
INSERT INTO tracks (artist_id, album_id, release_id, number, title, length) VALUES (765, 477, 477, 7, 'Running With the Night', '0:6:2');
INSERT INTO tracks (artist_id, album_id, release_id, number, title, length) VALUES (765, 477, 477, 8, 'Hello', '0:4:8');
INSERT INTO artists (name) VALUES ('Celine Dion');
INSERT INTO albums (artist_id, title, year) VALUES (766, 'All the Way A Decade of Song', '1999-01-01');
INSERT INTO releases (album_id, description, year) VALUES (478, 'Standard CD', '1999-01-01');
INSERT INTO tracks (artist_id, album_id, release_id, number, title, length) VALUES (766, 478, 478, 1, 'The Power of Love (Radio Edit)', '0:4:48');
INSERT INTO tracks (artist_id, album_id, release_id, number, title, length) VALUES (766, 478, 478, 2, 'If You Asked Me To', '0:3:55');
INSERT INTO tracks (artist_id, album_id, release_id, number, title, length) VALUES (766, 478, 478, 3, 'Beauty and the Beast (Duet with Peabo Bryson)', '0:4:4');
INSERT INTO tracks (artist_id, album_id, release_id, number, title, length) VALUES (766, 478, 478, 4, 'Because You Loved Me (Theme from Up Close & Personal)', '0:4:35');
INSERT INTO tracks (artist_id, album_id, release_id, number, title, length) VALUES (766, 478, 478, 5, 'It''s All Coming Back to Me Now (Radio Edit)', '0:5:32');
INSERT INTO tracks (artist_id, album_id, release_id, number, title, length) VALUES (766, 478, 478, 6, 'Love Can Move Mountains (Radio Edit)', '0:4:1');
INSERT INTO tracks (artist_id, album_id, release_id, number, title, length) VALUES (766, 478, 478, 7, 'To Love You More (Radio Edit)', '0:4:41');
INSERT INTO tracks (artist_id, album_id, release_id, number, title, length) VALUES (766, 478, 478, 8, 'My Heart Will Go On (Love Theme From Titanic)', '0:4:42');
INSERT INTO tracks (artist_id, album_id, release_id, number, title, length) VALUES (766, 478, 478, 9, 'I''m Your Angel (Duet with R Kelly)', '0:5:31');
INSERT INTO tracks (artist_id, album_id, release_id, number, title, length) VALUES (766, 478, 478, 10, 'That''s the Way It Is', '0:4:3');
INSERT INTO tracks (artist_id, album_id, release_id, number, title, length) VALUES (766, 478, 478, 11, 'If Walls Could Talk', '0:5:19');
INSERT INTO tracks (artist_id, album_id, release_id, number, title, length) VALUES (766, 478, 478, 12, 'The First Time Ever I Saw Your Face', '0:4:9');
INSERT INTO tracks (artist_id, album_id, release_id, number, title, length) VALUES (766, 478, 478, 13, 'All The Way (Duet with Frank Sinatra)', '0:3:53');
INSERT INTO tracks (artist_id, album_id, release_id, number, title, length) VALUES (766, 478, 478, 14, 'Then You Look at Me', '0:4:11');
INSERT INTO tracks (artist_id, album_id, release_id, number, title, length) VALUES (766, 478, 478, 15, 'I Want You to Need Me', '0:4:36');
INSERT INTO tracks (artist_id, album_id, release_id, number, title, length) VALUES (766, 478, 478, 16, 'Live (for the One I Love)', '0:3:58');
INSERT INTO artists (name) VALUES ('Linda Ronstadt');
INSERT INTO albums (artist_id, title, year) VALUES (767, 'Cry Like a Rainstorm - Howl Like the Wind', '1989-01-01');
INSERT INTO releases (album_id, description, year) VALUES (479, 'Standard CD', '1989-01-01');
INSERT INTO tracks (artist_id, album_id, release_id, number, title, length) VALUES (767, 479, 479, 1, 'Still Within The Sound Of My Voice', '0:4:32');
INSERT INTO tracks (artist_id, album_id, release_id, number, title, length) VALUES (767, 479, 479, 2, 'Cry Like A Rainstorm', '0:3:36');
INSERT INTO tracks (artist_id, album_id, release_id, number, title, length) VALUES (767, 479, 479, 3, 'All My Life', '0:3:30');
INSERT INTO tracks (artist_id, album_id, release_id, number, title, length) VALUES (767, 479, 479, 4, 'I Need You', '0:2:52');
INSERT INTO tracks (artist_id, album_id, release_id, number, title, length) VALUES (767, 479, 479, 5, 'Don''t Know Much', '0:3:34');
INSERT INTO tracks (artist_id, album_id, release_id, number, title, length) VALUES (767, 479, 479, 6, 'Adios', '0:3:36');
INSERT INTO tracks (artist_id, album_id, release_id, number, title, length) VALUES (767, 479, 479, 7, 'Trouble Again', '0:3:19');
INSERT INTO tracks (artist_id, album_id, release_id, number, title, length) VALUES (767, 479, 479, 8, 'I Keep It Hid', '0:3:35');
INSERT INTO tracks (artist_id, album_id, release_id, number, title, length) VALUES (767, 479, 479, 9, 'So Right, So Wrong', '0:3:27');
INSERT INTO tracks (artist_id, album_id, release_id, number, title, length) VALUES (767, 479, 479, 10, 'Shattered', '0:2:53');
INSERT INTO tracks (artist_id, album_id, release_id, number, title, length) VALUES (767, 479, 479, 11, 'When Something Is Wrong With My Baby', '0:3:51');
INSERT INTO tracks (artist_id, album_id, release_id, number, title, length) VALUES (767, 479, 479, 12, 'Goodbye My Friend', '0:3:46');
INSERT INTO artists (name) VALUES ('Carpenters');
INSERT INTO albums (artist_id, title, year) VALUES (768, 'Yesterday Once More', '1984-01-01');
INSERT INTO releases (album_id, description, year) VALUES (480, 'Standard CD', '1984-01-01');
INSERT INTO tracks (artist_id, album_id, release_id, number, title, length) VALUES (768, 480, 480, 1, 'Yesterday Once More', '0:3:57');
INSERT INTO tracks (artist_id, album_id, release_id, number, title, length) VALUES (768, 480, 480, 2, 'Superstar', '0:3:45');
INSERT INTO tracks (artist_id, album_id, release_id, number, title, length) VALUES (768, 480, 480, 3, 'Rainy Days and Mondays', '0:3:38');
INSERT INTO tracks (artist_id, album_id, release_id, number, title, length) VALUES (768, 480, 480, 4, '(Want You) Back In My Life Again', '0:3:38');
INSERT INTO tracks (artist_id, album_id, release_id, number, title, length) VALUES (768, 480, 480, 5, 'Ticket To Ride', '0:4:8');
INSERT INTO tracks (artist_id, album_id, release_id, number, title, length) VALUES (768, 480, 480, 6, 'Goodbye To Love', '0:3:56');
INSERT INTO tracks (artist_id, album_id, release_id, number, title, length) VALUES (768, 480, 480, 7, 'Bless the Beasts and Children', '0:3:16');
INSERT INTO tracks (artist_id, album_id, release_id, number, title, length) VALUES (768, 480, 480, 8, 'It''s Going To Take Some Time', '0:2:55');
INSERT INTO tracks (artist_id, album_id, release_id, number, title, length) VALUES (768, 480, 480, 9, 'Calling Occupants of Interplanetary Craft', '0:7:7');
INSERT INTO tracks (artist_id, album_id, release_id, number, title, length) VALUES (768, 480, 480, 10, 'Sweet, Sweet Smile', '0:2:57');
INSERT INTO tracks (artist_id, album_id, release_id, number, title, length) VALUES (768, 480, 480, 1, 'There''s A Kind Of Hush All Over The World', '0:3:4');
INSERT INTO tracks (artist_id, album_id, release_id, number, title, length) VALUES (768, 480, 480, 2, 'This Masquerade', '0:4:50');
INSERT INTO tracks (artist_id, album_id, release_id, number, title, length) VALUES (768, 480, 480, 3, 'Hurting Each Other', '0:2:47');
INSERT INTO tracks (artist_id, album_id, release_id, number, title, length) VALUES (768, 480, 480, 4, 'Please Mr Postman', '0:2:52');
INSERT INTO tracks (artist_id, album_id, release_id, number, title, length) VALUES (768, 480, 480, 5, 'I Need To Be In Love', '0:3:29');
INSERT INTO tracks (artist_id, album_id, release_id, number, title, length) VALUES (768, 480, 480, 6, 'Make Believe It''s Your First Time', '0:4:3');
INSERT INTO tracks (artist_id, album_id, release_id, number, title, length) VALUES (768, 480, 480, 7, 'All You Get From Love Is A Love Song', '0:3:46');
INSERT INTO tracks (artist_id, album_id, release_id, number, title, length) VALUES (768, 480, 480, 8, 'Top Of The World', '0:2:56');
INSERT INTO tracks (artist_id, album_id, release_id, number, title, length) VALUES (768, 480, 480, 13, 'Touch Me When We''re Dancing', '0:3:20');
INSERT INTO tracks (artist_id, album_id, release_id, number, title, length) VALUES (768, 480, 480, 12, 'For All We Know', '0:2:29');
INSERT INTO tracks (artist_id, album_id, release_id, number, title, length) VALUES (768, 480, 480, 9, 'Because We Are In Love The Wedding Song', '0:5:0');
INSERT INTO tracks (artist_id, album_id, release_id, number, title, length) VALUES (768, 480, 480, 10, 'We''ve Only Just Begun', '0:3:3');
INSERT INTO tracks (artist_id, album_id, release_id, number, title, length) VALUES (768, 480, 480, 11, 'Those Good Old Dreams', '0:4:12');
INSERT INTO tracks (artist_id, album_id, release_id, number, title, length) VALUES (768, 480, 480, 14, 'They Long to Be Close To You', '0:3:42');
INSERT INTO tracks (artist_id, album_id, release_id, number, title, length) VALUES (768, 480, 480, 13, 'Only Yesterday', '0:3:50');
INSERT INTO tracks (artist_id, album_id, release_id, number, title, length) VALUES (768, 480, 480, 12, 'Sing', '0:3:17');
INSERT INTO tracks (artist_id, album_id, release_id, number, title, length) VALUES (768, 480, 480, 11, 'I Won''t Last a Day Without You', '0:3:50');
INSERT INTO artists (name) VALUES ('Michael Jackson');
INSERT INTO albums (artist_id, title, year) VALUES (769, 'Thriller', '1982-01-01');
INSERT INTO releases (album_id, description, year) VALUES (481, 'Standard CD', '1982-01-01');
INSERT INTO tracks (artist_id, album_id, release_id, number, title, length) VALUES (769, 481, 481, 1, 'Wanna Be Startin'' Somethin''', '0:6:4');
INSERT INTO tracks (artist_id, album_id, release_id, number, title, length) VALUES (769, 481, 481, 2, 'Baby Be Mine', '0:4:20');
INSERT INTO tracks (artist_id, album_id, release_id, number, title, length) VALUES (769, 481, 481, 3, 'The Girl Is Mine', '0:3:42');
INSERT INTO tracks (artist_id, album_id, release_id, number, title, length) VALUES (769, 481, 481, 4, 'Thriller', '0:5:59');
INSERT INTO tracks (artist_id, album_id, release_id, number, title, length) VALUES (769, 481, 481, 5, 'Beat It', '0:4:18');
INSERT INTO tracks (artist_id, album_id, release_id, number, title, length) VALUES (769, 481, 481, 6, 'Billie Jean', '0:4:54');
INSERT INTO tracks (artist_id, album_id, release_id, number, title, length) VALUES (769, 481, 481, 7, 'Human Nature', '0:4:6');
INSERT INTO tracks (artist_id, album_id, release_id, number, title, length) VALUES (769, 481, 481, 8, 'PYT (Pretty Young Thing)', '0:3:59');
INSERT INTO tracks (artist_id, album_id, release_id, number, title, length) VALUES (769, 481, 481, 9, 'The Lady In My Life', '0:4:59');
INSERT INTO artists (name) VALUES ('Phil Collins');
INSERT INTO albums (artist_id, title, year) VALUES (770, 'Hits', '1998-01-01');
INSERT INTO releases (album_id, description, year) VALUES (482, 'Standard CD', '1998-01-01');
INSERT INTO tracks (artist_id, album_id, release_id, number, title, length) VALUES (770, 482, 482, 1, 'Another Day In Paradise', '0:5:22');
INSERT INTO tracks (artist_id, album_id, release_id, number, title, length) VALUES (770, 482, 482, 2, 'True Colors', '0:4:34');
INSERT INTO tracks (artist_id, album_id, release_id, number, title, length) VALUES (770, 482, 482, 3, 'Easy Lover', '0:5:2');
INSERT INTO tracks (artist_id, album_id, release_id, number, title, length) VALUES (770, 482, 482, 4, 'You Can''t Hurry Love', '0:2:52');
INSERT INTO tracks (artist_id, album_id, release_id, number, title, length) VALUES (770, 482, 482, 5, 'Two Hearts', '0:3:24');
INSERT INTO tracks (artist_id, album_id, release_id, number, title, length) VALUES (770, 482, 482, 6, 'I Wish It Would Rain Down', '0:5:28');
INSERT INTO tracks (artist_id, album_id, release_id, number, title, length) VALUES (770, 482, 482, 7, 'Against All Odds', '0:3:25');
INSERT INTO tracks (artist_id, album_id, release_id, number, title, length) VALUES (770, 482, 482, 8, 'Something Happened On The Way To Heaven', '0:4:51');
INSERT INTO tracks (artist_id, album_id, release_id, number, title, length) VALUES (770, 482, 482, 9, 'Separate Lives', '0:4:6');
INSERT INTO tracks (artist_id, album_id, release_id, number, title, length) VALUES (770, 482, 482, 10, 'Both Sides Of The Story', '0:6:37');
INSERT INTO tracks (artist_id, album_id, release_id, number, title, length) VALUES (770, 482, 482, 11, 'One More Night', '0:4:46');
INSERT INTO tracks (artist_id, album_id, release_id, number, title, length) VALUES (770, 482, 482, 12, 'Sussudio', '0:4:21');
INSERT INTO tracks (artist_id, album_id, release_id, number, title, length) VALUES (770, 482, 482, 13, 'Dance Into The Light', '0:4:22');
INSERT INTO tracks (artist_id, album_id, release_id, number, title, length) VALUES (770, 482, 482, 14, 'A Groovy Kind Of Love', '0:3:29');
INSERT INTO tracks (artist_id, album_id, release_id, number, title, length) VALUES (770, 482, 482, 15, 'In The Air Tonight', '0:5:30');
INSERT INTO tracks (artist_id, album_id, release_id, number, title, length) VALUES (770, 482, 482, 16, 'Take Me Home', '0:5:52');
INSERT INTO artists (name) VALUES ('Rimsky-Korsakov, Nikolai');
INSERT INTO albums (artist_id, title, year) VALUES (771, 'Scheherazade, Capriccio espagnol - Sir Charles Mackerras', '1990-01-01');
INSERT INTO releases (album_id, description, year) VALUES (483, 'Standard CD', '1990-01-01');
INSERT INTO tracks (artist_id, album_id, release_id, number, title, length) VALUES (771, 483, 483, 1, 'Scheherazade, Suite symphonique, Op35 - I The Sea & Sinbad''s Ship', '0:10:3');
INSERT INTO tracks (artist_id, album_id, release_id, number, title, length) VALUES (771, 483, 483, 2, 'Scheherazade, Suite symphonique, Op35 - II The Tale of the Kalender Prince', '0:11:56');
INSERT INTO tracks (artist_id, album_id, release_id, number, title, length) VALUES (771, 483, 483, 3, 'Scheherazade, Suite symphonique, Op35 - III The Young Prince & the Young Princess', '0:10:11');
INSERT INTO tracks (artist_id, album_id, release_id, number, title, length) VALUES (771, 483, 483, 4, 'Scheherazade, Suite symphonique, Op35 - IV The Festival at Baghdad, The Sea, Shipwreck', '0:12:56');
INSERT INTO tracks (artist_id, album_id, release_id, number, title, length) VALUES (771, 483, 483, 5, 'Capriccio espagnol, Op34 - I Alborada', '0:1:13');
INSERT INTO tracks (artist_id, album_id, release_id, number, title, length) VALUES (771, 483, 483, 6, 'Capriccio espagnol, Op34 - II Variazioni', '0:4:8');
INSERT INTO tracks (artist_id, album_id, release_id, number, title, length) VALUES (771, 483, 483, 7, 'Capriccio espagnol, Op34 - III Alborada', '0:1:14');
INSERT INTO tracks (artist_id, album_id, release_id, number, title, length) VALUES (771, 483, 483, 8, 'Capriccio espagnol, Op34 - IV Scena e canto gitano', '0:4:55');
INSERT INTO tracks (artist_id, album_id, release_id, number, title, length) VALUES (771, 483, 483, 9, 'Capriccio espagnol, Op34 - V Fandango asturiano', '0:3:15');
INSERT INTO artists (name) VALUES ('Sarah Brightman');
INSERT INTO albums (artist_id, title, year) VALUES (772, 'The Songs That Got Away', '1989-01-01');
INSERT INTO releases (album_id, description, year) VALUES (484, 'Standard CD', '1989-01-01');
INSERT INTO tracks (artist_id, album_id, release_id, number, title, length) VALUES (772, 484, 484, 1, 'Meadowlark', '0:5:8');
INSERT INTO tracks (artist_id, album_id, release_id, number, title, length) VALUES (772, 484, 484, 2, 'I Am Going to Like it Here', '0:3:34');
INSERT INTO tracks (artist_id, album_id, release_id, number, title, length) VALUES (772, 484, 484, 3, 'I Remember', '0:3:4');
INSERT INTO tracks (artist_id, album_id, release_id, number, title, length) VALUES (772, 484, 484, 4, 'Mr Monotony', '0:3:59');
INSERT INTO tracks (artist_id, album_id, release_id, number, title, length) VALUES (772, 484, 484, 5, 'Dreamers', '0:2:52');
INSERT INTO tracks (artist_id, album_id, release_id, number, title, length) VALUES (772, 484, 484, 6, 'Silent Heart', '0:3:55');
INSERT INTO tracks (artist_id, album_id, release_id, number, title, length) VALUES (772, 484, 484, 7, 'Lud''s Wedding', '0:3:45');
INSERT INTO tracks (artist_id, album_id, release_id, number, title, length) VALUES (772, 484, 484, 8, 'Three-cornered Tune', '0:2:13');
INSERT INTO tracks (artist_id, album_id, release_id, number, title, length) VALUES (772, 484, 484, 9, 'If I Ever Fall in Love Again', '0:3:57');
INSERT INTO tracks (artist_id, album_id, release_id, number, title, length) VALUES (772, 484, 484, 10, 'What Makes Me Love Him', '0:2:41');
INSERT INTO tracks (artist_id, album_id, release_id, number, title, length) VALUES (772, 484, 484, 11, 'Chi Il Bel Sogno Di Doretta', '0:2:47');
INSERT INTO tracks (artist_id, album_id, release_id, number, title, length) VALUES (772, 484, 484, 12, 'Away From You', '0:3:28');
INSERT INTO tracks (artist_id, album_id, release_id, number, title, length) VALUES (772, 484, 484, 13, 'If Love Were All', '0:4:23');
INSERT INTO tracks (artist_id, album_id, release_id, number, title, length) VALUES (772, 484, 484, 14, 'Half a Moment', '0:3:58');
INSERT INTO albums (artist_id, title, year) VALUES (564, 'Italia', '2007-01-01');
INSERT INTO releases (album_id, description, year) VALUES (485, 'Standard CD', '2007-01-01');
INSERT INTO tracks (artist_id, album_id, release_id, number, title, length) VALUES (564, 485, 485, 1, 'Deborah''s Theme (from Once Upon a Time in America)', '0:2:51');
INSERT INTO tracks (artist_id, album_id, release_id, number, title, length) VALUES (564, 485, 485, 2, 'Italia  (feat Andrea Bocelli)', '0:5:34');
INSERT INTO tracks (artist_id, album_id, release_id, number, title, length) VALUES (564, 485, 485, 3, 'Venice', '0:4:31');
INSERT INTO tracks (artist_id, album_id, release_id, number, title, length) VALUES (564, 485, 485, 4, 'The Very Thought Of You (feat Paula Cole)', '0:4:53');
INSERT INTO tracks (artist_id, album_id, release_id, number, title, length) VALUES (564, 485, 485, 5, 'Gabriel''s Oboe (from The Mission)', '0:4:16');
INSERT INTO tracks (artist_id, album_id, release_id, number, title, length) VALUES (564, 485, 485, 6, 'I''ve Grown Accustomed To Her Face (feat Dean Martin)', '0:3:10');
INSERT INTO tracks (artist_id, album_id, release_id, number, title, length) VALUES (564, 485, 485, 7, 'Caruso', '0:3:59');
INSERT INTO tracks (artist_id, album_id, release_id, number, title, length) VALUES (564, 485, 485, 8, 'The Way You Look Tonight', '0:4:16');
INSERT INTO tracks (artist_id, album_id, release_id, number, title, length) VALUES (564, 485, 485, 9, 'It Never Entered My Mind', '0:4:53');
INSERT INTO tracks (artist_id, album_id, release_id, number, title, length) VALUES (564, 485, 485, 10, 'Ave Maria', '0:5:46');
INSERT INTO tracks (artist_id, album_id, release_id, number, title, length) VALUES (564, 485, 485, 11, 'Estate', '0:4:6');
INSERT INTO tracks (artist_id, album_id, release_id, number, title, length) VALUES (564, 485, 485, 12, 'Nessun Dorma', '0:3:50');
INSERT INTO albums (artist_id, title, year) VALUES (564, 'December', '2006-01-01');
INSERT INTO releases (album_id, description, year) VALUES (486, 'Standard CD', '2006-01-01');
INSERT INTO tracks (artist_id, album_id, release_id, number, title, length) VALUES (564, 486, 486, 1, 'The Christmas Song', '0:4:32');
INSERT INTO tracks (artist_id, album_id, release_id, number, title, length) VALUES (564, 486, 486, 2, 'Ave Maria', '0:5:46');
INSERT INTO tracks (artist_id, album_id, release_id, number, title, length) VALUES (564, 486, 486, 3, 'Winter Wonderland', '0:3:8');
INSERT INTO tracks (artist_id, album_id, release_id, number, title, length) VALUES (564, 486, 486, 4, 'The First Noel', '0:2:50');
INSERT INTO tracks (artist_id, album_id, release_id, number, title, length) VALUES (564, 486, 486, 5, 'Let It Snow!', '0:4:2');
INSERT INTO tracks (artist_id, album_id, release_id, number, title, length) VALUES (564, 486, 486, 6, 'Hallelujah', '0:3:4');
INSERT INTO tracks (artist_id, album_id, release_id, number, title, length) VALUES (564, 486, 486, 7, 'I Really Don''t Want Mucha For Christmas', '0:4:18');
INSERT INTO tracks (artist_id, album_id, release_id, number, title, length) VALUES (564, 486, 486, 8, 'Have Yourself A Merry Little Christmas', '0:4:31');
INSERT INTO tracks (artist_id, album_id, release_id, number, title, length) VALUES (564, 486, 486, 9, 'Santa Claus Is Comming To Town', '0:4:7');
INSERT INTO tracks (artist_id, album_id, release_id, number, title, length) VALUES (564, 486, 486, 10, 'Silent Night', '0:5:45');
INSERT INTO tracks (artist_id, album_id, release_id, number, title, length) VALUES (564, 486, 486, 11, 'Little Dummer Boy', '0:3:5');
INSERT INTO tracks (artist_id, album_id, release_id, number, title, length) VALUES (564, 486, 486, 12, 'O Little Town Of Bethlehem', '0:3:10');
INSERT INTO tracks (artist_id, album_id, release_id, number, title, length) VALUES (564, 486, 486, 13, 'I''ll Be Home For Christmas', '0:4:7');
INSERT INTO artists (name) VALUES ('Keith Foley');
INSERT INTO albums (artist_id, title, year) VALUES (773, 'Music for Christmas', '1985-01-01');
INSERT INTO releases (album_id, description, year) VALUES (487, 'Standard CD', '1985-01-01');
INSERT INTO tracks (artist_id, album_id, release_id, number, title, length) VALUES (773, 487, 487, 1, 'Suite No One', '0:5:8');
INSERT INTO tracks (artist_id, album_id, release_id, number, title, length) VALUES (773, 487, 487, 2, 'Noel Puer nobis nascitur', '0:2:10');
INSERT INTO tracks (artist_id, album_id, release_id, number, title, length) VALUES (773, 487, 487, 3, 'Chorale prelude Gelobet seist du, Jesu Christ', '0:1:12');
INSERT INTO tracks (artist_id, album_id, release_id, number, title, length) VALUES (773, 487, 487, 4, 'In Dulci Jubilo', '0:2:18');
INSERT INTO tracks (artist_id, album_id, release_id, number, title, length) VALUES (773, 487, 487, 5, 'Angels We Have Heard on High (the Westminster Carol)', '0:2:8');
INSERT INTO tracks (artist_id, album_id, release_id, number, title, length) VALUES (773, 487, 487, 6, 'Suite No Two', '0:4:26');
INSERT INTO tracks (artist_id, album_id, release_id, number, title, length) VALUES (773, 487, 487, 7, 'Noel', '0:4:20');
INSERT INTO tracks (artist_id, album_id, release_id, number, title, length) VALUES (773, 487, 487, 8, 'Lo, How a Rose E''er Blooming (Es ist ein'' Ros'')', '0:1:44');
INSERT INTO tracks (artist_id, album_id, release_id, number, title, length) VALUES (773, 487, 487, 9, 'Noel Angevin', '0:2:41');
INSERT INTO tracks (artist_id, album_id, release_id, number, title, length) VALUES (773, 487, 487, 10, 'Chorale prelude Wachet auf (Wake, Awake, for Night is Flying)', '0:1:36');
INSERT INTO tracks (artist_id, album_id, release_id, number, title, length) VALUES (773, 487, 487, 11, 'Suite No Three', '0:5:15');
INSERT INTO tracks (artist_id, album_id, release_id, number, title, length) VALUES (773, 487, 487, 12, 'Noel Une Vierge pucelle (A Virgin Pure)', '0:1:11');
INSERT INTO tracks (artist_id, album_id, release_id, number, title, length) VALUES (773, 487, 487, 13, 'Pastorale (Dialogo Pastorale)', '0:3:35');
INSERT INTO tracks (artist_id, album_id, release_id, number, title, length) VALUES (773, 487, 487, 14, 'Let All Mortal Flesh Keep Silence (Picardy)', '0:1:36');
INSERT INTO tracks (artist_id, album_id, release_id, number, title, length) VALUES (773, 487, 487, 15, 'Noel (sur les flutes-for the flute stops)', '0:2:39');
INSERT INTO tracks (artist_id, album_id, release_id, number, title, length) VALUES (773, 487, 487, 16, 'Break Forth, O Beauteous Heavenly Light', '0:1:52');
INSERT INTO tracks (artist_id, album_id, release_id, number, title, length) VALUES (773, 487, 487, 17, 'Suite No Four', '0:4:7');
INSERT INTO tracks (artist_id, album_id, release_id, number, title, length) VALUES (773, 487, 487, 18, 'Three Preludes on Frolich soll mein Herze springen', '0:2:58');
INSERT INTO tracks (artist_id, album_id, release_id, number, title, length) VALUES (773, 487, 487, 19, 'Noel en Musette', '0:2:35');
INSERT INTO tracks (artist_id, album_id, release_id, number, title, length) VALUES (773, 487, 487, 20, 'The First Nowell', '0:4:3');
INSERT INTO tracks (artist_id, album_id, release_id, number, title, length) VALUES (773, 487, 487, 21, 'Suite No Five', '0:4:2');
INSERT INTO artists (name) VALUES ('Walt Disney');
INSERT INTO albums (artist_id, title, year) VALUES (774, 'A Disney Christmas', '1999-01-01');
INSERT INTO releases (album_id, description, year) VALUES (488, 'Standard CD', '1999-01-01');
INSERT INTO tracks (artist_id, album_id, release_id, number, title, length) VALUES (774, 488, 488, 1, 'Jingle Bells', '0:2:12');
INSERT INTO tracks (artist_id, album_id, release_id, number, title, length) VALUES (774, 488, 488, 2, 'Deck The Halls', '0:2:39');
INSERT INTO tracks (artist_id, album_id, release_id, number, title, length) VALUES (774, 488, 488, 3, 'Hey Santa', '0:4:0');
INSERT INTO tracks (artist_id, album_id, release_id, number, title, length) VALUES (774, 488, 488, 4, 'Silent Night', '0:3:44');
INSERT INTO tracks (artist_id, album_id, release_id, number, title, length) VALUES (774, 488, 488, 5, 'O Christmas Tree', '0:0:45');
INSERT INTO tracks (artist_id, album_id, release_id, number, title, length) VALUES (774, 488, 488, 6, 'We Wish You A Merry Christmas', '0:1:10');
INSERT INTO tracks (artist_id, album_id, release_id, number, title, length) VALUES (774, 488, 488, 7, 'Jolly Old Saint Nicholas', '0:2:5');
INSERT INTO tracks (artist_id, album_id, release_id, number, title, length) VALUES (774, 488, 488, 8, 'Away In A Manger', '0:2:21');
INSERT INTO tracks (artist_id, album_id, release_id, number, title, length) VALUES (774, 488, 488, 9, 'What Child Is This', '0:3:58');
INSERT INTO tracks (artist_id, album_id, release_id, number, title, length) VALUES (774, 488, 488, 10, 'Hero Of The Story', '0:3:31');
INSERT INTO albums (artist_id, title, year) VALUES (575, 'Crosby Family Christmas', '1991-01-01');
INSERT INTO releases (album_id, description, year) VALUES (489, 'Standard CD', '1991-01-01');
INSERT INTO tracks (artist_id, album_id, release_id, number, title, length) VALUES (575, 489, 489, 1, 'Intro & Monologue', '0:1:6');
INSERT INTO tracks (artist_id, album_id, release_id, number, title, length) VALUES (575, 489, 489, 2, 'Adeste Fidelis', '0:3:13');
INSERT INTO tracks (artist_id, album_id, release_id, number, title, length) VALUES (575, 489, 489, 3, 'Jingle Bells', '0:11:12');
INSERT INTO tracks (artist_id, album_id, release_id, number, title, length) VALUES (575, 489, 489, 4, 'Christmas Feeling', '0:1:47');
INSERT INTO tracks (artist_id, album_id, release_id, number, title, length) VALUES (575, 489, 489, 5, 'Hitch A Ride With Santa Clause', '0:1:42');
INSERT INTO tracks (artist_id, album_id, release_id, number, title, length) VALUES (575, 489, 489, 6, 'The Snowman', '0:1:45');
INSERT INTO tracks (artist_id, album_id, release_id, number, title, length) VALUES (575, 489, 489, 7, 'That Christmas Feeling', '0:1:47');
INSERT INTO tracks (artist_id, album_id, release_id, number, title, length) VALUES (575, 489, 489, 8, 'Silent Night', '0:2:28');
INSERT INTO tracks (artist_id, album_id, release_id, number, title, length) VALUES (575, 489, 489, 9, 'Away In A Manger', '0:1:5');
INSERT INTO tracks (artist_id, album_id, release_id, number, title, length) VALUES (575, 489, 489, 10, 'White Christmas', '0:2:30');
INSERT INTO albums (artist_id, title, year) VALUES (575, 'Merry Christmas', '1961-01-01');
INSERT INTO releases (album_id, description, year) VALUES (490, 'Standard CD', '1961-01-01');
INSERT INTO tracks (artist_id, album_id, release_id, number, title, length) VALUES (575, 490, 490, 1, 'Silent Night', '0:2:39');
INSERT INTO tracks (artist_id, album_id, release_id, number, title, length) VALUES (575, 490, 490, 2, 'Adeste Fideles', '0:3:11');
INSERT INTO tracks (artist_id, album_id, release_id, number, title, length) VALUES (575, 490, 490, 3, 'White Christmas', '0:3:6');
INSERT INTO tracks (artist_id, album_id, release_id, number, title, length) VALUES (575, 490, 490, 4, 'God Rest Ye Merry Gentlemen', '0:2:20');
INSERT INTO tracks (artist_id, album_id, release_id, number, title, length) VALUES (575, 490, 490, 5, 'Faith Of Our Fathers', '0:2:55');
INSERT INTO tracks (artist_id, album_id, release_id, number, title, length) VALUES (575, 490, 490, 6, 'I''ll Be Home For Christmas', '0:2:58');
INSERT INTO tracks (artist_id, album_id, release_id, number, title, length) VALUES (575, 490, 490, 7, 'Jingle Bells', '0:2:36');
INSERT INTO tracks (artist_id, album_id, release_id, number, title, length) VALUES (575, 490, 490, 8, 'Santa Claus Is Comin'' To Town', '0:2:43');
INSERT INTO tracks (artist_id, album_id, release_id, number, title, length) VALUES (575, 490, 490, 9, 'Silver Bells', '0:3:5');
INSERT INTO tracks (artist_id, album_id, release_id, number, title, length) VALUES (575, 490, 490, 10, 'It''s Beginning To Look A Lot Like Christmas', '0:2:48');
INSERT INTO tracks (artist_id, album_id, release_id, number, title, length) VALUES (575, 490, 490, 11, 'Christmas In Killarney', '0:2:44');
INSERT INTO tracks (artist_id, album_id, release_id, number, title, length) VALUES (575, 490, 490, 12, 'Mele Kalikimaka', '0:2:54');
INSERT INTO artists (name) VALUES ('Chipmunks, The');
INSERT INTO albums (artist_id, title, year) VALUES (775, 'Christmas with the Chipmunks Vol 2', '1987-01-01');
INSERT INTO releases (album_id, description, year) VALUES (491, 'Standard CD', '1987-01-01');
INSERT INTO tracks (artist_id, album_id, release_id, number, title, length) VALUES (775, 491, 491, 1, 'Here Comes Santa Claus', '0:1:47');
INSERT INTO tracks (artist_id, album_id, release_id, number, title, length) VALUES (775, 491, 491, 2, 'Have Yourself A Merry Little Christmas', '0:2:33');
INSERT INTO tracks (artist_id, album_id, release_id, number, title, length) VALUES (775, 491, 491, 3, 'Deck The Halls', '0:2:21');
INSERT INTO tracks (artist_id, album_id, release_id, number, title, length) VALUES (775, 491, 491, 4, 'It''s Beginning To Look A Lot Like Christmas', '0:1:49');
INSERT INTO tracks (artist_id, album_id, release_id, number, title, length) VALUES (775, 491, 491, 5, 'Here We Come A-Caroling', '0:1:59');
INSERT INTO tracks (artist_id, album_id, release_id, number, title, length) VALUES (775, 491, 491, 6, 'Jingle Bell Rock', '0:1:45');
INSERT INTO tracks (artist_id, album_id, release_id, number, title, length) VALUES (775, 491, 491, 7, 'Jolly Old Saint Nicholas', '0:1:51');
INSERT INTO tracks (artist_id, album_id, release_id, number, title, length) VALUES (775, 491, 491, 8, 'The Twelve Days Of Christmas', '0:4:23');
INSERT INTO tracks (artist_id, album_id, release_id, number, title, length) VALUES (775, 491, 491, 9, 'O Christmas Tree (O Tannenbaum)', '0:2:25');
INSERT INTO artists (name) VALUES ('The Canadian Brass');
INSERT INTO albums (artist_id, title, year) VALUES (776, 'Christmas with The Canadian Brass', '1981-01-01');
INSERT INTO releases (album_id, description, year) VALUES (492, 'Standard CD', '1981-01-01');
INSERT INTO tracks (artist_id, album_id, release_id, number, title, length) VALUES (776, 492, 492, 1, 'Jingle Bells', '0:1:47');
INSERT INTO tracks (artist_id, album_id, release_id, number, title, length) VALUES (776, 492, 492, 2, 'O Come, All Ye FaithfulJoy to the World', '0:2:46');
INSERT INTO tracks (artist_id, album_id, release_id, number, title, length) VALUES (776, 492, 492, 3, 'Hark! The Herald Angels Sing', '0:2:35');
INSERT INTO tracks (artist_id, album_id, release_id, number, title, length) VALUES (776, 492, 492, 4, 'O Holy Night', '0:2:59');
INSERT INTO tracks (artist_id, album_id, release_id, number, title, length) VALUES (776, 492, 492, 5, 'O Little Town of BethlehemIt Came Upon the Midnight Clear', '0:3:10');
INSERT INTO tracks (artist_id, album_id, release_id, number, title, length) VALUES (776, 492, 492, 6, 'The Holly and the Ivy', '0:1:59');
INSERT INTO tracks (artist_id, album_id, release_id, number, title, length) VALUES (776, 492, 492, 7, 'Silent Night', '0:2:52');
INSERT INTO tracks (artist_id, album_id, release_id, number, title, length) VALUES (776, 492, 492, 8, 'Angels We Have Heard on High', '0:2:43');
INSERT INTO tracks (artist_id, album_id, release_id, number, title, length) VALUES (776, 492, 492, 9, 'Good King Wenceslas', '0:1:19');
INSERT INTO tracks (artist_id, album_id, release_id, number, title, length) VALUES (776, 492, 492, 10, 'Coventry Carol', '0:2:20');
INSERT INTO tracks (artist_id, album_id, release_id, number, title, length) VALUES (776, 492, 492, 11, 'O Come, O Come, EmmanuelI Wonder as I Wander', '0:2:21');
INSERT INTO tracks (artist_id, album_id, release_id, number, title, length) VALUES (776, 492, 492, 12, 'What Child is This', '0:2:39');
INSERT INTO tracks (artist_id, album_id, release_id, number, title, length) VALUES (776, 492, 492, 13, 'The First Noel', '0:2:43');
INSERT INTO tracks (artist_id, album_id, release_id, number, title, length) VALUES (776, 492, 492, 14, 'Angels from the Realms of GloryAway in a MangerO Christmas TreeDeck the Halls', '0:5:8');
INSERT INTO tracks (artist_id, album_id, release_id, number, title, length) VALUES (776, 492, 492, 15, 'Hallelujah Chorus', '0:4:7');
INSERT INTO albums (artist_id, title, year) VALUES (776, 'A Canadian Brass Christmas', '1985-01-01');
INSERT INTO releases (album_id, description, year) VALUES (493, 'Standard CD', '1985-01-01');
INSERT INTO tracks (artist_id, album_id, release_id, number, title, length) VALUES (776, 493, 493, 1, 'Ding Dong! Merrily on High', '0:2:18');
INSERT INTO tracks (artist_id, album_id, release_id, number, title, length) VALUES (776, 493, 493, 2, 'God Rest You Merry, Gentlemen', '0:1:57');
INSERT INTO tracks (artist_id, album_id, release_id, number, title, length) VALUES (776, 493, 493, 3, 'Sussex Carol', '0:2:21');
INSERT INTO tracks (artist_id, album_id, release_id, number, title, length) VALUES (776, 493, 493, 4, 'Here We Come A-Wassailing', '0:2:18');
INSERT INTO tracks (artist_id, album_id, release_id, number, title, length) VALUES (776, 493, 493, 5, 'I Saw Three Ships', '0:1:54');
INSERT INTO tracks (artist_id, album_id, release_id, number, title, length) VALUES (776, 493, 493, 6, 'Good Christian Men Rejoice', '0:2:26');
INSERT INTO tracks (artist_id, album_id, release_id, number, title, length) VALUES (776, 493, 493, 7, 'Bring a Torch, Jeannette, Isabella', '0:2:26');
INSERT INTO tracks (artist_id, album_id, release_id, number, title, length) VALUES (776, 493, 493, 8, 'The Huron Carol', '0:3:9');
INSERT INTO tracks (artist_id, album_id, release_id, number, title, length) VALUES (776, 493, 493, 9, 'Have Yourself a Merry Little Christmas', '0:3:10');
INSERT INTO tracks (artist_id, album_id, release_id, number, title, length) VALUES (776, 493, 493, 10, 'Rudolph, the Red-Nosed Reindeer', '0:3:10');
INSERT INTO tracks (artist_id, album_id, release_id, number, title, length) VALUES (776, 493, 493, 11, 'The Little Drummer Boy', '0:3:12');
INSERT INTO tracks (artist_id, album_id, release_id, number, title, length) VALUES (776, 493, 493, 12, 'Silver Bells', '0:2:53');
INSERT INTO tracks (artist_id, album_id, release_id, number, title, length) VALUES (776, 493, 493, 13, 'White Christmas', '0:3:34');
INSERT INTO tracks (artist_id, album_id, release_id, number, title, length) VALUES (776, 493, 493, 14, 'The Christmas Song', '0:2:15');
INSERT INTO tracks (artist_id, album_id, release_id, number, title, length) VALUES (776, 493, 493, 15, 'Winter Wonderland', '0:3:12');
INSERT INTO tracks (artist_id, album_id, release_id, number, title, length) VALUES (776, 493, 493, 16, 'Go Tell It On the Mountain', '0:2:49');
INSERT INTO tracks (artist_id, album_id, release_id, number, title, length) VALUES (776, 493, 493, 17, 'Frosty The Snowman', '0:3:11');
INSERT INTO artists (name) VALUES ('Trans-Siberian Orchestra');
INSERT INTO albums (artist_id, title, year) VALUES (777, 'Christmas Eve And Other Stories', '1996-01-01');
INSERT INTO releases (album_id, description, year) VALUES (494, 'Standard CD', '1996-01-01');
INSERT INTO tracks (artist_id, album_id, release_id, number, title, length) VALUES (777, 494, 494, 1, 'An Angel Came Down', '0:3:51');
INSERT INTO tracks (artist_id, album_id, release_id, number, title, length) VALUES (777, 494, 494, 2, 'O'' Come All Ye Faithful, O'' Holy Night', '0:4:19');
INSERT INTO tracks (artist_id, album_id, release_id, number, title, length) VALUES (777, 494, 494, 3, 'A Star To Follow', '0:3:49');
INSERT INTO tracks (artist_id, album_id, release_id, number, title, length) VALUES (777, 494, 494, 4, 'First Snow', '0:3:52');
INSERT INTO tracks (artist_id, album_id, release_id, number, title, length) VALUES (777, 494, 494, 5, 'The Silent Nutcracker', '0:2:22');
INSERT INTO tracks (artist_id, album_id, release_id, number, title, length) VALUES (777, 494, 494, 6, 'A Mad Russian''s Christmas', '0:4:42');
INSERT INTO tracks (artist_id, album_id, release_id, number, title, length) VALUES (777, 494, 494, 7, 'The Prince Of Peace', '0:3:32');
INSERT INTO tracks (artist_id, album_id, release_id, number, title, length) VALUES (777, 494, 494, 8, 'Christmas Eve, Sarajevo 1224', '0:3:25');
INSERT INTO tracks (artist_id, album_id, release_id, number, title, length) VALUES (777, 494, 494, 9, 'Good King Joy', '0:6:35');
INSERT INTO tracks (artist_id, album_id, release_id, number, title, length) VALUES (777, 494, 494, 10, 'Ornament', '0:3:37');
INSERT INTO tracks (artist_id, album_id, release_id, number, title, length) VALUES (777, 494, 494, 11, 'The First Noel', '0:0:54');
INSERT INTO tracks (artist_id, album_id, release_id, number, title, length) VALUES (777, 494, 494, 12, 'Old City Bar', '0:6:17');
INSERT INTO tracks (artist_id, album_id, release_id, number, title, length) VALUES (777, 494, 494, 13, 'Promises To Keep', '0:2:41');
INSERT INTO tracks (artist_id, album_id, release_id, number, title, length) VALUES (777, 494, 494, 14, 'This Christmas Day', '0:4:20');
INSERT INTO tracks (artist_id, album_id, release_id, number, title, length) VALUES (777, 494, 494, 15, 'An Angel Returned', '0:3:52');
INSERT INTO tracks (artist_id, album_id, release_id, number, title, length) VALUES (777, 494, 494, 16, 'O'' Holy Night', '0:2:39');
INSERT INTO tracks (artist_id, album_id, release_id, number, title, length) VALUES (777, 494, 494, 17, 'God Rest Ye Merry Gentlemen', '0:1:16');
INSERT INTO albums (artist_id, title, year) VALUES (572, 'Mantovani''s Christmas Favorites', '1994-01-01');
INSERT INTO releases (album_id, description, year) VALUES (495, 'Standard CD', '1994-01-01');
INSERT INTO tracks (artist_id, album_id, release_id, number, title, length) VALUES (572, 495, 495, 1, 'God Rest Ye Merry Gentlemen', '0:0:55');
INSERT INTO tracks (artist_id, album_id, release_id, number, title, length) VALUES (572, 495, 495, 2, 'Canticle Noel', '0:2:3');
INSERT INTO tracks (artist_id, album_id, release_id, number, title, length) VALUES (572, 495, 495, 3, 'The Christmas Song', '0:0:29');
INSERT INTO tracks (artist_id, album_id, release_id, number, title, length) VALUES (572, 495, 495, 4, 'Greensleeves', '0:1:8');
INSERT INTO tracks (artist_id, album_id, release_id, number, title, length) VALUES (572, 495, 495, 5, 'Jesu, Joy of Man''s Desiring', '0:1:15');
INSERT INTO tracks (artist_id, album_id, release_id, number, title, length) VALUES (572, 495, 495, 6, 'O''Tannenbaum', '0:0:59');
INSERT INTO tracks (artist_id, album_id, release_id, number, title, length) VALUES (572, 495, 495, 7, 'Hark! The Herald Angles Sing', '0:3:0');
INSERT INTO tracks (artist_id, album_id, release_id, number, title, length) VALUES (572, 495, 495, 8, 'The Little Drummer Boy', '0:3:20');
INSERT INTO tracks (artist_id, album_id, release_id, number, title, length) VALUES (572, 495, 495, 9, 'Panis Angelicus', '0:3:34');
INSERT INTO tracks (artist_id, album_id, release_id, number, title, length) VALUES (572, 495, 495, 10, 'The Holly and the Ivy', '0:4:37');
INSERT INTO tracks (artist_id, album_id, release_id, number, title, length) VALUES (572, 495, 495, 11, 'Silent Night', '0:16:0');
INSERT INTO tracks (artist_id, album_id, release_id, number, title, length) VALUES (572, 495, 495, 12, 'Sleigh Ride', '0:2:39');
INSERT INTO tracks (artist_id, album_id, release_id, number, title, length) VALUES (572, 495, 495, 13, 'Jingle Bells', '0:0:38');
INSERT INTO tracks (artist_id, album_id, release_id, number, title, length) VALUES (572, 495, 495, 14, 'Let it Snow', '0:1:12');
INSERT INTO tracks (artist_id, album_id, release_id, number, title, length) VALUES (572, 495, 495, 15, 'Sleeping Beauty (Waltz)', '0:1:28');
INSERT INTO tracks (artist_id, album_id, release_id, number, title, length) VALUES (572, 495, 495, 16, 'Ding Dong Merrily on High', '0:0:45');
INSERT INTO tracks (artist_id, album_id, release_id, number, title, length) VALUES (572, 495, 495, 17, 'Sleeping Beauty (Pas De Deux)', '0:0:58');
INSERT INTO tracks (artist_id, album_id, release_id, number, title, length) VALUES (572, 495, 495, 18, 'Good King Wenceslas', '0:0:40');
INSERT INTO tracks (artist_id, album_id, release_id, number, title, length) VALUES (572, 495, 495, 19, 'Winter Wonderland', '0:0:47');
INSERT INTO tracks (artist_id, album_id, release_id, number, title, length) VALUES (572, 495, 495, 20, 'Santa Claus is Coming to Town', '0:3:6');
INSERT INTO tracks (artist_id, album_id, release_id, number, title, length) VALUES (572, 495, 495, 21, 'Rudolph the Red-Nosed Reindeer', '0:2:54');
INSERT INTO artists (name) VALUES ('Barbra Streisand');
INSERT INTO albums (artist_id, title, year) VALUES (778, 'A Christmas Album', '1967-01-01');
INSERT INTO releases (album_id, description, year) VALUES (496, 'Standard CD', '1967-01-01');
INSERT INTO tracks (artist_id, album_id, release_id, number, title, length) VALUES (778, 496, 496, 1, 'Jingle Bells', '0:1:57');
INSERT INTO tracks (artist_id, album_id, release_id, number, title, length) VALUES (778, 496, 496, 2, 'Have Yourself a Merry Little Christmas', '0:3:13');
INSERT INTO tracks (artist_id, album_id, release_id, number, title, length) VALUES (778, 496, 496, 3, 'The Christmas Song', '0:4:0');
INSERT INTO tracks (artist_id, album_id, release_id, number, title, length) VALUES (778, 496, 496, 4, 'White Christmas', '0:3:8');
INSERT INTO tracks (artist_id, album_id, release_id, number, title, length) VALUES (778, 496, 496, 5, 'My Favorite Things', '0:3:9');
INSERT INTO tracks (artist_id, album_id, release_id, number, title, length) VALUES (778, 496, 496, 6, 'The Best Gift', '0:3:14');
INSERT INTO tracks (artist_id, album_id, release_id, number, title, length) VALUES (778, 496, 496, 7, 'Sleep in Heavenly Peace (Silent Night)', '0:3:7');
INSERT INTO tracks (artist_id, album_id, release_id, number, title, length) VALUES (778, 496, 496, 8, 'Ave Maria', '0:3:26');
INSERT INTO tracks (artist_id, album_id, release_id, number, title, length) VALUES (778, 496, 496, 9, 'O Little Town of Bethlehem', '0:2:58');
INSERT INTO tracks (artist_id, album_id, release_id, number, title, length) VALUES (778, 496, 496, 10, 'I Wonder as I Wander', '0:3:18');
INSERT INTO tracks (artist_id, album_id, release_id, number, title, length) VALUES (778, 496, 496, 11, 'The Lord''s Prayer', '0:2:43');
INSERT INTO artists (name) VALUES ('Mannheim Steamroller');
INSERT INTO albums (artist_id, title, year) VALUES (779, 'A Fresh Aire Christmas', '1988-01-01');
INSERT INTO releases (album_id, description, year) VALUES (497, 'Standard CD', '1988-01-01');
INSERT INTO tracks (artist_id, album_id, release_id, number, title, length) VALUES (779, 497, 497, 1, 'Hark! The Herald Trumpets Sing', '0:1:26');
INSERT INTO tracks (artist_id, album_id, release_id, number, title, length) VALUES (779, 497, 497, 2, 'Hark! The Herald Angels Sing', '0:3:32');
INSERT INTO tracks (artist_id, album_id, release_id, number, title, length) VALUES (779, 497, 497, 3, 'Veni Veni (O Come O Come Emanuel)', '0:4:16');
INSERT INTO tracks (artist_id, album_id, release_id, number, title, length) VALUES (779, 497, 497, 4, 'The Holly and the Ivy', '0:3:1');
INSERT INTO tracks (artist_id, album_id, release_id, number, title, length) VALUES (779, 497, 497, 5, 'Little Drummer Boy', '0:4:12');
INSERT INTO tracks (artist_id, album_id, release_id, number, title, length) VALUES (779, 497, 497, 6, 'Still, Still, Still', '0:3:42');
INSERT INTO tracks (artist_id, album_id, release_id, number, title, length) VALUES (779, 497, 497, 7, 'Lo How a Rose E''er Blooming', '0:2:26');
INSERT INTO tracks (artist_id, album_id, release_id, number, title, length) VALUES (779, 497, 497, 8, 'In dulci Jubilo', '0:2:46');
INSERT INTO tracks (artist_id, album_id, release_id, number, title, length) VALUES (779, 497, 497, 9, 'Greensleeves', '0:3:29');
INSERT INTO tracks (artist_id, album_id, release_id, number, title, length) VALUES (779, 497, 497, 10, 'Carol of the Bells', '0:3:54');
INSERT INTO tracks (artist_id, album_id, release_id, number, title, length) VALUES (779, 497, 497, 11, 'Traditions of Christmas', '0:3:36');
INSERT INTO tracks (artist_id, album_id, release_id, number, title, length) VALUES (779, 497, 497, 12, 'Cantique de Noel (O Holy Night)', '0:5:21');
INSERT INTO albums (artist_id, title, year) VALUES (779, 'Christmas Extraordinaire', '2001-01-01');
INSERT INTO releases (album_id, description, year) VALUES (498, 'Standard CD', '2001-01-01');
INSERT INTO tracks (artist_id, album_id, release_id, number, title, length) VALUES (779, 498, 498, 1, 'Hallelujah', '0:4:43');
INSERT INTO tracks (artist_id, album_id, release_id, number, title, length) VALUES (779, 498, 498, 2, 'White Christmas', '0:3:35');
INSERT INTO tracks (artist_id, album_id, release_id, number, title, length) VALUES (779, 498, 498, 3, 'Away In A Manger', '0:3:23');
INSERT INTO tracks (artist_id, album_id, release_id, number, title, length) VALUES (779, 498, 498, 4, 'Faeries', '0:2:29');
INSERT INTO tracks (artist_id, album_id, release_id, number, title, length) VALUES (779, 498, 498, 5, 'Do You Hear What I Hear', '0:4:6');
INSERT INTO tracks (artist_id, album_id, release_id, number, title, length) VALUES (779, 498, 498, 6, 'The First Noel', '0:3:38');
INSERT INTO tracks (artist_id, album_id, release_id, number, title, length) VALUES (779, 498, 498, 7, 'Silver Bells', '0:4:28');
INSERT INTO tracks (artist_id, album_id, release_id, number, title, length) VALUES (779, 498, 498, 8, 'Fum, Fum, Fum', '0:4:51');
INSERT INTO tracks (artist_id, album_id, release_id, number, title, length) VALUES (779, 498, 498, 9, 'Some Children See Him', '0:3:34');
INSERT INTO tracks (artist_id, album_id, release_id, number, title, length) VALUES (779, 498, 498, 10, 'Winter Wonderland', '0:3:42');
INSERT INTO tracks (artist_id, album_id, release_id, number, title, length) VALUES (779, 498, 498, 11, 'O Tannenbaum', '0:3:1');
INSERT INTO tracks (artist_id, album_id, release_id, number, title, length) VALUES (779, 498, 498, 12, 'Auld Lang Syne', '0:3:42');
INSERT INTO artists (name) VALUES ('Frank Sinatra');
INSERT INTO albums (artist_id, title, year) VALUES (780, 'Christmas Gift Collection', '1988-01-01');
INSERT INTO releases (album_id, description, year) VALUES (499, 'Standard CD', '1988-01-01');
INSERT INTO tracks (artist_id, album_id, release_id, number, title, length) VALUES (780, 499, 499, 1, 'White Christmas', '0:3:26');
INSERT INTO tracks (artist_id, album_id, release_id, number, title, length) VALUES (780, 499, 499, 2, 'O'' Little Town Of Bethlehem', '0:3:6');
INSERT INTO tracks (artist_id, album_id, release_id, number, title, length) VALUES (780, 499, 499, 3, 'Adeste Fideles', '0:2:41');
INSERT INTO tracks (artist_id, album_id, release_id, number, title, length) VALUES (780, 499, 499, 4, 'It Came Upon A Midnight Clear', '0:3:30');
INSERT INTO tracks (artist_id, album_id, release_id, number, title, length) VALUES (780, 499, 499, 5, 'Santa Claus Is Coming To Town', '0:2:36');
INSERT INTO tracks (artist_id, album_id, release_id, number, title, length) VALUES (780, 499, 499, 6, 'Mistletoe And Holly', '0:1:55');
INSERT INTO tracks (artist_id, album_id, release_id, number, title, length) VALUES (780, 499, 499, 7, 'Jingle Bells', '0:2:36');
INSERT INTO tracks (artist_id, album_id, release_id, number, title, length) VALUES (780, 499, 499, 8, 'Silent Night', '0:3:17');
INSERT INTO tracks (artist_id, album_id, release_id, number, title, length) VALUES (780, 499, 499, 9, 'Christmas Dreaming', '0:3:1');
INSERT INTO tracks (artist_id, album_id, release_id, number, title, length) VALUES (780, 499, 499, 10, 'Have Yourself A Merry Little Christmas', '0:2:37');
INSERT INTO tracks (artist_id, album_id, release_id, number, title, length) VALUES (780, 499, 499, 11, 'Hark The Herald Angels Sing (with Bing Crosby)', '0:1:26');
INSERT INTO tracks (artist_id, album_id, release_id, number, title, length) VALUES (780, 499, 499, 12, 'The Christmas Song (with Bing Crosby)', '0:1:40');
INSERT INTO artists (name) VALUES ('Air Supply');
INSERT INTO albums (artist_id, title, year) VALUES (781, 'The Christmas Album', '1987-01-01');
INSERT INTO releases (album_id, description, year) VALUES (500, 'Standard CD', '1987-01-01');
INSERT INTO tracks (artist_id, album_id, release_id, number, title, length) VALUES (781, 500, 500, 1, 'White Christmas', '0:3:25');
INSERT INTO tracks (artist_id, album_id, release_id, number, title, length) VALUES (781, 500, 500, 2, 'The First Noel', '0:3:23');
INSERT INTO tracks (artist_id, album_id, release_id, number, title, length) VALUES (781, 500, 500, 3, 'The Little Drummer Boy', '0:3:7');
INSERT INTO tracks (artist_id, album_id, release_id, number, title, length) VALUES (781, 500, 500, 4, 'The Eyes Of A Child', '0:4:33');
INSERT INTO tracks (artist_id, album_id, release_id, number, title, length) VALUES (781, 500, 500, 5, 'Silent Night', '0:3:8');
INSERT INTO tracks (artist_id, album_id, release_id, number, title, length) VALUES (781, 500, 500, 6, 'The Christmas Song', '0:3:1');
INSERT INTO tracks (artist_id, album_id, release_id, number, title, length) VALUES (781, 500, 500, 7, 'Sleigh Ride', '0:2:23');
INSERT INTO tracks (artist_id, album_id, release_id, number, title, length) VALUES (781, 500, 500, 8, 'Love Is All', '0:4:33');
INSERT INTO tracks (artist_id, album_id, release_id, number, title, length) VALUES (781, 500, 500, 9, 'Winter Wonderland', '0:2:35');
INSERT INTO tracks (artist_id, album_id, release_id, number, title, length) VALUES (781, 500, 500, 10, 'O Come All Ye Faithful', '0:3:14');
INSERT INTO artists (name) VALUES ('Lee Jackson');
INSERT INTO albums (artist_id, title, year) VALUES (782, 'Duke Nukem 3D', '1996-01-01');
INSERT INTO releases (album_id, description, year) VALUES (501, 'Standard CD', '1996-01-01');
INSERT INTO tracks (artist_id, album_id, release_id, number, title, length) VALUES (782, 501, 501, 2, 'Grabbag (Duke Nukem 3D Theme Song)', '0:2:7');
INSERT INTO artists (name) VALUES ('Interplay');
INSERT INTO albums (artist_id, title, year) VALUES (783, 'Descent II The Infinite Abyss', '1996-01-01');
INSERT INTO releases (album_id, description, year) VALUES (502, 'Standard CD', '1996-01-01');
INSERT INTO tracks (artist_id, album_id, release_id, number, title, length) VALUES (783, 502, 502, 2, 'Title', '0:0:43');
INSERT INTO tracks (artist_id, album_id, release_id, number, title, length) VALUES (783, 502, 502, 3, 'Cold Reality (extended remix)', '0:4:58');
INSERT INTO tracks (artist_id, album_id, release_id, number, title, length) VALUES (783, 502, 502, 4, 'Crawl (extended remix)', '0:3:39');
INSERT INTO tracks (artist_id, album_id, release_id, number, title, length) VALUES (783, 502, 502, 5, 'Gunner Down (extended remix)', '0:3:32');
INSERT INTO tracks (artist_id, album_id, release_id, number, title, length) VALUES (783, 502, 502, 6, 'Ratzez (extended remix)', '0:2:17');
INSERT INTO tracks (artist_id, album_id, release_id, number, title, length) VALUES (783, 502, 502, 7, 'Techno Industry (extended remix)', '0:4:24');
INSERT INTO tracks (artist_id, album_id, release_id, number, title, length) VALUES (783, 502, 502, 8, 'Are You Descent (extended remix)', '0:3:38');
INSERT INTO tracks (artist_id, album_id, release_id, number, title, length) VALUES (783, 502, 502, 9, 'Robot Jungle (extended remix)', '0:4:30');
INSERT INTO albums (artist_id, title, year) VALUES (783, 'Descent II The Vertigo Series', '2001-01-01');
INSERT INTO releases (album_id, description, year) VALUES (503, 'Standard CD', '2001-01-01');
INSERT INTO tracks (artist_id, album_id, release_id, number, title, length) VALUES (783, 503, 503, 2, 'Crush (extended remix)', '0:4:36');
INSERT INTO tracks (artist_id, album_id, release_id, number, title, length) VALUES (783, 503, 503, 3, 'Glut (extended remix)', '0:2:9');
INSERT INTO tracks (artist_id, album_id, release_id, number, title, length) VALUES (783, 503, 503, 4, 'Haunted (extended remix)', '0:4:54');
INSERT INTO tracks (artist_id, album_id, release_id, number, title, length) VALUES (783, 503, 503, 5, 'New Song #1', '0:3:38');
INSERT INTO tracks (artist_id, album_id, release_id, number, title, length) VALUES (783, 503, 503, 6, 'Untitled (extended remix)', '0:3:51');
INSERT INTO tracks (artist_id, album_id, release_id, number, title, length) VALUES (783, 503, 503, 7, 'New Song #2', '0:4:19');
INSERT INTO tracks (artist_id, album_id, release_id, number, title, length) VALUES (783, 503, 503, 8, 'New Song #3', '0:3:18');
INSERT INTO albums (artist_id, title, year) VALUES (783, 'Descent II', '1998-01-01');
INSERT INTO releases (album_id, description, year) VALUES (504, 'Standard CD', '1998-01-01');
INSERT INTO tracks (artist_id, album_id, release_id, number, title, length) VALUES (783, 504, 504, 2, 'Descent', '0:0:46');
INSERT INTO tracks (artist_id, album_id, release_id, number, title, length) VALUES (783, 504, 504, 3, 'Cold Reality', '0:5:1');
INSERT INTO tracks (artist_id, album_id, release_id, number, title, length) VALUES (783, 504, 504, 4, 'Crawl', '0:3:42');
INSERT INTO tracks (artist_id, album_id, release_id, number, title, length) VALUES (783, 504, 504, 5, 'Gunner Down', '0:3:35');
INSERT INTO tracks (artist_id, album_id, release_id, number, title, length) VALUES (783, 504, 504, 6, 'Ratzez', '0:2:20');
INSERT INTO tracks (artist_id, album_id, release_id, number, title, length) VALUES (783, 504, 504, 7, 'Techno Industry', '0:4:27');
INSERT INTO tracks (artist_id, album_id, release_id, number, title, length) VALUES (783, 504, 504, 8, 'Are You Descent', '0:3:41');
INSERT INTO tracks (artist_id, album_id, release_id, number, title, length) VALUES (783, 504, 504, 9, 'Robot Jungle', '0:4:29');
INSERT INTO artists (name) VALUES ('Zipper Interactive');
INSERT INTO albums (artist_id, title, year) VALUES (784, 'Deathdrome', '1996-01-01');
INSERT INTO releases (album_id, description, year) VALUES (505, 'Standard CD', '1996-01-01');
INSERT INTO tracks (artist_id, album_id, release_id, number, title, length) VALUES (784, 505, 505, 2, 'Track 2', '0:0:40');
INSERT INTO tracks (artist_id, album_id, release_id, number, title, length) VALUES (784, 505, 505, 3, 'Track 3', '0:3:31');
INSERT INTO tracks (artist_id, album_id, release_id, number, title, length) VALUES (784, 505, 505, 4, 'Track 4', '0:3:27');
INSERT INTO tracks (artist_id, album_id, release_id, number, title, length) VALUES (784, 505, 505, 5, 'Track 5', '0:4:5');
INSERT INTO tracks (artist_id, album_id, release_id, number, title, length) VALUES (784, 505, 505, 6, 'Track 6', '0:3:44');
INSERT INTO tracks (artist_id, album_id, release_id, number, title, length) VALUES (784, 505, 505, 7, 'Track 7', '0:3:30');
INSERT INTO tracks (artist_id, album_id, release_id, number, title, length) VALUES (784, 505, 505, 8, 'Track 8', '0:3:35');
INSERT INTO tracks (artist_id, album_id, release_id, number, title, length) VALUES (784, 505, 505, 9, 'Track 9', '0:3:31');
INSERT INTO tracks (artist_id, album_id, release_id, number, title, length) VALUES (784, 505, 505, 10, 'Track 10', '0:2:58');
INSERT INTO tracks (artist_id, album_id, release_id, number, title, length) VALUES (784, 505, 505, 11, 'Track 11', '0:3:3');
INSERT INTO tracks (artist_id, album_id, release_id, number, title, length) VALUES (784, 505, 505, 12, 'Track 12', '0:3:15');
INSERT INTO tracks (artist_id, album_id, release_id, number, title, length) VALUES (784, 505, 505, 13, 'Track 13', '0:4:4');
INSERT INTO tracks (artist_id, album_id, release_id, number, title, length) VALUES (784, 505, 505, 14, 'Track 14', '0:3:26');
INSERT INTO tracks (artist_id, album_id, release_id, number, title, length) VALUES (784, 505, 505, 15, 'Track 15', '0:0:40');
INSERT INTO artists (name) VALUES ('Jeehun Hwang');
INSERT INTO albums (artist_id, title, year) VALUES (785, 'Quake Scourge of Armagon Soundtrack', '1997-01-01');
INSERT INTO releases (album_id, description, year) VALUES (506, 'Standard CD', '1997-01-01');
INSERT INTO tracks (artist_id, album_id, release_id, number, title, length) VALUES (785, 506, 506, 2, 'Music Track #1', '0:3:10');
INSERT INTO tracks (artist_id, album_id, release_id, number, title, length) VALUES (785, 506, 506, 3, 'Music Track #2', '0:3:11');
INSERT INTO tracks (artist_id, album_id, release_id, number, title, length) VALUES (785, 506, 506, 4, 'Music Track #3', '0:3:3');
INSERT INTO tracks (artist_id, album_id, release_id, number, title, length) VALUES (785, 506, 506, 5, 'Music Track #4', '0:3:12');
INSERT INTO tracks (artist_id, album_id, release_id, number, title, length) VALUES (785, 506, 506, 6, 'Music Track #5', '0:3:13');
INSERT INTO tracks (artist_id, album_id, release_id, number, title, length) VALUES (785, 506, 506, 7, 'Music Track #6', '0:3:6');
INSERT INTO tracks (artist_id, album_id, release_id, number, title, length) VALUES (785, 506, 506, 8, 'Music Track #7', '0:3:3');
INSERT INTO tracks (artist_id, album_id, release_id, number, title, length) VALUES (785, 506, 506, 9, 'Music Track #8', '0:3:3');
INSERT INTO albums (artist_id, title, year) VALUES (785, 'Quake Dissolution of Eternity Soundtrack', '1997-01-01');
INSERT INTO releases (album_id, description, year) VALUES (507, 'Standard CD', '1997-01-01');
INSERT INTO tracks (artist_id, album_id, release_id, number, title, length) VALUES (785, 507, 507, 2, 'Song 1', '0:3:12');
INSERT INTO tracks (artist_id, album_id, release_id, number, title, length) VALUES (785, 507, 507, 3, 'Song 2', '0:3:9');
INSERT INTO tracks (artist_id, album_id, release_id, number, title, length) VALUES (785, 507, 507, 4, 'Song 3', '0:3:6');
INSERT INTO tracks (artist_id, album_id, release_id, number, title, length) VALUES (785, 507, 507, 5, 'Song 4', '0:3:9');
INSERT INTO tracks (artist_id, album_id, release_id, number, title, length) VALUES (785, 507, 507, 6, 'Song 5', '0:3:17');
INSERT INTO tracks (artist_id, album_id, release_id, number, title, length) VALUES (785, 507, 507, 7, 'Song 6', '0:3:4');
INSERT INTO tracks (artist_id, album_id, release_id, number, title, length) VALUES (785, 507, 507, 8, 'Song 7', '0:3:6');
INSERT INTO tracks (artist_id, album_id, release_id, number, title, length) VALUES (785, 507, 507, 9, 'Song 8', '0:3:9');
INSERT INTO artists (name) VALUES ('Sonic Mayhem');
INSERT INTO albums (artist_id, title, year) VALUES (786, 'Quake II The Reckoning', '1998-01-01');
INSERT INTO releases (album_id, description, year) VALUES (508, 'Standard CD', '1998-01-01');
INSERT INTO tracks (artist_id, album_id, release_id, number, title, length) VALUES (786, 508, 508, 2, 'Descent into Cerberon', '0:2:37');
INSERT INTO tracks (artist_id, album_id, release_id, number, title, length) VALUES (786, 508, 508, 3, 'Gravity Well', '0:2:35');
INSERT INTO tracks (artist_id, album_id, release_id, number, title, length) VALUES (786, 508, 508, 4, 'Counter Attack', '0:3:12');
INSERT INTO tracks (artist_id, album_id, release_id, number, title, length) VALUES (786, 508, 508, 5, 'Quad Machine', '0:3:37');
INSERT INTO tracks (artist_id, album_id, release_id, number, title, length) VALUES (786, 508, 508, 6, 'Stealth Frag', '0:2:59');
INSERT INTO tracks (artist_id, album_id, release_id, number, title, length) VALUES (786, 508, 508, 7, 'Operation Overlord', '0:3:30');
INSERT INTO tracks (artist_id, album_id, release_id, number, title, length) VALUES (786, 508, 508, 8, 'Crashed Up Again', '0:2:56');
INSERT INTO tracks (artist_id, album_id, release_id, number, title, length) VALUES (786, 508, 508, 9, 'Kill Ratio', '0:2:19');
INSERT INTO tracks (artist_id, album_id, release_id, number, title, length) VALUES (786, 508, 508, 10, 'Rage', '0:2:34');
INSERT INTO tracks (artist_id, album_id, release_id, number, title, length) VALUES (786, 508, 508, 11, 'Adrenaline Junkie', '0:2:52');
INSERT INTO albums (artist_id, title, year) VALUES (786, 'Quake II Ground Zero', '1998-01-01');
INSERT INTO releases (album_id, description, year) VALUES (509, 'Standard CD', '1998-01-01');
INSERT INTO tracks (artist_id, album_id, release_id, number, title, length) VALUES (786, 509, 509, 2, 'ETF', '0:2:56');
INSERT INTO tracks (artist_id, album_id, release_id, number, title, length) VALUES (786, 509, 509, 3, 'Gravity Well', '0:2:35');
INSERT INTO tracks (artist_id, album_id, release_id, number, title, length) VALUES (786, 509, 509, 4, 'Counter Attack', '0:3:13');
INSERT INTO tracks (artist_id, album_id, release_id, number, title, length) VALUES (786, 509, 509, 5, 'One Bloodbath', '0:2:57');
INSERT INTO tracks (artist_id, album_id, release_id, number, title, length) VALUES (786, 509, 509, 6, 'Stealth Frag', '0:2:59');
INSERT INTO tracks (artist_id, album_id, release_id, number, title, length) VALUES (786, 509, 509, 7, 'Complex 13', '0:2:58');
INSERT INTO tracks (artist_id, album_id, release_id, number, title, length) VALUES (786, 509, 509, 8, 'Adrenaline Junkie', '0:2:54');
INSERT INTO tracks (artist_id, album_id, release_id, number, title, length) VALUES (786, 509, 509, 9, 'Pressure Point', '0:3:5');
INSERT INTO tracks (artist_id, album_id, release_id, number, title, length) VALUES (786, 509, 509, 10, 'Pressure Point II', '0:2:28');
INSERT INTO tracks (artist_id, album_id, release_id, number, title, length) VALUES (786, 509, 509, 11, 'Ground Zero', '0:4:34');
INSERT INTO albums (artist_id, title, year) VALUES (786, 'Quake II Soundtrack', '1997-01-01');
INSERT INTO releases (album_id, description, year) VALUES (510, 'Standard CD', '1997-01-01');
INSERT INTO tracks (artist_id, album_id, release_id, number, title, length) VALUES (786, 510, 510, 2, 'Operation Overlord', '0:3:30');
INSERT INTO tracks (artist_id, album_id, release_id, number, title, length) VALUES (786, 510, 510, 3, 'Rage', '0:2:19');
INSERT INTO tracks (artist_id, album_id, release_id, number, title, length) VALUES (786, 510, 510, 4, 'Kill Ratio', '0:2:34');
INSERT INTO tracks (artist_id, album_id, release_id, number, title, length) VALUES (786, 510, 510, 5, 'March Of The Stoggs', '0:2:53');
INSERT INTO tracks (artist_id, album_id, release_id, number, title, length) VALUES (786, 510, 510, 6, 'The Underworld', '0:2:36');
INSERT INTO tracks (artist_id, album_id, release_id, number, title, length) VALUES (786, 510, 510, 7, 'Quad Machine', '0:3:37');
INSERT INTO tracks (artist_id, album_id, release_id, number, title, length) VALUES (786, 510, 510, 8, 'Big Gun', '0:3:6');
INSERT INTO tracks (artist_id, album_id, release_id, number, title, length) VALUES (786, 510, 510, 9, 'Descent Into Cerberon', '0:2:37');
INSERT INTO tracks (artist_id, album_id, release_id, number, title, length) VALUES (786, 510, 510, 10, 'Climb', '0:2:2');
INSERT INTO tracks (artist_id, album_id, release_id, number, title, length) VALUES (786, 510, 510, 11, 'Showdown', '0:2:1');
INSERT INTO artists (name) VALUES ('Nobuo Uematsu');
INSERT INTO albums (artist_id, title, year) VALUES (787, 'The Last Story Soundtrack', '2012-01-01');
INSERT INTO releases (album_id, description, year) VALUES (511, 'Standard CD', '2012-01-01');
INSERT INTO tracks (artist_id, album_id, release_id, number, title, length) VALUES (787, 511, 511, 1, 'Theme of The Last Story', '0:4:55');
INSERT INTO tracks (artist_id, album_id, release_id, number, title, length) VALUES (787, 511, 511, 2, 'Chitsujo to Konton to', '0:2:10');
INSERT INTO tracks (artist_id, album_id, release_id, number, title, length) VALUES (787, 511, 511, 3, 'Yorokobi no koe ga kikoeru', '0:2:45');
INSERT INTO tracks (artist_id, album_id, release_id, number, title, length) VALUES (787, 511, 511, 4, 'Machi no neiro', '0:3:28');
INSERT INTO tracks (artist_id, album_id, release_id, number, title, length) VALUES (787, 511, 511, 5, 'The Last Story - Kizuna', '0:3:33');
INSERT INTO tracks (artist_id, album_id, release_id, number, title, length) VALUES (787, 511, 511, 6, 'Jyajuu', '0:2:51');
INSERT INTO tracks (artist_id, album_id, release_id, number, title, length) VALUES (787, 511, 511, 7, 'Toberumono', '0:5:7');
INSERT INTO artists (name) VALUES ('Capcom');
INSERT INTO albums (artist_id, title, year) VALUES (788, 'Megaman 8 Anniversary', '1900-01-01');
INSERT INTO releases (album_id, description, year) VALUES (512, 'Standard CD', '1900-01-01');
INSERT INTO tracks (artist_id, album_id, release_id, number, title, length) VALUES (788, 512, 512, 2, 'Ending', '0:4:24');
INSERT INTO artists (name) VALUES ('Kelly Bailey');
INSERT INTO albums (artist_id, title, year) VALUES (789, 'Half-Life', '1999-01-01');
INSERT INTO releases (album_id, description, year) VALUES (513, 'Standard CD', '1999-01-01');
INSERT INTO tracks (artist_id, album_id, release_id, number, title, length) VALUES (789, 513, 513, 2, 'Adrenaline Horror', '0:2:11');
INSERT INTO tracks (artist_id, album_id, release_id, number, title, length) VALUES (789, 513, 513, 3, 'Vague Voices', '0:2:13');
INSERT INTO tracks (artist_id, album_id, release_id, number, title, length) VALUES (789, 513, 513, 4, 'Klaxon Beat', '0:1:2');
INSERT INTO tracks (artist_id, album_id, release_id, number, title, length) VALUES (789, 513, 513, 5, 'Space Ocean', '0:1:38');
INSERT INTO tracks (artist_id, album_id, release_id, number, title, length) VALUES (789, 513, 513, 6, 'Cavern Ambience', '0:1:41');
INSERT INTO tracks (artist_id, album_id, release_id, number, title, length) VALUES (789, 513, 513, 7, 'Apprehensive Short', '0:0:25');
INSERT INTO tracks (artist_id, album_id, release_id, number, title, length) VALUES (789, 513, 513, 8, 'Bass String Short', '0:0:10');
INSERT INTO tracks (artist_id, album_id, release_id, number, title, length) VALUES (789, 513, 513, 9, 'Hurricane Strings', '0:1:35');
INSERT INTO tracks (artist_id, album_id, release_id, number, title, length) VALUES (789, 513, 513, 10, 'Diabolical Adrenaline Guitar', '0:1:46');
INSERT INTO tracks (artist_id, album_id, release_id, number, title, length) VALUES (789, 513, 513, 11, 'Valve Theme [Long Version]', '0:1:24');
INSERT INTO tracks (artist_id, album_id, release_id, number, title, length) VALUES (789, 513, 513, 12, 'Nepal Monastery', '0:2:10');
INSERT INTO tracks (artist_id, album_id, release_id, number, title, length) VALUES (789, 513, 513, 13, 'Alien Shock', '0:0:38');
INSERT INTO tracks (artist_id, album_id, release_id, number, title, length) VALUES (789, 513, 513, 14, 'Sirens in The Distance', '0:1:14');
INSERT INTO tracks (artist_id, album_id, release_id, number, title, length) VALUES (789, 513, 513, 15, 'Nuclear Mission Jam', '0:2:2');
INSERT INTO tracks (artist_id, album_id, release_id, number, title, length) VALUES (789, 513, 513, 16, 'Scared Confusion Short', '0:0:18');
INSERT INTO tracks (artist_id, album_id, release_id, number, title, length) VALUES (789, 513, 513, 17, 'Drums And Riffs', '0:2:5');
INSERT INTO tracks (artist_id, album_id, release_id, number, title, length) VALUES (789, 513, 513, 18, 'Hard Technology Rock', '0:1:42');
INSERT INTO tracks (artist_id, album_id, release_id, number, title, length) VALUES (789, 513, 513, 19, 'Steam in The Pipes', '0:1:57');
INSERT INTO tracks (artist_id, album_id, release_id, number, title, length) VALUES (789, 513, 513, 20, 'Electric Guitar Ambience', '0:1:26');
INSERT INTO tracks (artist_id, album_id, release_id, number, title, length) VALUES (789, 513, 513, 21, 'Dimensionless Deepness', '0:1:26');
INSERT INTO tracks (artist_id, album_id, release_id, number, title, length) VALUES (789, 513, 513, 22, 'Military Precision', '0:1:22');
INSERT INTO tracks (artist_id, album_id, release_id, number, title, length) VALUES (789, 513, 513, 23, 'Jungle Drums', '0:1:51');
INSERT INTO tracks (artist_id, album_id, release_id, number, title, length) VALUES (789, 513, 513, 24, 'Traveling Through Limbo', '0:1:19');
INSERT INTO tracks (artist_id, album_id, release_id, number, title, length) VALUES (789, 513, 513, 25, 'Closing Theme', '0:1:41');
INSERT INTO tracks (artist_id, album_id, release_id, number, title, length) VALUES (789, 513, 513, 26, 'Threatening Short', '0:0:39');
INSERT INTO tracks (artist_id, album_id, release_id, number, title, length) VALUES (789, 513, 513, 27, 'Dark Piano Short', '0:0:19');
INSERT INTO tracks (artist_id, album_id, release_id, number, title, length) VALUES (789, 513, 513, 28, 'Sharp Fear Short', '0:0:6');
INSERT INTO artists (name) VALUES ('Chris Jensen');
INSERT INTO albums (artist_id, title, year) VALUES (790, 'Half-Life Opposing Force', '1999-01-01');
INSERT INTO releases (album_id, description, year) VALUES (514, 'Standard CD', '1999-01-01');
INSERT INTO tracks (artist_id, album_id, release_id, number, title, length) VALUES (790, 514, 514, 2, 'Scientific Proof', '0:0:17');
INSERT INTO tracks (artist_id, album_id, release_id, number, title, length) VALUES (790, 514, 514, 3, 'The Awakening (Orbit)', '0:1:11');
INSERT INTO tracks (artist_id, album_id, release_id, number, title, length) VALUES (790, 514, 514, 4, 'Name', '0:1:53');
INSERT INTO tracks (artist_id, album_id, release_id, number, title, length) VALUES (790, 514, 514, 5, 'Spooky Oozings (Listen)', '0:0:17');
INSERT INTO tracks (artist_id, album_id, release_id, number, title, length) VALUES (790, 514, 514, 6, 'Spooky Monestary', '0:1:2');
INSERT INTO tracks (artist_id, album_id, release_id, number, title, length) VALUES (790, 514, 514, 7, 'Storm', '0:1:38');
INSERT INTO tracks (artist_id, album_id, release_id, number, title, length) VALUES (790, 514, 514, 8, 'Spectre of Limbo (Trample)', '0:1:19');
INSERT INTO tracks (artist_id, album_id, release_id, number, title, length) VALUES (790, 514, 514, 9, 'Race from Doom 2 (Bust)', '0:1:48');
INSERT INTO tracks (artist_id, album_id, release_id, number, title, length) VALUES (790, 514, 514, 10, 'Temple of Limbo (The Beginning)', '0:2:7');
INSERT INTO tracks (artist_id, album_id, release_id, number, title, length) VALUES (790, 514, 514, 11, 'Wastes of Limbo (Lost in Thought)', '0:1:21');
INSERT INTO tracks (artist_id, album_id, release_id, number, title, length) VALUES (790, 514, 514, 12, 'Danger Rises', '0:1:16');
INSERT INTO tracks (artist_id, album_id, release_id, number, title, length) VALUES (790, 514, 514, 13, 'Soothing Antagonist', '0:1:27');
INSERT INTO tracks (artist_id, album_id, release_id, number, title, length) VALUES (790, 514, 514, 14, 'Stoke of Midnight (Run)', '0:0:53');
INSERT INTO tracks (artist_id, album_id, release_id, number, title, length) VALUES (790, 514, 514, 15, 'Open the Valve', '0:1:24');
INSERT INTO tracks (artist_id, album_id, release_id, number, title, length) VALUES (790, 514, 514, 16, 'Tunnel', '0:1:26');
INSERT INTO tracks (artist_id, album_id, release_id, number, title, length) VALUES (790, 514, 514, 17, 'The Ticking Timebomb (Chamber)', '0:1:59');
INSERT INTO tracks (artist_id, album_id, release_id, number, title, length) VALUES (790, 514, 514, 18, 'Maze', '0:0:59');
INSERT INTO tracks (artist_id, album_id, release_id, number, title, length) VALUES (790, 514, 514, 19, 'Untitled', '0:2:4');
INSERT INTO tracks (artist_id, album_id, release_id, number, title, length) VALUES (790, 514, 514, 20, 'Planet', '0:1:31');
INSERT INTO artists (name) VALUES ('Bob James and David Sanborn');
INSERT INTO albums (artist_id, title, year) VALUES (791, 'Double Vision', '1986-01-01');
INSERT INTO releases (album_id, description, year) VALUES (515, 'Standard CD', '1986-01-01');
INSERT INTO tracks (artist_id, album_id, release_id, number, title, length) VALUES (791, 515, 515, 1, 'Maputo', '0:6:50');
INSERT INTO tracks (artist_id, album_id, release_id, number, title, length) VALUES (791, 515, 515, 2, 'More Than Friends', '0:6:17');
INSERT INTO tracks (artist_id, album_id, release_id, number, title, length) VALUES (791, 515, 515, 3, 'Moon Tune', '0:7:6');
INSERT INTO tracks (artist_id, album_id, release_id, number, title, length) VALUES (791, 515, 515, 4, 'Since I Fell For You', '0:5:51');
INSERT INTO tracks (artist_id, album_id, release_id, number, title, length) VALUES (791, 515, 515, 5, 'It''s You', '0:5:15');
INSERT INTO tracks (artist_id, album_id, release_id, number, title, length) VALUES (791, 515, 515, 6, 'Never Enough', '0:6:29');
INSERT INTO tracks (artist_id, album_id, release_id, number, title, length) VALUES (791, 515, 515, 7, 'You Don''t Know Me', '0:5:37');
INSERT INTO artists (name) VALUES ('Hoodlum Priest');
INSERT INTO albums (artist_id, title, year) VALUES (792, 'Hoodlum Priest', '1998-01-01');
INSERT INTO releases (album_id, description, year) VALUES (516, 'Standard CD', '1998-01-01');
INSERT INTO tracks (artist_id, album_id, release_id, number, title, length) VALUES (792, 516, 516, 1, 'Can You Feel This', '0:4:0');
INSERT INTO tracks (artist_id, album_id, release_id, number, title, length) VALUES (792, 516, 516, 2, 'Naked Time', '0:6:12');
INSERT INTO tracks (artist_id, album_id, release_id, number, title, length) VALUES (792, 516, 516, 3, 'You Know Who I Am', '0:10:56');
INSERT INTO tracks (artist_id, album_id, release_id, number, title, length) VALUES (792, 516, 516, 4, 'No Fear', '0:4:33');
INSERT INTO tracks (artist_id, album_id, release_id, number, title, length) VALUES (792, 516, 516, 5, 'Slow And Low', '0:4:7');
INSERT INTO tracks (artist_id, album_id, release_id, number, title, length) VALUES (792, 516, 516, 6, 'Gas', '0:5:14');
INSERT INTO tracks (artist_id, album_id, release_id, number, title, length) VALUES (792, 516, 516, 7, 'Addicts', '0:6:20');
INSERT INTO tracks (artist_id, album_id, release_id, number, title, length) VALUES (792, 516, 516, 8, 'We Walk The Earth', '0:12:18');
INSERT INTO artists (name) VALUES ('My Sister''s Machine');
INSERT INTO albums (artist_id, title, year) VALUES (793, 'Wallflower', '1993-01-01');
INSERT INTO releases (album_id, description, year) VALUES (517, 'Standard CD', '1993-01-01');
INSERT INTO tracks (artist_id, album_id, release_id, number, title, length) VALUES (793, 517, 517, 1, 'Inside Of Me', '0:3:48');
INSERT INTO tracks (artist_id, album_id, release_id, number, title, length) VALUES (793, 517, 517, 2, 'Broken Land', '0:3:15');
INSERT INTO tracks (artist_id, album_id, release_id, number, title, length) VALUES (793, 517, 517, 3, 'This Is Fear', '0:3:33');
INSERT INTO tracks (artist_id, album_id, release_id, number, title, length) VALUES (793, 517, 517, 4, 'Steamy Swamp Thing', '0:5:22');
INSERT INTO tracks (artist_id, album_id, release_id, number, title, length) VALUES (793, 517, 517, 5, 'Feed', '0:3:33');
INSERT INTO tracks (artist_id, album_id, release_id, number, title, length) VALUES (793, 517, 517, 6, 'Empty Room', '0:5:8');
INSERT INTO tracks (artist_id, album_id, release_id, number, title, length) VALUES (793, 517, 517, 7, '16 Ways To Go', '0:3:1');
INSERT INTO tracks (artist_id, album_id, release_id, number, title, length) VALUES (793, 517, 517, 8, 'Enemy', '0:3:27');
INSERT INTO tracks (artist_id, album_id, release_id, number, title, length) VALUES (793, 517, 517, 9, 'I Slip Away', '0:3:18');
INSERT INTO tracks (artist_id, album_id, release_id, number, title, length) VALUES (793, 517, 517, 10, 'Burn', '0:3:37');
INSERT INTO tracks (artist_id, album_id, release_id, number, title, length) VALUES (793, 517, 517, 11, 'Mockingbird', '0:4:3');
INSERT INTO tracks (artist_id, album_id, release_id, number, title, length) VALUES (793, 517, 517, 12, 'Cracking New Ground', '0:4:31');
INSERT INTO albums (artist_id, title, year) VALUES (793, 'Diva', '1992-01-01');
INSERT INTO releases (album_id, description, year) VALUES (518, 'Standard CD', '1992-01-01');
INSERT INTO tracks (artist_id, album_id, release_id, number, title, length) VALUES (793, 518, 518, 1, 'Hands And Feet', '0:3:57');
INSERT INTO tracks (artist_id, album_id, release_id, number, title, length) VALUES (793, 518, 518, 2, 'Pain', '0:2:21');
INSERT INTO tracks (artist_id, album_id, release_id, number, title, length) VALUES (793, 518, 518, 3, 'I Hate You', '0:3:39');
INSERT INTO tracks (artist_id, album_id, release_id, number, title, length) VALUES (793, 518, 518, 4, 'Wasting Time', '0:5:8');
INSERT INTO tracks (artist_id, album_id, release_id, number, title, length) VALUES (793, 518, 518, 5, 'Love At High Speed', '0:4:21');
INSERT INTO tracks (artist_id, album_id, release_id, number, title, length) VALUES (793, 518, 518, 6, 'I''m Sorry', '0:3:28');
INSERT INTO tracks (artist_id, album_id, release_id, number, title, length) VALUES (793, 518, 518, 7, 'Walk All Over You', '0:3:48');
INSERT INTO tracks (artist_id, album_id, release_id, number, title, length) VALUES (793, 518, 518, 8, 'Sunday', '0:3:59');
INSERT INTO tracks (artist_id, album_id, release_id, number, title, length) VALUES (793, 518, 518, 9, 'Monster Box', '0:2:55');
INSERT INTO tracks (artist_id, album_id, release_id, number, title, length) VALUES (793, 518, 518, 10, 'Diva', '0:5:5');
INSERT INTO artists (name) VALUES ('W.A.S.P.');
INSERT INTO albums (artist_id, title, year) VALUES (794, 'First Blood. .Last Cuts', '1993-01-01');
INSERT INTO releases (album_id, description, year) VALUES (519, 'Standard CD', '1993-01-01');
INSERT INTO tracks (artist_id, album_id, release_id, number, title, length) VALUES (794, 519, 519, 1, 'Animal (Fuck Like A Beast)', '0:3:6');
INSERT INTO tracks (artist_id, album_id, release_id, number, title, length) VALUES (794, 519, 519, 2, 'L.O.V.E. Machine (Remix)', '0:3:53');
INSERT INTO tracks (artist_id, album_id, release_id, number, title, length) VALUES (794, 519, 519, 3, 'I Wanna Be Somebody (Remix)', '0:3:35');
INSERT INTO tracks (artist_id, album_id, release_id, number, title, length) VALUES (794, 519, 519, 4, 'On Your Knees', '0:3:47');
INSERT INTO tracks (artist_id, album_id, release_id, number, title, length) VALUES (794, 519, 519, 5, 'Blind In Texas (Remix)', '0:4:22');
INSERT INTO tracks (artist_id, album_id, release_id, number, title, length) VALUES (794, 519, 519, 6, 'Wild Child (Remix)', '0:5:9');
INSERT INTO tracks (artist_id, album_id, release_id, number, title, length) VALUES (794, 519, 519, 7, 'I Don''t Need No Doctor (Remix)', '0:3:27');
INSERT INTO tracks (artist_id, album_id, release_id, number, title, length) VALUES (794, 519, 519, 8, 'The Real Me', '0:3:20');
INSERT INTO tracks (artist_id, album_id, release_id, number, title, length) VALUES (794, 519, 519, 9, 'The Headless Children', '0:5:47');
INSERT INTO tracks (artist_id, album_id, release_id, number, title, length) VALUES (794, 519, 519, 10, 'Mean Man', '0:4:52');
INSERT INTO tracks (artist_id, album_id, release_id, number, title, length) VALUES (794, 519, 519, 11, 'Forever Free', '0:5:9');
INSERT INTO tracks (artist_id, album_id, release_id, number, title, length) VALUES (794, 519, 519, 12, 'Chainsaw Charlie', '0:7:50');
INSERT INTO tracks (artist_id, album_id, release_id, number, title, length) VALUES (794, 519, 519, 13, 'The Idol', '0:8:41');
INSERT INTO tracks (artist_id, album_id, release_id, number, title, length) VALUES (794, 519, 519, 14, 'Sunset And Babylon', '0:3:33');
INSERT INTO tracks (artist_id, album_id, release_id, number, title, length) VALUES (794, 519, 519, 15, 'Hold On To My Heart', '0:4:24');
INSERT INTO tracks (artist_id, album_id, release_id, number, title, length) VALUES (794, 519, 519, 16, 'Rock And Roll To Death', '0:3:46');
INSERT INTO artists (name) VALUES ('Whitesnake');
INSERT INTO albums (artist_id, title, year) VALUES (795, 'Whitesnake', '1987-01-01');
INSERT INTO releases (album_id, description, year) VALUES (520, 'Standard CD', '1987-01-01');
INSERT INTO tracks (artist_id, album_id, release_id, number, title, length) VALUES (795, 520, 520, 1, 'Crying In The Rain', '0:5:35');
INSERT INTO tracks (artist_id, album_id, release_id, number, title, length) VALUES (795, 520, 520, 2, 'Bad Boys', '0:4:7');
INSERT INTO tracks (artist_id, album_id, release_id, number, title, length) VALUES (795, 520, 520, 3, 'Still Of The Night', '0:6:40');
INSERT INTO tracks (artist_id, album_id, release_id, number, title, length) VALUES (795, 520, 520, 4, 'Here I Go Again', '0:4:35');
INSERT INTO tracks (artist_id, album_id, release_id, number, title, length) VALUES (795, 520, 520, 5, 'Give Me All Your Love', '0:3:29');
INSERT INTO tracks (artist_id, album_id, release_id, number, title, length) VALUES (795, 520, 520, 6, 'Is This Love', '0:4:44');
INSERT INTO tracks (artist_id, album_id, release_id, number, title, length) VALUES (795, 520, 520, 7, 'Children Of The Night', '0:4:23');
INSERT INTO tracks (artist_id, album_id, release_id, number, title, length) VALUES (795, 520, 520, 8, 'Straight For The Heart', '0:3:39');
INSERT INTO tracks (artist_id, album_id, release_id, number, title, length) VALUES (795, 520, 520, 9, 'Don''t Turn Away', '0:4:55');
INSERT INTO artists (name) VALUES ('Phobia');
INSERT INTO albums (artist_id, title, year) VALUES (796, 'Return to Desolation', '2001-01-01');
INSERT INTO releases (album_id, description, year) VALUES (521, 'Standard CD', '2001-01-01');
INSERT INTO tracks (artist_id, album_id, release_id, number, title, length) VALUES (796, 521, 521, 1, 'Degrading Humanity', '0:4:26');
INSERT INTO tracks (artist_id, album_id, release_id, number, title, length) VALUES (796, 521, 521, 2, 'Sickening Discretion', '0:2:50');
INSERT INTO tracks (artist_id, album_id, release_id, number, title, length) VALUES (796, 521, 521, 3, 'Depraved', '0:3:26');
INSERT INTO tracks (artist_id, album_id, release_id, number, title, length) VALUES (796, 521, 521, 4, 'Hitler Killa!', '0:0:54');
INSERT INTO tracks (artist_id, album_id, release_id, number, title, length) VALUES (796, 521, 521, 5, 'Emptiness', '0:2:9');
INSERT INTO tracks (artist_id, album_id, release_id, number, title, length) VALUES (796, 521, 521, 6, 'All That Remains', '0:2:48');
INSERT INTO tracks (artist_id, album_id, release_id, number, title, length) VALUES (796, 521, 521, 7, 'Chemical Fear', '0:4:3');
INSERT INTO tracks (artist_id, album_id, release_id, number, title, length) VALUES (796, 521, 521, 8, 'Internal Rot', '0:2:20');
INSERT INTO tracks (artist_id, album_id, release_id, number, title, length) VALUES (796, 521, 521, 9, 'Festering Instinct', '0:5:53');
INSERT INTO tracks (artist_id, album_id, release_id, number, title, length) VALUES (796, 521, 521, 10, 'Unchanged Mind', '0:4:2');
INSERT INTO tracks (artist_id, album_id, release_id, number, title, length) VALUES (796, 521, 521, 11, 'Degrading Humanity-Dead Nazis', '0:2:6');
INSERT INTO tracks (artist_id, album_id, release_id, number, title, length) VALUES (796, 521, 521, 12, 'Dead Nazis', '0:0:27');
INSERT INTO releases (album_id, description, year) VALUES (44, 'North American CD', '1992-01-01');
INSERT INTO tracks (artist_id, album_id, release_id, number, title, length) VALUES (3, 44, 522, 1, 'The Blade (Technohead)', '0:6:37');
INSERT INTO tracks (artist_id, album_id, release_id, number, title, length) VALUES (3, 44, 522, 2, 'The Blade (Blindfold)', '0:6:35');
INSERT INTO tracks (artist_id, album_id, release_id, number, title, length) VALUES (3, 44, 522, 3, 'Re-animate', '0:5:46');
INSERT INTO tracks (artist_id, album_id, release_id, number, title, length) VALUES (3, 44, 522, 4, 'Laughing Pain', '0:5:45');
